volym_id,titel,stand,ar_fran,ar_till,xml_url,pdf_url,metadata_url,period
rda_1521-1560___01,Om riksdagstrycket,adel,1521,1560,https://weburn.kb.se/riks/ståndsriksdagen/xml/rda_1521-1560__/rda_1521-1560___01.xml,https://weburn.kb.se/riks/ståndsriksdagen/pdf/rda_1521-1560__/rda_1521-1560___01.pdf,https://weburn.kb.se/riks/metadata/63/21799163.html,1521-1560
rda_1521-1560___02,Om riksdagstrycket,adel,1521,1560,https://weburn.kb.se/riks/ståndsriksdagen/xml/rda_1521-1560__/rda_1521-1560___02.xml,https://weburn.kb.se/riks/ståndsriksdagen/pdf/rda_1521-1560__/rda_1521-1560___02.pdf,https://weburn.kb.se/riks/metadata/64/21799164.html,1521-1560
rdbesl_1529-1698_bih_,Om riksdagstrycket,riksdagsbeslut,1529,1698,https://weburn.kb.se/riks/ståndsriksdagen/xml/rdbesl_1529-1698_bih_/rdbesl_1529-1698_bih_.xml,https://weburn.kb.se/riks/ståndsriksdagen/pdf/rdbesl_1529-1698_bih_/rdbesl_1529-1698_bih_.pdf,https://weburn.kb.se/riks/metadata/78/21799178.html,1529-1698
rda_1561-1592___01,Om riksdagstrycket,adel,1561,1592,https://weburn.kb.se/riks/ståndsriksdagen/xml/rda_1561-1592__/rda_1561-1592___01.xml,https://weburn.kb.se/riks/ståndsriksdagen/pdf/rda_1561-1592__/rda_1561-1592___01.pdf,https://weburn.kb.se/riks/metadata/65/21799165.html,1561-1592
rda_1561-1592___02,Om riksdagstrycket,adel,1561,1592,https://weburn.kb.se/riks/ståndsriksdagen/xml/rda_1561-1592__/rda_1561-1592___02.xml,https://weburn.kb.se/riks/ståndsriksdagen/pdf/rda_1561-1592__/rda_1561-1592___02.pdf,https://weburn.kb.se/riks/metadata/66/21799166.html,1561-1592
rda_1592-1597_3-1_,Om riksdagstrycket,adel,1592,1597,https://weburn.kb.se/riks/ståndsriksdagen/xml/rda_1592-1597_3-1_/rda_1592-1597_3-1_.xml,https://weburn.kb.se/riks/ståndsriksdagen/pdf/rda_1592-1597_3-1_/rda_1592-1597_3-1_.pdf,https://weburn.kb.se/riks/metadata/67/21799167.html,1592-1597
rda_1592-1597_3-2_,Om riksdagstrycket,adel,1592,1597,https://weburn.kb.se/riks/ståndsriksdagen/xml/rda_1592-1597_3-2_/rda_1592-1597_3-2_.xml,https://weburn.kb.se/riks/ståndsriksdagen/pdf/rda_1592-1597_3-2_/rda_1592-1597_3-2_.pdf,https://weburn.kb.se/riks/metadata/68/21799168.html,1592-1597
rda_1597-1598___01,Om riksdagstrycket,adel,1597,1598,https://weburn.kb.se/riks/ståndsriksdagen/xml/rda_1597-1598__/rda_1597-1598___01.xml,https://weburn.kb.se/riks/ståndsriksdagen/pdf/rda_1597-1598__/rda_1597-1598___01.pdf,https://weburn.kb.se/riks/metadata/71/21799171.html,1597-1598
rda_1611-1616__,Om riksdagstrycket,adel,1597,1598,https://weburn.kb.se/riks/ståndsriksdagen/xml/rda_1611-1616__/rda_1611-1616__.xml,https://weburn.kb.se/riks/ståndsriksdagen/pdf/rda_1611-1616__/rda_1611-1616__.pdf,https://weburn.kb.se/riks/metadata/71/21799171.html,1597-1598
rda_1597-1598___02,Om riksdagstrycket,adel,1597,1598,https://weburn.kb.se/riks/ståndsriksdagen/xml/rda_1597-1598__/rda_1597-1598___02.xml,https://weburn.kb.se/riks/ståndsriksdagen/pdf/rda_1597-1598__/rda_1597-1598___02.pdf,https://weburn.kb.se/riks/metadata/69/21799169.html,1597-1598
bn_1600-1697_reg_,Om riksdagstrycket,bonder,1600,1697,https://weburn.kb.se/riks/ståndsriksdagen/xml/bn_1600-1697_reg_/bn_1600-1697_reg_.xml,https://weburn.kb.se/riks/ståndsriksdagen/pdf/bn_1600-1697_reg_/bn_1600-1697_reg_.pdf,https://weburn.kb.se/riks/metadata/06/21798706.html,1600-1697
rda_1617_1_,Om riksdagstrycket,adel,1617,1617,https://weburn.kb.se/riks/ståndsriksdagen/xml/rda_1617_1_/rda_1617_1_.xml,https://weburn.kb.se/riks/ståndsriksdagen/pdf/rda_1617_1_/rda_1617_1_.pdf,https://weburn.kb.se/riks/metadata/73/21799173.html,1617
rda_1617_2_,Om riksdagstrycket,adel,1617,1617,https://weburn.kb.se/riks/ståndsriksdagen/xml/rda_1617_2_/rda_1617_2_.xml,https://weburn.kb.se/riks/ståndsriksdagen/pdf/rda_1617_2_/rda_1617_2_.pdf,https://weburn.kb.se/riks/metadata/73/21799173.html,1617
roa_1627-1714_reg_,Om riksdagstrycket,adel,1627,1714,https://weburn.kb.se/riks/ståndsriksdagen/xml/roa_1627-1714_reg_/roa_1627-1714_reg_.xml,https://weburn.kb.se/riks/ståndsriksdagen/pdf/roa_1627-1714_reg_/roa_1627-1714_reg_.pdf,https://weburn.kb.se/riks/metadata/03/21799203.html,1627-1714
roa_1627-1632__,Om riksdagstrycket,adel,1627,1632,https://weburn.kb.se/riks/ståndsriksdagen/xml/roa_1627-1632__/roa_1627-1632__.xml,https://weburn.kb.se/riks/ståndsriksdagen/pdf/roa_1627-1632__/roa_1627-1632__.pdf,https://weburn.kb.se/riks/metadata/01/21799201.html,1627-1632
roa_1627-1632_2uppl_,Om riksdagstrycket,adel,1627,1632,https://weburn.kb.se/riks/ståndsriksdagen/xml/roa_1627-1632_2uppl_/roa_1627-1632_2uppl_.xml,https://weburn.kb.se/riks/ståndsriksdagen/pdf/roa_1627-1632_2uppl_/roa_1627-1632_2uppl_.pdf,https://weburn.kb.se/riks/metadata/02/21799202.html,1627-1632
roa_1633-1638_1uppl_,Om riksdagstrycket,adel,1633,1638,https://weburn.kb.se/riks/ståndsriksdagen/xml/roa_1633-1638_1uppl_/roa_1633-1638_1uppl_.xml,https://weburn.kb.se/riks/ståndsriksdagen/pdf/roa_1633-1638_1uppl_/roa_1633-1638_1uppl_.pdf,https://weburn.kb.se/riks/metadata/04/21799204.html,1633-1638
roa_1633-1638_2uppl_,Om riksdagstrycket,adel,1633,1638,https://weburn.kb.se/riks/ståndsriksdagen/xml/roa_1633-1638_2uppl_/roa_1633-1638_2uppl_.xml,https://weburn.kb.se/riks/ståndsriksdagen/pdf/roa_1633-1638_2uppl_/roa_1633-1638_2uppl_.pdf,https://weburn.kb.se/riks/metadata/05/21799205.html,1633-1638
roa_1636-1644__,Om riksdagstrycket,adel,1636,1644,https://weburn.kb.se/riks/ståndsriksdagen/xml/roa_1636-1644__/roa_1636-1644__.xml,https://weburn.kb.se/riks/ståndsriksdagen/pdf/roa_1636-1644__/roa_1636-1644__.pdf,https://weburn.kb.se/riks/metadata/06/21799206.html,1636-1644
roa_1645-1651__,Om riksdagstrycket,adel,1636,1644,https://weburn.kb.se/riks/ståndsriksdagen/xml/roa_1645-1651__/roa_1645-1651__.xml,https://weburn.kb.se/riks/ståndsriksdagen/pdf/roa_1645-1651__/roa_1645-1651__.pdf,https://weburn.kb.se/riks/metadata/07/21799207.html,1636-1644
roa_1640-1644_2uppl_,Om riksdagstrycket,adel,1640,1644,https://weburn.kb.se/riks/ståndsriksdagen/xml/roa_1640-1644_2uppl_/roa_1640-1644_2uppl_.xml,https://weburn.kb.se/riks/ståndsriksdagen/pdf/roa_1640-1644_2uppl_/roa_1640-1644_2uppl_.pdf,https://weburn.kb.se/riks/metadata/08/21799208.html,1640-1644
pr_1642-1660___01,Om riksdagstrycket,praster,1642,1660,https://weburn.kb.se/riks/ståndsriksdagen/xml/pr_1642-1660__/pr_1642-1660___01.xml,https://weburn.kb.se/riks/ståndsriksdagen/pdf/pr_1642-1660__/pr_1642-1660___01.pdf,https://weburn.kb.se/riks/metadata/12/21798912.html,1642-1660
pr_1642-1660___02,Om riksdagstrycket,praster,1642,1660,https://weburn.kb.se/riks/ståndsriksdagen/xml/pr_1642-1660__/pr_1642-1660___02.xml,https://weburn.kb.se/riks/ståndsriksdagen/pdf/pr_1642-1660__/pr_1642-1660___02.pdf,https://weburn.kb.se/riks/metadata/12/21798912.html,1642-1660
roa_1652-1655___01,Om riksdagstrycket,adel,1652,1655,https://weburn.kb.se/riks/ståndsriksdagen/xml/roa_1652-1655__/roa_1652-1655___01.xml,https://weburn.kb.se/riks/ståndsriksdagen/pdf/roa_1652-1655__/roa_1652-1655___01.pdf,https://weburn.kb.se/riks/metadata/45/22060145.html,1652-1655
roa_1652-1655___02,Om riksdagstrycket,adel,1652,1655,https://weburn.kb.se/riks/ståndsriksdagen/xml/roa_1652-1655__/roa_1652-1655___02.xml,https://weburn.kb.se/riks/ståndsriksdagen/pdf/roa_1652-1655__/roa_1652-1655___02.pdf,https://weburn.kb.se/riks/metadata/09/21799209.html,1652-1655
bg_1654-1714__,Om riksdagstrycket,borgare,1654,1714,https://weburn.kb.se/riks/ståndsriksdagen/xml/bg_1654-1714__/bg_1654-1714__.xml,https://weburn.kb.se/riks/ståndsriksdagen/pdf/bg_1654-1714__/bg_1654-1714__.pdf,https://weburn.kb.se/riks/metadata/08/21797608.html,1654-1714
roa_1656-1658__,Om riksdagstrycket,adel,1656,1658,https://weburn.kb.se/riks/ståndsriksdagen/xml/roa_1656-1658__/roa_1656-1658__.xml,https://weburn.kb.se/riks/ståndsriksdagen/pdf/roa_1656-1658__/roa_1656-1658__.pdf,https://weburn.kb.se/riks/metadata/12/21799212.html,1656-1658
pr_1660-1664___01,Om riksdagstrycket,praster,1660,1664,https://weburn.kb.se/riks/ståndsriksdagen/xml/pr_1660-1664__/pr_1660-1664___01.xml,https://weburn.kb.se/riks/ståndsriksdagen/pdf/pr_1660-1664__/pr_1660-1664___01.pdf,https://weburn.kb.se/riks/metadata/13/21798913.html,1660-1664
pr_1660-1664___02,Om riksdagstrycket,praster,1660,1664,https://weburn.kb.se/riks/ståndsriksdagen/xml/pr_1660-1664__/pr_1660-1664___02.xml,https://weburn.kb.se/riks/ståndsriksdagen/pdf/pr_1660-1664__/pr_1660-1664___02.pdf,https://weburn.kb.se/riks/metadata/13/21798913.html,1660-1664
pr_1660-1664___03,Om riksdagstrycket,praster,1660,1664,https://weburn.kb.se/riks/ståndsriksdagen/xml/pr_1660-1664__/pr_1660-1664___03.xml,https://weburn.kb.se/riks/ståndsriksdagen/pdf/pr_1660-1664__/pr_1660-1664___03.pdf,https://weburn.kb.se/riks/metadata/13/21798913.html,1660-1664
roa_1660_1_,Om riksdagstrycket,adel,1660,1660,https://weburn.kb.se/riks/ståndsriksdagen/xml/roa_1660_1_/roa_1660_1_.xml,https://weburn.kb.se/riks/ståndsriksdagen/pdf/roa_1660_1_/roa_1660_1_.pdf,https://weburn.kb.se/riks/metadata/13/21799213.html,1660
roa_1660_2_,Om riksdagstrycket,adel,1660,1660,https://weburn.kb.se/riks/ståndsriksdagen/xml/roa_1660_2_/roa_1660_2_.xml,https://weburn.kb.se/riks/ståndsriksdagen/pdf/roa_1660_2_/roa_1660_2_.pdf,https://weburn.kb.se/riks/metadata/14/21799214.html,1660
roa_1664__,Om riksdagstrycket,adel,1664,1664,https://weburn.kb.se/riks/ståndsriksdagen/xml/roa_1664__/roa_1664__.xml,https://weburn.kb.se/riks/ståndsriksdagen/pdf/roa_1664__/roa_1664__.pdf,https://weburn.kb.se/riks/metadata/15/21799215.html,1664
pr_1668-1678___01,Om riksdagstrycket,praster,1668,1678,https://weburn.kb.se/riks/ståndsriksdagen/xml/pr_1668-1678__/pr_1668-1678___01.xml,https://weburn.kb.se/riks/ståndsriksdagen/pdf/pr_1668-1678__/pr_1668-1678___01.pdf,https://weburn.kb.se/riks/metadata/14/21798914.html,1668-1678
pr_1668-1678___02,Om riksdagstrycket,praster,1668,1678,https://weburn.kb.se/riks/ståndsriksdagen/xml/pr_1668-1678__/pr_1668-1678___02.xml,https://weburn.kb.se/riks/ståndsriksdagen/pdf/pr_1668-1678__/pr_1668-1678___02.pdf,https://weburn.kb.se/riks/metadata/14/21798914.html,1668-1678
roa_1668__,Om riksdagstrycket,adel,1668,1668,https://weburn.kb.se/riks/ståndsriksdagen/xml/roa_1668__/roa_1668__.xml,https://weburn.kb.se/riks/ståndsriksdagen/pdf/roa_1668__/roa_1668__.pdf,https://weburn.kb.se/riks/metadata/17/21799217.html,1668
roa_1672__,Om riksdagstrycket,adel,1672,1672,https://weburn.kb.se/riks/ståndsriksdagen/xml/roa_1672__/roa_1672__.xml,https://weburn.kb.se/riks/ståndsriksdagen/pdf/roa_1672__/roa_1672__.pdf,https://weburn.kb.se/riks/metadata/18/21799218.html,1672
roa_1675-1678__,Om riksdagstrycket,adel,1675,1678,https://weburn.kb.se/riks/ståndsriksdagen/xml/roa_1675-1678__/roa_1675-1678__.xml,https://weburn.kb.se/riks/ståndsriksdagen/pdf/roa_1675-1678__/roa_1675-1678__.pdf,https://weburn.kb.se/riks/metadata/19/21799219.html,1675-1678
pr_1680-1714___01,Om riksdagstrycket,praster,1680,1714,https://weburn.kb.se/riks/ståndsriksdagen/xml/pr_1680-1714__/pr_1680-1714___01.xml,https://weburn.kb.se/riks/ståndsriksdagen/pdf/pr_1680-1714__/pr_1680-1714___01.pdf,https://weburn.kb.se/riks/metadata/15/21798915.html,1680-1714
pr_1680-1714___02,Om riksdagstrycket,praster,1680,1714,https://weburn.kb.se/riks/ståndsriksdagen/xml/pr_1680-1714__/pr_1680-1714___02.xml,https://weburn.kb.se/riks/ståndsriksdagen/pdf/pr_1680-1714__/pr_1680-1714___02.pdf,https://weburn.kb.se/riks/metadata/15/21798915.html,1680-1714
pr_1680-1714___03,Om riksdagstrycket,praster,1680,1714,https://weburn.kb.se/riks/ståndsriksdagen/xml/pr_1680-1714__/pr_1680-1714___03.xml,https://weburn.kb.se/riks/ståndsriksdagen/pdf/pr_1680-1714__/pr_1680-1714___03.pdf,https://weburn.kb.se/riks/metadata/15/21798915.html,1680-1714
roa_1680__,Om riksdagstrycket,adel,1680,1680,https://weburn.kb.se/riks/ståndsriksdagen/xml/roa_1680__/roa_1680__.xml,https://weburn.kb.se/riks/ståndsriksdagen/pdf/roa_1680__/roa_1680__.pdf,https://weburn.kb.se/riks/metadata/21/21799221.html,1680
roa_1682-1683__,Om riksdagstrycket,adel,1682,1683,https://weburn.kb.se/riks/ståndsriksdagen/xml/roa_1682-1683__/roa_1682-1683__.xml,https://weburn.kb.se/riks/ståndsriksdagen/pdf/roa_1682-1683__/roa_1682-1683__.pdf,https://weburn.kb.se/riks/metadata/23/21799223.html,1682-1683
roa_1686-1689__,Om riksdagstrycket,adel,1686,1689,https://weburn.kb.se/riks/ståndsriksdagen/xml/roa_1686-1689__/roa_1686-1689__.xml,https://weburn.kb.se/riks/ståndsriksdagen/pdf/roa_1686-1689__/roa_1686-1689__.pdf,https://weburn.kb.se/riks/metadata/24/21799224.html,1686-1689
roa_1693-1697__,Om riksdagstrycket,adel,1693,1697,https://weburn.kb.se/riks/ståndsriksdagen/xml/roa_1693-1697__/roa_1693-1697__.xml,https://weburn.kb.se/riks/ståndsriksdagen/pdf/roa_1693-1697__/roa_1693-1697__.pdf,https://weburn.kb.se/riks/metadata/27/21799227.html,1693-1697
bn_1710-1800_reg_,Om riksdagstrycket,bonder,1710,1800,https://weburn.kb.se/riks/ståndsriksdagen/xml/bn_1710-1800_reg_/bn_1710-1800_reg_.xml,https://weburn.kb.se/riks/ståndsriksdagen/pdf/bn_1710-1800_reg_/bn_1710-1800_reg_.pdf,https://weburn.kb.se/riks/metadata/17/21798717.html,1710-1800
roa_1710_1713-1714__,Om riksdagstrycket,adel,1710,1710,https://weburn.kb.se/riks/ståndsriksdagen/xml/roa_1710_1713-1714__/roa_1710_1713-1714__.xml,https://weburn.kb.se/riks/ståndsriksdagen/pdf/roa_1710_1713-1714__/roa_1710_1713-1714__.pdf,https://weburn.kb.se/riks/metadata/31/21799231.html,1710
bg_1719-1720___01,Om riksdagstrycket,borgare,1719,1720,https://weburn.kb.se/riks/ståndsriksdagen/xml/bg_1719-1720__/bg_1719-1720___01.xml,https://weburn.kb.se/riks/ståndsriksdagen/pdf/bg_1719-1720__/bg_1719-1720___01.pdf,https://weburn.kb.se/riks/metadata/13/21797613.html,1719-1720
bg_1719-1720___02,Om riksdagstrycket,borgare,1719,1720,https://weburn.kb.se/riks/ståndsriksdagen/xml/bg_1719-1720__/bg_1719-1720___02.xml,https://weburn.kb.se/riks/ståndsriksdagen/pdf/bg_1719-1720__/bg_1719-1720___02.pdf,https://weburn.kb.se/riks/metadata/13/21797613.html,1719-1720
pr_1719-1720___01,Om riksdagstrycket,praster,1719,1720,https://weburn.kb.se/riks/ståndsriksdagen/xml/pr_1719-1720__/pr_1719-1720___01.xml,https://weburn.kb.se/riks/ståndsriksdagen/pdf/pr_1719-1720__/pr_1719-1720___01.pdf,https://weburn.kb.se/riks/metadata/16/21798916.html,1719-1720
pr_1719-1720___02,Om riksdagstrycket,praster,1719,1720,https://weburn.kb.se/riks/ståndsriksdagen/xml/pr_1719-1720__/pr_1719-1720___02.xml,https://weburn.kb.se/riks/ståndsriksdagen/pdf/pr_1719-1720__/pr_1719-1720___02.pdf,https://weburn.kb.se/riks/metadata/16/21798916.html,1719-1720
bg_1719-1866_reg_,Om riksdagstrycket,borgare,1719,1866,https://weburn.kb.se/riks/ståndsriksdagen/xml/bg_1719-1866_reg_/bg_1719-1866_reg_.xml,https://weburn.kb.se/riks/ståndsriksdagen/pdf/bg_1719-1866_reg_/bg_1719-1866_reg_.pdf,https://weburn.kb.se/riks/metadata/16/21797616.html,1719-1866
rda_1719-1723___01,Om riksdagstrycket,adel,1719,1723,https://weburn.kb.se/riks/ståndsriksdagen/xml/rda_1719-1723__/rda_1719-1723___01.xml,https://weburn.kb.se/riks/ståndsriksdagen/pdf/rda_1719-1723__/rda_1719-1723___01.pdf,https://weburn.kb.se/riks/metadata/74/21799174.html,1719-1723
rda_1719-1723___02,Om riksdagstrycket,adel,1719,1723,https://weburn.kb.se/riks/ståndsriksdagen/xml/rda_1719-1723__/rda_1719-1723___02.xml,https://weburn.kb.se/riks/ståndsriksdagen/pdf/rda_1719-1723__/rda_1719-1723___02.pdf,https://weburn.kb.se/riks/metadata/74/21799174.html,1719-1723
roa_1719-1720__,Om riksdagstrycket,adel,1719,1720,https://weburn.kb.se/riks/ståndsriksdagen/xml/roa_1719-1720__/roa_1719-1720__.xml,https://weburn.kb.se/riks/ståndsriksdagen/pdf/roa_1719-1720__/roa_1719-1720__.pdf,https://weburn.kb.se/riks/metadata/33/21799233.html,1719-1720
roa_1719-1752_reg_,Om riksdagstrycket,adel,1719,1752,https://weburn.kb.se/riks/ståndsriksdagen/xml/roa_1719-1752_reg_/roa_1719-1752_reg_.xml,https://weburn.kb.se/riks/ståndsriksdagen/pdf/roa_1719-1752_reg_/roa_1719-1752_reg_.pdf,https://weburn.kb.se/riks/metadata/34/21799234.html,1719-1752
bn_1720-1727___01,Om riksdagstrycket,bonder,1720,1727,https://weburn.kb.se/riks/ståndsriksdagen/xml/bn_1720-1727__/bn_1720-1727___01.xml,https://weburn.kb.se/riks/ståndsriksdagen/pdf/bn_1720-1727__/bn_1720-1727___01.pdf,https://weburn.kb.se/riks/metadata/23/21798723.html,1720-1727
bn_1720-1727___02,Om riksdagstrycket,bonder,1720,1727,https://weburn.kb.se/riks/ståndsriksdagen/xml/bn_1720-1727__/bn_1720-1727___02.xml,https://weburn.kb.se/riks/ståndsriksdagen/pdf/bn_1720-1727__/bn_1720-1727___02.pdf,https://weburn.kb.se/riks/metadata/23/21798723.html,1720-1727
bn_1720-1727___03,Om riksdagstrycket,bonder,1720,1727,https://weburn.kb.se/riks/ståndsriksdagen/xml/bn_1720-1727__/bn_1720-1727___03.xml,https://weburn.kb.se/riks/ståndsriksdagen/pdf/bn_1720-1727__/bn_1720-1727___03.pdf,https://weburn.kb.se/riks/metadata/23/21798723.html,1720-1727
bg_1723___01,Om riksdagstrycket,borgare,1723,1723,https://weburn.kb.se/riks/ståndsriksdagen/xml/bg_1723__/bg_1723___01.xml,https://weburn.kb.se/riks/ståndsriksdagen/pdf/bg_1723__/bg_1723___01.pdf,https://weburn.kb.se/riks/metadata/09/21797809.html,1723
bg_1723___02,Om riksdagstrycket,borgare,1723,1723,https://weburn.kb.se/riks/ståndsriksdagen/xml/bg_1723__/bg_1723___02.xml,https://weburn.kb.se/riks/ståndsriksdagen/pdf/bg_1723__/bg_1723___02.pdf,https://weburn.kb.se/riks/metadata/09/21797809.html,1723
bg_1723___03,Om riksdagstrycket,borgare,1723,1723,https://weburn.kb.se/riks/ståndsriksdagen/xml/bg_1723__/bg_1723___03.xml,https://weburn.kb.se/riks/ståndsriksdagen/pdf/bg_1723__/bg_1723___03.pdf,https://weburn.kb.se/riks/metadata/09/21797809.html,1723
pr_1723___01,Om riksdagstrycket,praster,1723,1723,https://weburn.kb.se/riks/ståndsriksdagen/xml/pr_1723__/pr_1723___01.xml,https://weburn.kb.se/riks/ståndsriksdagen/pdf/pr_1723__/pr_1723___01.pdf,https://weburn.kb.se/riks/metadata/17/21798917.html,1723
pr_1723___02,Om riksdagstrycket,praster,1723,1723,https://weburn.kb.se/riks/ståndsriksdagen/xml/pr_1723__/pr_1723___02.xml,https://weburn.kb.se/riks/ståndsriksdagen/pdf/pr_1723__/pr_1723___02.pdf,https://weburn.kb.se/riks/metadata/17/21798917.html,1723
pr_1723___03,Om riksdagstrycket,praster,1723,1723,https://weburn.kb.se/riks/ståndsriksdagen/xml/pr_1723__/pr_1723___03.xml,https://weburn.kb.se/riks/ståndsriksdagen/pdf/pr_1723__/pr_1723___03.pdf,https://weburn.kb.se/riks/metadata/17/21798917.html,1723
roa_1723_1_,Om riksdagstrycket,adel,1723,1723,https://weburn.kb.se/riks/ståndsriksdagen/xml/roa_1723_1_/roa_1723_1_.xml,https://weburn.kb.se/riks/ståndsriksdagen/pdf/roa_1723_1_/roa_1723_1_.pdf,https://weburn.kb.se/riks/metadata/36/21799236.html,1723
roa_1723_3_,Om riksdagstrycket,adel,1723,1723,https://weburn.kb.se/riks/ståndsriksdagen/xml/roa_1723_3_/roa_1723_3_.xml,https://weburn.kb.se/riks/ståndsriksdagen/pdf/roa_1723_3_/roa_1723_3_.pdf,https://weburn.kb.se/riks/metadata/41/21799241.html,1723
roa_1723_2_,Om riksdagstrycket,adel,1723,1723,https://weburn.kb.se/riks/ståndsriksdagen/xml/roa_1723_2_/roa_1723_2_.xml,https://weburn.kb.se/riks/ståndsriksdagen/pdf/roa_1723_2_/roa_1723_2_.pdf,https://weburn.kb.se/riks/metadata/38/21799238.html,1723
roa_1726-1727_1_,Om riksdagstrycket,adel,1723,1723,https://weburn.kb.se/riks/ståndsriksdagen/xml/roa_1726-1727_1_/roa_1726-1727_1_.xml,https://weburn.kb.se/riks/ståndsriksdagen/pdf/roa_1726-1727_1_/roa_1726-1727_1_.pdf,https://weburn.kb.se/riks/metadata/40/21799240.html,1723
roa_1726-1727_2__01,Om riksdagstrycket,adel,1723,1723,https://weburn.kb.se/riks/ståndsriksdagen/xml/roa_1726-1727_2_/roa_1726-1727_2__01.xml,https://weburn.kb.se/riks/ståndsriksdagen/pdf/roa_1726-1727_2_/roa_1726-1727_2__01.pdf,https://weburn.kb.se/riks/metadata/43/21799243.html,1723
bg_1726-1727___01,Om riksdagstrycket,borgare,1726,1727,https://weburn.kb.se/riks/ståndsriksdagen/xml/bg_1726-1727__/bg_1726-1727___01.xml,https://weburn.kb.se/riks/ståndsriksdagen/pdf/bg_1726-1727__/bg_1726-1727___01.pdf,https://weburn.kb.se/riks/metadata/20/21797820.html,1726-1727
bg_1726-1727___02,Om riksdagstrycket,borgare,1726,1727,https://weburn.kb.se/riks/ståndsriksdagen/xml/bg_1726-1727__/bg_1726-1727___02.xml,https://weburn.kb.se/riks/ståndsriksdagen/pdf/bg_1726-1727__/bg_1726-1727___02.pdf,https://weburn.kb.se/riks/metadata/20/21797820.html,1726-1727
bg_1726-1727___03,Om riksdagstrycket,borgare,1726,1727,https://weburn.kb.se/riks/ståndsriksdagen/xml/bg_1726-1727__/bg_1726-1727___03.xml,https://weburn.kb.se/riks/ståndsriksdagen/pdf/bg_1726-1727__/bg_1726-1727___03.pdf,https://weburn.kb.se/riks/metadata/20/21797820.html,1726-1727
pr_1726-1731___01,Om riksdagstrycket,praster,1726,1731,https://weburn.kb.se/riks/ståndsriksdagen/xml/pr_1726-1731__/pr_1726-1731___01.xml,https://weburn.kb.se/riks/ståndsriksdagen/pdf/pr_1726-1731__/pr_1726-1731___01.pdf,https://weburn.kb.se/riks/metadata/21/21798921.html,1726-1731
pr_1726-1731___02,Om riksdagstrycket,praster,1726,1731,https://weburn.kb.se/riks/ståndsriksdagen/xml/pr_1726-1731__/pr_1726-1731___02.xml,https://weburn.kb.se/riks/ståndsriksdagen/pdf/pr_1726-1731__/pr_1726-1731___02.pdf,https://weburn.kb.se/riks/metadata/21/21798921.html,1726-1731
pr_1726-1731___03,Om riksdagstrycket,praster,1726,1731,https://weburn.kb.se/riks/ståndsriksdagen/xml/pr_1726-1731__/pr_1726-1731___03.xml,https://weburn.kb.se/riks/ståndsriksdagen/pdf/pr_1726-1731__/pr_1726-1731___03.pdf,https://weburn.kb.se/riks/metadata/21/21798921.html,1726-1731
rda_1726-1727___01,Om riksdagstrycket,adel,1726,1727,https://weburn.kb.se/riks/ståndsriksdagen/xml/rda_1726-1727__/rda_1726-1727___01.xml,https://weburn.kb.se/riks/ståndsriksdagen/pdf/rda_1726-1727__/rda_1726-1727___01.pdf,https://weburn.kb.se/riks/metadata/75/21799175.html,1726-1727
rda_1726-1727___02,Om riksdagstrycket,adel,1726,1727,https://weburn.kb.se/riks/ståndsriksdagen/xml/rda_1726-1727__/rda_1726-1727___02.xml,https://weburn.kb.se/riks/ståndsriksdagen/pdf/rda_1726-1727__/rda_1726-1727___02.pdf,https://weburn.kb.se/riks/metadata/75/21799175.html,1726-1727
roa_1726-1727_2__02,Om riksdagstrycket,adel,1726,1727,https://weburn.kb.se/riks/ståndsriksdagen/xml/roa_1726-1727_2_/roa_1726-1727_2__02.xml,https://weburn.kb.se/riks/ståndsriksdagen/pdf/roa_1726-1727_2_/roa_1726-1727_2__02.pdf,https://weburn.kb.se/riks/metadata/50/21799250.html,1726-1727
roa_1731___02,Om riksdagstrycket,adel,1726,1727,https://weburn.kb.se/riks/ståndsriksdagen/xml/roa_1731__/roa_1731___02.xml,https://weburn.kb.se/riks/ståndsriksdagen/pdf/roa_1731__/roa_1731___02.pdf,https://weburn.kb.se/riks/metadata/50/21799250.html,1726-1727
roa_1731___03,Om riksdagstrycket,adel,1726,1727,https://weburn.kb.se/riks/ståndsriksdagen/xml/roa_1731__/roa_1731___03.xml,https://weburn.kb.se/riks/ståndsriksdagen/pdf/roa_1731__/roa_1731___03.pdf,https://weburn.kb.se/riks/metadata/50/21799250.html,1726-1727
bn_1731-1734___01,Om riksdagstrycket,bonder,1731,1734,https://weburn.kb.se/riks/ståndsriksdagen/xml/bn_1731-1734__/bn_1731-1734___01.xml,https://weburn.kb.se/riks/ståndsriksdagen/pdf/bn_1731-1734__/bn_1731-1734___01.pdf,https://weburn.kb.se/riks/metadata/27/21798727.html,1731-1734
bn_1731-1734___02,Om riksdagstrycket,bonder,1731,1734,https://weburn.kb.se/riks/ståndsriksdagen/xml/bn_1731-1734__/bn_1731-1734___02.xml,https://weburn.kb.se/riks/ståndsriksdagen/pdf/bn_1731-1734__/bn_1731-1734___02.pdf,https://weburn.kb.se/riks/metadata/27/21798727.html,1731-1734
bn_1731-1734___03,Om riksdagstrycket,bonder,1731,1734,https://weburn.kb.se/riks/ståndsriksdagen/xml/bn_1731-1734__/bn_1731-1734___03.xml,https://weburn.kb.se/riks/ståndsriksdagen/pdf/bn_1731-1734__/bn_1731-1734___03.pdf,https://weburn.kb.se/riks/metadata/27/21798727.html,1731-1734
bg_1731___01,Om riksdagstrycket,borgare,1731,1731,https://weburn.kb.se/riks/ståndsriksdagen/xml/bg_1731__/bg_1731___01.xml,https://weburn.kb.se/riks/ståndsriksdagen/pdf/bg_1731__/bg_1731___01.pdf,https://weburn.kb.se/riks/metadata/21/21797821.html,1731
bg_1731___02,Om riksdagstrycket,borgare,1731,1731,https://weburn.kb.se/riks/ståndsriksdagen/xml/bg_1731__/bg_1731___02.xml,https://weburn.kb.se/riks/ståndsriksdagen/pdf/bg_1731__/bg_1731___02.pdf,https://weburn.kb.se/riks/metadata/21/21797821.html,1731
rda_1731-1734___01,Om riksdagstrycket,adel,1731,1734,https://weburn.kb.se/riks/ståndsriksdagen/xml/rda_1731-1734__/rda_1731-1734___01.xml,https://weburn.kb.se/riks/ståndsriksdagen/pdf/rda_1731-1734__/rda_1731-1734___01.pdf,https://weburn.kb.se/riks/metadata/76/21799176.html,1731-1734
rda_1731-1734___02,Om riksdagstrycket,adel,1731,1734,https://weburn.kb.se/riks/ståndsriksdagen/xml/rda_1731-1734__/rda_1731-1734___02.xml,https://weburn.kb.se/riks/ståndsriksdagen/pdf/rda_1731-1734__/rda_1731-1734___02.pdf,https://weburn.kb.se/riks/metadata/76/21799176.html,1731-1734
roa_1731___01,Om riksdagstrycket,adel,1731,1731,https://weburn.kb.se/riks/ståndsriksdagen/xml/roa_1731__/roa_1731___01.xml,https://weburn.kb.se/riks/ståndsriksdagen/pdf/roa_1731__/roa_1731___01.pdf,https://weburn.kb.se/riks/metadata/51/21799251.html,1731
roa_1734_2_,Om riksdagstrycket,adel,1731,1731,https://weburn.kb.se/riks/ståndsriksdagen/xml/roa_1734_2_/roa_1734_2_.xml,https://weburn.kb.se/riks/ståndsriksdagen/pdf/roa_1734_2_/roa_1734_2_.pdf,https://weburn.kb.se/riks/metadata/53/21799253.html,1731
bg_1734___01,Om riksdagstrycket,borgare,1734,1734,https://weburn.kb.se/riks/ståndsriksdagen/xml/bg_1734__/bg_1734___01.xml,https://weburn.kb.se/riks/ståndsriksdagen/pdf/bg_1734__/bg_1734___01.pdf,https://weburn.kb.se/riks/metadata/22/21797822.html,1734
bg_1734___02,Om riksdagstrycket,borgare,1734,1734,https://weburn.kb.se/riks/ståndsriksdagen/xml/bg_1734__/bg_1734___02.xml,https://weburn.kb.se/riks/ståndsriksdagen/pdf/bg_1734__/bg_1734___02.pdf,https://weburn.kb.se/riks/metadata/22/21797822.html,1734
pr_1734___01,Om riksdagstrycket,praster,1734,1734,https://weburn.kb.se/riks/ståndsriksdagen/xml/pr_1734__/pr_1734___01.xml,https://weburn.kb.se/riks/ståndsriksdagen/pdf/pr_1734__/pr_1734___01.pdf,https://weburn.kb.se/riks/metadata/24/21798924.html,1734
pr_1734___02,Om riksdagstrycket,praster,1734,1734,https://weburn.kb.se/riks/ståndsriksdagen/xml/pr_1734__/pr_1734___02.xml,https://weburn.kb.se/riks/ståndsriksdagen/pdf/pr_1734__/pr_1734___02.pdf,https://weburn.kb.se/riks/metadata/24/21798924.html,1734
pr_1734___03,Om riksdagstrycket,praster,1734,1734,https://weburn.kb.se/riks/ståndsriksdagen/xml/pr_1734__/pr_1734___03.xml,https://weburn.kb.se/riks/ståndsriksdagen/pdf/pr_1734__/pr_1734___03.pdf,https://weburn.kb.se/riks/metadata/24/21798924.html,1734
rda_1734__,Om riksdagstrycket,adel,1734,1734,https://weburn.kb.se/riks/ståndsriksdagen/xml/rda_1734__/rda_1734__.xml,https://weburn.kb.se/riks/ståndsriksdagen/pdf/rda_1734__/rda_1734__.pdf,https://weburn.kb.se/riks/metadata/77/21799177.html,1734
roa_1734_1_,Om riksdagstrycket,adel,1734,1734,https://weburn.kb.se/riks/ståndsriksdagen/xml/roa_1734_1_/roa_1734_1_.xml,https://weburn.kb.se/riks/ståndsriksdagen/pdf/roa_1734_1_/roa_1734_1_.pdf,https://weburn.kb.se/riks/metadata/55/21799255.html,1734
rdbesl_1734__,Om riksdagstrycket,riksdagsbeslut,1734,1734,https://weburn.kb.se/riks/ståndsriksdagen/xml/rdbesl_1734__/rdbesl_1734__.xml,https://weburn.kb.se/riks/ståndsriksdagen/pdf/rdbesl_1734__/rdbesl_1734__.pdf,https://weburn.kb.se/riks/metadata/79/21799179.html,1734
bn_1738-1739___01,Om riksdagstrycket,bonder,1738,1739,https://weburn.kb.se/riks/ståndsriksdagen/xml/bn_1738-1739__/bn_1738-1739___01.xml,https://weburn.kb.se/riks/ståndsriksdagen/pdf/bn_1738-1739__/bn_1738-1739___01.pdf,https://weburn.kb.se/riks/metadata/29/21798729.html,1738-1739
bn_1738-1739___02,Om riksdagstrycket,bonder,1738,1739,https://weburn.kb.se/riks/ståndsriksdagen/xml/bn_1738-1739__/bn_1738-1739___02.xml,https://weburn.kb.se/riks/ståndsriksdagen/pdf/bn_1738-1739__/bn_1738-1739___02.pdf,https://weburn.kb.se/riks/metadata/29/21798729.html,1738-1739
bg_1738-1739___01,Om riksdagstrycket,borgare,1738,1739,https://weburn.kb.se/riks/ståndsriksdagen/xml/bg_1738-1739__/bg_1738-1739___01.xml,https://weburn.kb.se/riks/ståndsriksdagen/pdf/bg_1738-1739__/bg_1738-1739___01.pdf,https://weburn.kb.se/riks/metadata/23/21797823.html,1738-1739
bg_1738-1739___02,Om riksdagstrycket,borgare,1738,1739,https://weburn.kb.se/riks/ståndsriksdagen/xml/bg_1738-1739__/bg_1738-1739___02.xml,https://weburn.kb.se/riks/ståndsriksdagen/pdf/bg_1738-1739__/bg_1738-1739___02.pdf,https://weburn.kb.se/riks/metadata/23/21797823.html,1738-1739
bg_1738-1739___03,Om riksdagstrycket,borgare,1738,1739,https://weburn.kb.se/riks/ståndsriksdagen/xml/bg_1738-1739__/bg_1738-1739___03.xml,https://weburn.kb.se/riks/ståndsriksdagen/pdf/bg_1738-1739__/bg_1738-1739___03.pdf,https://weburn.kb.se/riks/metadata/23/21797823.html,1738-1739
pr_1738-1739___01,Om riksdagstrycket,praster,1738,1739,https://weburn.kb.se/riks/ståndsriksdagen/xml/pr_1738-1739__/pr_1738-1739___01.xml,https://weburn.kb.se/riks/ståndsriksdagen/pdf/pr_1738-1739__/pr_1738-1739___01.pdf,https://weburn.kb.se/riks/metadata/26/21798926.html,1738-1739
pr_1738-1739___02,Om riksdagstrycket,praster,1738,1739,https://weburn.kb.se/riks/ståndsriksdagen/xml/pr_1738-1739__/pr_1738-1739___02.xml,https://weburn.kb.se/riks/ståndsriksdagen/pdf/pr_1738-1739__/pr_1738-1739___02.pdf,https://weburn.kb.se/riks/metadata/26/21798926.html,1738-1739
pr_1738-1739___03,Om riksdagstrycket,praster,1738,1739,https://weburn.kb.se/riks/ståndsriksdagen/xml/pr_1738-1739__/pr_1738-1739___03.xml,https://weburn.kb.se/riks/ståndsriksdagen/pdf/pr_1738-1739__/pr_1738-1739___03.pdf,https://weburn.kb.se/riks/metadata/26/21798926.html,1738-1739
pr_1738-1739___04,Om riksdagstrycket,praster,1738,1739,https://weburn.kb.se/riks/ståndsriksdagen/xml/pr_1738-1739__/pr_1738-1739___04.xml,https://weburn.kb.se/riks/ståndsriksdagen/pdf/pr_1738-1739__/pr_1738-1739___04.pdf,https://weburn.kb.se/riks/metadata/26/21798926.html,1738-1739
roa_1738-1739_2_,Om riksdagstrycket,adel,1738,1739,https://weburn.kb.se/riks/ståndsriksdagen/xml/roa_1738-1739_2_/roa_1738-1739_2_.xml,https://weburn.kb.se/riks/ståndsriksdagen/pdf/roa_1738-1739_2_/roa_1738-1739_2_.pdf,https://weburn.kb.se/riks/metadata/61/21799261.html,1738-1739
roa_1738-1739_3_,Om riksdagstrycket,adel,1738,1739,https://weburn.kb.se/riks/ståndsriksdagen/xml/roa_1738-1739_3_/roa_1738-1739_3_.xml,https://weburn.kb.se/riks/ståndsriksdagen/pdf/roa_1738-1739_3_/roa_1738-1739_3_.pdf,https://weburn.kb.se/riks/metadata/63/21799263.html,1738-1739
roa_1738-1739_1_,Om riksdagstrycket,adel,1738,1739,https://weburn.kb.se/riks/ståndsriksdagen/xml/roa_1738-1739_1_/roa_1738-1739_1_.xml,https://weburn.kb.se/riks/ståndsriksdagen/pdf/roa_1738-1739_1_/roa_1738-1739_1_.pdf,https://weburn.kb.se/riks/metadata/59/21799259.html,1738-1739
rdbesl_1739__,Om riksdagstrycket,riksdagsbeslut,1739,1739,https://weburn.kb.se/riks/ståndsriksdagen/xml/rdbesl_1739__/rdbesl_1739__.xml,https://weburn.kb.se/riks/ståndsriksdagen/pdf/rdbesl_1739__/rdbesl_1739__.pdf,https://weburn.kb.se/riks/metadata/81/21799181.html,1739
bn_1740-1741___01,Om riksdagstrycket,bonder,1740,1741,https://weburn.kb.se/riks/ståndsriksdagen/xml/bn_1740-1741__/bn_1740-1741___01.xml,https://weburn.kb.se/riks/ståndsriksdagen/pdf/bn_1740-1741__/bn_1740-1741___01.pdf,https://weburn.kb.se/riks/metadata/30/21798730.html,1740-1741
bn_1740-1741___02,Om riksdagstrycket,bonder,1740,1741,https://weburn.kb.se/riks/ståndsriksdagen/xml/bn_1740-1741__/bn_1740-1741___02.xml,https://weburn.kb.se/riks/ståndsriksdagen/pdf/bn_1740-1741__/bn_1740-1741___02.pdf,https://weburn.kb.se/riks/metadata/30/21798730.html,1740-1741
bg_1740-1741_1__01,Om riksdagstrycket,borgare,1740,1741,https://weburn.kb.se/riks/ståndsriksdagen/xml/bg_1740-1741_1_/bg_1740-1741_1__01.xml,https://weburn.kb.se/riks/ståndsriksdagen/pdf/bg_1740-1741_1_/bg_1740-1741_1__01.pdf,https://weburn.kb.se/riks/metadata/26/21797826.html,1740-1741
bg_1740-1741_1__02,Om riksdagstrycket,borgare,1740,1741,https://weburn.kb.se/riks/ståndsriksdagen/xml/bg_1740-1741_1_/bg_1740-1741_1__02.xml,https://weburn.kb.se/riks/ståndsriksdagen/pdf/bg_1740-1741_1_/bg_1740-1741_1__02.pdf,https://weburn.kb.se/riks/metadata/26/21797826.html,1740-1741
bg_1740-1741_1__03,Om riksdagstrycket,borgare,1740,1741,https://weburn.kb.se/riks/ståndsriksdagen/xml/bg_1740-1741_1_/bg_1740-1741_1__03.xml,https://weburn.kb.se/riks/ståndsriksdagen/pdf/bg_1740-1741_1_/bg_1740-1741_1__03.pdf,https://weburn.kb.se/riks/metadata/26/21797826.html,1740-1741
bg_1740-1741_2_,Om riksdagstrycket,borgare,1740,1741,https://weburn.kb.se/riks/ståndsriksdagen/xml/bg_1740-1741_2_/bg_1740-1741_2_.xml,https://weburn.kb.se/riks/ståndsriksdagen/pdf/bg_1740-1741_2_/bg_1740-1741_2_.pdf,https://weburn.kb.se/riks/metadata/26/21797826.html,1740-1741
pr_1740-1741___01,Om riksdagstrycket,praster,1740,1741,https://weburn.kb.se/riks/ståndsriksdagen/xml/pr_1740-1741__/pr_1740-1741___01.xml,https://weburn.kb.se/riks/ståndsriksdagen/pdf/pr_1740-1741__/pr_1740-1741___01.pdf,https://weburn.kb.se/riks/metadata/31/21798931.html,1740-1741
pr_1740-1741___02,Om riksdagstrycket,praster,1740,1741,https://weburn.kb.se/riks/ståndsriksdagen/xml/pr_1740-1741__/pr_1740-1741___02.xml,https://weburn.kb.se/riks/ståndsriksdagen/pdf/pr_1740-1741__/pr_1740-1741___02.pdf,https://weburn.kb.se/riks/metadata/31/21798931.html,1740-1741
roa_1740-1741___01,Om riksdagstrycket,adel,1740,1741,https://weburn.kb.se/riks/ståndsriksdagen/xml/roa_1740-1741__/roa_1740-1741___01.xml,https://weburn.kb.se/riks/ståndsriksdagen/pdf/roa_1740-1741__/roa_1740-1741___01.pdf,https://weburn.kb.se/riks/metadata/65/21799265.html,1740-1741
roa_1740-1741___02,Om riksdagstrycket,adel,1740,1741,https://weburn.kb.se/riks/ståndsriksdagen/xml/roa_1740-1741__/roa_1740-1741___02.xml,https://weburn.kb.se/riks/ståndsriksdagen/pdf/roa_1740-1741__/roa_1740-1741___02.pdf,https://weburn.kb.se/riks/metadata/65/21799265.html,1740-1741
rdbesl_1741__,Om riksdagstrycket,riksdagsbeslut,1741,1741,https://weburn.kb.se/riks/ståndsriksdagen/xml/rdbesl_1741__/rdbesl_1741__.xml,https://weburn.kb.se/riks/ståndsriksdagen/pdf/rdbesl_1741__/rdbesl_1741__.pdf,https://weburn.kb.se/riks/metadata/82/21799182.html,1741
bn_1742-1743___01,Om riksdagstrycket,bonder,1742,1743,https://weburn.kb.se/riks/ståndsriksdagen/xml/bn_1742-1743__/bn_1742-1743___01.xml,https://weburn.kb.se/riks/ståndsriksdagen/pdf/bn_1742-1743__/bn_1742-1743___01.pdf,https://weburn.kb.se/riks/metadata/32/21798732.html,1742-1743
bn_1742-1743___02,Om riksdagstrycket,bonder,1742,1743,https://weburn.kb.se/riks/ståndsriksdagen/xml/bn_1742-1743__/bn_1742-1743___02.xml,https://weburn.kb.se/riks/ståndsriksdagen/pdf/bn_1742-1743__/bn_1742-1743___02.pdf,https://weburn.kb.se/riks/metadata/32/21798732.html,1742-1743
bn_1742-1743___03,Om riksdagstrycket,bonder,1742,1743,https://weburn.kb.se/riks/ståndsriksdagen/xml/bn_1742-1743__/bn_1742-1743___03.xml,https://weburn.kb.se/riks/ståndsriksdagen/pdf/bn_1742-1743__/bn_1742-1743___03.pdf,https://weburn.kb.se/riks/metadata/32/21798732.html,1742-1743
bg_1742-1743_1__01,Om riksdagstrycket,borgare,1742,1743,https://weburn.kb.se/riks/ståndsriksdagen/xml/bg_1742-1743_1_/bg_1742-1743_1__01.xml,https://weburn.kb.se/riks/ståndsriksdagen/pdf/bg_1742-1743_1_/bg_1742-1743_1__01.pdf,https://weburn.kb.se/riks/metadata/28/21797828.html,1742-1743
bg_1742-1743_1__02,Om riksdagstrycket,borgare,1742,1743,https://weburn.kb.se/riks/ståndsriksdagen/xml/bg_1742-1743_1_/bg_1742-1743_1__02.xml,https://weburn.kb.se/riks/ståndsriksdagen/pdf/bg_1742-1743_1_/bg_1742-1743_1__02.pdf,https://weburn.kb.se/riks/metadata/28/21797828.html,1742-1743
bg_1742-1743_2__01,Om riksdagstrycket,borgare,1742,1743,https://weburn.kb.se/riks/ståndsriksdagen/xml/bg_1742-1743_2_/bg_1742-1743_2__01.xml,https://weburn.kb.se/riks/ståndsriksdagen/pdf/bg_1742-1743_2_/bg_1742-1743_2__01.pdf,https://weburn.kb.se/riks/metadata/29/21797829.html,1742-1743
bg_1742-1743_2__02,Om riksdagstrycket,borgare,1742,1743,https://weburn.kb.se/riks/ståndsriksdagen/xml/bg_1742-1743_2_/bg_1742-1743_2__02.xml,https://weburn.kb.se/riks/ståndsriksdagen/pdf/bg_1742-1743_2_/bg_1742-1743_2__02.pdf,https://weburn.kb.se/riks/metadata/29/21797829.html,1742-1743
pr_1742-1743___01,Om riksdagstrycket,praster,1742,1743,https://weburn.kb.se/riks/ståndsriksdagen/xml/pr_1742-1743__/pr_1742-1743___01.xml,https://weburn.kb.se/riks/ståndsriksdagen/pdf/pr_1742-1743__/pr_1742-1743___01.pdf,https://weburn.kb.se/riks/metadata/32/21798932.html,1742-1743
pr_1742-1743___02,Om riksdagstrycket,praster,1742,1743,https://weburn.kb.se/riks/ståndsriksdagen/xml/pr_1742-1743__/pr_1742-1743___02.xml,https://weburn.kb.se/riks/ståndsriksdagen/pdf/pr_1742-1743__/pr_1742-1743___02.pdf,https://weburn.kb.se/riks/metadata/32/21798932.html,1742-1743
pr_1742-1743___03,Om riksdagstrycket,praster,1742,1743,https://weburn.kb.se/riks/ståndsriksdagen/xml/pr_1742-1743__/pr_1742-1743___03.xml,https://weburn.kb.se/riks/ståndsriksdagen/pdf/pr_1742-1743__/pr_1742-1743___03.pdf,https://weburn.kb.se/riks/metadata/32/21798932.html,1742-1743
roa_1742-1743_1__01,Om riksdagstrycket,adel,1742,1743,https://weburn.kb.se/riks/ståndsriksdagen/xml/roa_1742-1743_1_/roa_1742-1743_1__01.xml,https://weburn.kb.se/riks/ståndsriksdagen/pdf/roa_1742-1743_1_/roa_1742-1743_1__01.pdf,https://weburn.kb.se/riks/metadata/66/21799266.html,1742-1743
roa_1742-1743_1__02,Om riksdagstrycket,adel,1742,1743,https://weburn.kb.se/riks/ståndsriksdagen/xml/roa_1742-1743_1_/roa_1742-1743_1__02.xml,https://weburn.kb.se/riks/ståndsriksdagen/pdf/roa_1742-1743_1_/roa_1742-1743_1__02.pdf,https://weburn.kb.se/riks/metadata/66/21799266.html,1742-1743
roa_1742-1743_1__03,Om riksdagstrycket,adel,1742,1743,https://weburn.kb.se/riks/ståndsriksdagen/xml/roa_1742-1743_1_/roa_1742-1743_1__03.xml,https://weburn.kb.se/riks/ståndsriksdagen/pdf/roa_1742-1743_1_/roa_1742-1743_1__03.pdf,https://weburn.kb.se/riks/metadata/66/21799266.html,1742-1743
roa_1742-1743_2__01,Om riksdagstrycket,adel,1742,1743,https://weburn.kb.se/riks/ståndsriksdagen/xml/roa_1742-1743_2_/roa_1742-1743_2__01.xml,https://weburn.kb.se/riks/ståndsriksdagen/pdf/roa_1742-1743_2_/roa_1742-1743_2__01.pdf,https://weburn.kb.se/riks/metadata/68/21799268.html,1742-1743
roa_1742-1743_2__02,Om riksdagstrycket,adel,1742,1743,https://weburn.kb.se/riks/ståndsriksdagen/xml/roa_1742-1743_2_/roa_1742-1743_2__02.xml,https://weburn.kb.se/riks/ståndsriksdagen/pdf/roa_1742-1743_2_/roa_1742-1743_2__02.pdf,https://weburn.kb.se/riks/metadata/68/21799268.html,1742-1743
roa_1742-1743_2__03,Om riksdagstrycket,adel,1742,1743,https://weburn.kb.se/riks/ståndsriksdagen/xml/roa_1742-1743_2_/roa_1742-1743_2__03.xml,https://weburn.kb.se/riks/ståndsriksdagen/pdf/roa_1742-1743_2_/roa_1742-1743_2__03.pdf,https://weburn.kb.se/riks/metadata/68/21799268.html,1742-1743
rdbesl_1743__,Om riksdagstrycket,riksdagsbeslut,1743,1743,https://weburn.kb.se/riks/ståndsriksdagen/xml/rdbesl_1743__/rdbesl_1743__.xml,https://weburn.kb.se/riks/ståndsriksdagen/pdf/rdbesl_1743__/rdbesl_1743__.pdf,https://weburn.kb.se/riks/metadata/83/21799183.html,1743
bn_1746-1747___01,Om riksdagstrycket,bonder,1746,1747,https://weburn.kb.se/riks/ståndsriksdagen/xml/bn_1746-1747__/bn_1746-1747___01.xml,https://weburn.kb.se/riks/ståndsriksdagen/pdf/bn_1746-1747__/bn_1746-1747___01.pdf,https://weburn.kb.se/riks/metadata/35/21798735.html,1746-1747
bn_1746-1747___02,Om riksdagstrycket,bonder,1746,1747,https://weburn.kb.se/riks/ståndsriksdagen/xml/bn_1746-1747__/bn_1746-1747___02.xml,https://weburn.kb.se/riks/ståndsriksdagen/pdf/bn_1746-1747__/bn_1746-1747___02.pdf,https://weburn.kb.se/riks/metadata/35/21798735.html,1746-1747
bn_1746-1747___03,Om riksdagstrycket,bonder,1746,1747,https://weburn.kb.se/riks/ståndsriksdagen/xml/bn_1746-1747__/bn_1746-1747___03.xml,https://weburn.kb.se/riks/ståndsriksdagen/pdf/bn_1746-1747__/bn_1746-1747___03.pdf,https://weburn.kb.se/riks/metadata/35/21798735.html,1746-1747
bn_1746-1747___04,Om riksdagstrycket,bonder,1746,1747,https://weburn.kb.se/riks/ståndsriksdagen/xml/bn_1746-1747__/bn_1746-1747___04.xml,https://weburn.kb.se/riks/ståndsriksdagen/pdf/bn_1746-1747__/bn_1746-1747___04.pdf,https://weburn.kb.se/riks/metadata/35/21798735.html,1746-1747
bg_1746-1747____1_1_01,Om riksdagstrycket,borgare,1746,1747,https://weburn.kb.se/riks/ståndsriksdagen/xml/bg_1746-1747____1_1/bg_1746-1747____1_1_01.xml,https://weburn.kb.se/riks/ståndsriksdagen/pdf/print/bg_1746-1747____1_1/bg_1746-1747____1_1_01.pdf,https://weburn.kb.se/riks/metadata/bl/3ddt3cxz19pktcbl.html,1746-1747
bg_1746-1747____1_1_02,Om riksdagstrycket,borgare,1746,1747,https://weburn.kb.se/riks/ståndsriksdagen/xml/bg_1746-1747____1_1/bg_1746-1747____1_1_02.xml,https://weburn.kb.se/riks/ståndsriksdagen/pdf/print/bg_1746-1747____1_1/bg_1746-1747____1_1_02.pdf,https://weburn.kb.se/riks/metadata/bl/3ddt3cxz19pktcbl.html,1746-1747
bg_1746-1747____2_1_01,Om riksdagstrycket,borgare,1746,1747,https://weburn.kb.se/riks/ståndsriksdagen/xml/bg_1746-1747____2_1/bg_1746-1747____2_1_01.xml,https://weburn.kb.se/riks/ståndsriksdagen/pdf/print/bg_1746-1747____2_1/bg_1746-1747____2_1_01.pdf,https://weburn.kb.se/riks/metadata/qd/7jjz8t105jrv2rqd.html,1746-1747
bg_1746-1747____2_1_02,Om riksdagstrycket,borgare,1746,1747,https://weburn.kb.se/riks/ståndsriksdagen/xml/bg_1746-1747____2_1/bg_1746-1747____2_1_02.xml,https://weburn.kb.se/riks/ståndsriksdagen/pdf/print/bg_1746-1747____2_1/bg_1746-1747____2_1_02.pdf,https://weburn.kb.se/riks/metadata/qd/7jjz8t105jrv2rqd.html,1746-1747
bg_1746-1747____reg,Om riksdagstrycket,borgare,1746,1747,https://weburn.kb.se/riks/ståndsriksdagen/xml/bg_1746-1747____2_1/bg_1746-1747____reg.xml,https://weburn.kb.se/riks/ståndsriksdagen/pdf/print/bg_1746-1747____2_1/bg_1746-1747____reg.pdf,https://weburn.kb.se/riks/metadata/qd/7jjz8t105jrv2rqd.html,1746-1747
pr_1746-1747,Om riksdagstrycket,praster,1746,1747,,https://weburn.kb.se/riks/ståndsriksdagen/pdf/pr_1746-1747/pr_1746-1747.pdf,https://weburn.kb.se/riks/metadata/42/22614142.html,1746-1747
roa_1746-1747_1_,Om riksdagstrycket,adel,1746,1747,https://weburn.kb.se/riks/ståndsriksdagen/xml/roa_1746-1747_1_/roa_1746-1747_1_.xml,https://weburn.kb.se/riks/ståndsriksdagen/pdf/roa_1746-1747_1_/roa_1746-1747_1_.pdf,https://weburn.kb.se/riks/metadata/70/21799270.html,1746-1747
roa_1746-1747_2_,Om riksdagstrycket,adel,1746,1747,https://weburn.kb.se/riks/ståndsriksdagen/xml/roa_1746-1747_2_/roa_1746-1747_2_.xml,https://weburn.kb.se/riks/ståndsriksdagen/pdf/roa_1746-1747_2_/roa_1746-1747_2_.pdf,https://weburn.kb.se/riks/metadata/72/21799272.html,1746-1747
roa_1746-1747_3_,Om riksdagstrycket,adel,1746,1747,https://weburn.kb.se/riks/ståndsriksdagen/xml/roa_1746-1747_3_/roa_1746-1747_3_.xml,https://weburn.kb.se/riks/ståndsriksdagen/pdf/roa_1746-1747_3_/roa_1746-1747_3_.pdf,https://weburn.kb.se/riks/metadata/73/21799273.html,1746-1747
rdbesl_1747__,Om riksdagstrycket,riksdagsbeslut,1747,1747,https://weburn.kb.se/riks/ståndsriksdagen/xml/rdbesl_1747__/rdbesl_1747__.xml,https://weburn.kb.se/riks/ståndsriksdagen/pdf/rdbesl_1747__/rdbesl_1747__.pdf,https://weburn.kb.se/riks/metadata/84/21799184.html,1747
bn_1751-1756___01,Om riksdagstrycket,bonder,1751,1756,https://weburn.kb.se/riks/ståndsriksdagen/xml/bn_1751-1756__/bn_1751-1756___01.xml,https://weburn.kb.se/riks/ståndsriksdagen/pdf/bn_1751-1756__/bn_1751-1756___01.pdf,https://weburn.kb.se/riks/metadata/38/21798738.html,1751-1756
bn_1751-1756___02,Om riksdagstrycket,bonder,1751,1756,https://weburn.kb.se/riks/ståndsriksdagen/xml/bn_1751-1756__/bn_1751-1756___02.xml,https://weburn.kb.se/riks/ståndsriksdagen/pdf/bn_1751-1756__/bn_1751-1756___02.pdf,https://weburn.kb.se/riks/metadata/38/21798738.html,1751-1756
bn_1751-1756___03,Om riksdagstrycket,bonder,1751,1756,https://weburn.kb.se/riks/ståndsriksdagen/xml/bn_1751-1756__/bn_1751-1756___03.xml,https://weburn.kb.se/riks/ståndsriksdagen/pdf/bn_1751-1756__/bn_1751-1756___03.pdf,https://weburn.kb.se/riks/metadata/38/21798738.html,1751-1756
bn_1751-1756___04,Om riksdagstrycket,bonder,1751,1756,https://weburn.kb.se/riks/ståndsriksdagen/xml/bn_1751-1756__/bn_1751-1756___04.xml,https://weburn.kb.se/riks/ståndsriksdagen/pdf/bn_1751-1756__/bn_1751-1756___04.pdf,https://weburn.kb.se/riks/metadata/38/21798738.html,1751-1756
bg_1751-1752____1_1_01,Om riksdagstrycket,borgare,1751,1752,https://weburn.kb.se/riks/ståndsriksdagen/xml/bg_1751-1752____1_1/bg_1751-1752____1_1_01.xml,https://weburn.kb.se/riks/ståndsriksdagen/pdf/print/bg_1751-1752____1_1/bg_1751-1752____1_1_01.pdf,https://weburn.kb.se/riks/metadata/6g/fqq5d6zbcrcnff6g.html,1751-1752
bg_1751-1752____1_1_02,Om riksdagstrycket,borgare,1751,1752,https://weburn.kb.se/riks/ståndsriksdagen/xml/bg_1751-1752____1_1/bg_1751-1752____1_1_02.xml,https://weburn.kb.se/riks/ståndsriksdagen/pdf/print/bg_1751-1752____1_1/bg_1751-1752____1_1_02.pdf,https://weburn.kb.se/riks/metadata/6g/fqq5d6zbcrcnff6g.html,1751-1752
bg_1751-1752____reg,Om riksdagstrycket,borgare,1751,1752,https://weburn.kb.se/riks/ståndsriksdagen/xml/bg_1751-1752____1_1/bg_1751-1752____reg.xml,https://weburn.kb.se/riks/ståndsriksdagen/pdf/print/bg_1751-1752____1_1/bg_1751-1752____reg.pdf,https://weburn.kb.se/riks/metadata/6g/fqq5d6zbcrcnff6g.html,1751-1752
pr_1751-1752,Om riksdagstrycket,praster,1751,1752,,https://weburn.kb.se/riks/ståndsriksdagen/pdf/pr_1751-1752/pr_1751-1752.pdf,https://weburn.kb.se/riks/metadata/55/22614155.html,1751-1752
roa_1751-1752__,Om riksdagstrycket,adel,1751,1752,https://weburn.kb.se/riks/ståndsriksdagen/xml/roa_1751-1752__/roa_1751-1752__.xml,https://weburn.kb.se/riks/ståndsriksdagen/pdf/roa_1751-1752__/roa_1751-1752__.pdf,https://weburn.kb.se/riks/metadata/75/21799275.html,1751-1752
rdbesl_1752__,Om riksdagstrycket,riksdagsbeslut,1752,1752,https://weburn.kb.se/riks/ståndsriksdagen/xml/rdbesl_1752__/rdbesl_1752__.xml,https://weburn.kb.se/riks/ståndsriksdagen/pdf/rdbesl_1752__/rdbesl_1752__.pdf,https://weburn.kb.se/riks/metadata/85/21799185.html,1752
bg_1755-1756_01,Om riksdagstrycket,borgare,1755,1756,,https://weburn.kb.se/riks/ståndsriksdagen/pdf/bg_1755-1756_01/bg_1755-1756_01.pdf,https://weburn.kb.se/riks/metadata/74/22614174.html,1755-1756
bg_1755-1756_02,Om riksdagstrycket,borgare,1755,1756,,https://weburn.kb.se/riks/ståndsriksdagen/pdf/bg_1755-1756_02/bg_1755-1756_02.pdf,https://weburn.kb.se/riks/metadata/74/22614174.html,1755-1756
pr_1755-1756_01,Om riksdagstrycket,praster,1755,1756,,https://weburn.kb.se/riks/ståndsriksdagen/pdf/pr_1755-1756_01/pr_1755-1756_01.pdf,https://weburn.kb.se/riks/metadata/62/22614162.html,1755-1756
pr_1755-1756_02,Om riksdagstrycket,praster,1755,1756,,https://weburn.kb.se/riks/ståndsriksdagen/pdf/pr_1755-1756_02/pr_1755-1756_02.pdf,https://weburn.kb.se/riks/metadata/67/22614167.html,1755-1756
roa_1755-1756__,Om riksdagstrycket,adel,1755,1756,https://weburn.kb.se/riks/ståndsriksdagen/xml/roa_1755-1756__/roa_1755-1756__.xml,https://weburn.kb.se/riks/ståndsriksdagen/pdf/roa_1755-1756__/roa_1755-1756__.pdf,https://weburn.kb.se/riks/metadata/77/21799277.html,1755-1756
rdbesl_1756__,Om riksdagstrycket,riksdagsbeslut,1756,1756,https://weburn.kb.se/riks/ståndsriksdagen/xml/rdbesl_1756__/rdbesl_1756__.xml,https://weburn.kb.se/riks/ståndsriksdagen/pdf/rdbesl_1756__/rdbesl_1756__.pdf,https://weburn.kb.se/riks/metadata/86/21799186.html,1756
bn_1760-1762_1__01,Om riksdagstrycket,bonder,1760,1762,https://weburn.kb.se/riks/ståndsriksdagen/xml/bn_1760-1762_1_/bn_1760-1762_1__01.xml,https://weburn.kb.se/riks/ståndsriksdagen/pdf/bn_1760-1762_1_/bn_1760-1762_1__01.pdf,https://weburn.kb.se/riks/metadata/41/21798741.html,1760-1762
bn_1760-1762_1__02,Om riksdagstrycket,bonder,1760,1762,https://weburn.kb.se/riks/ståndsriksdagen/xml/bn_1760-1762_1_/bn_1760-1762_1__02.xml,https://weburn.kb.se/riks/ståndsriksdagen/pdf/bn_1760-1762_1_/bn_1760-1762_1__02.pdf,https://weburn.kb.se/riks/metadata/41/21798741.html,1760-1762
bn_1760-1762_1__03,Om riksdagstrycket,bonder,1760,1762,https://weburn.kb.se/riks/ståndsriksdagen/xml/bn_1760-1762_1_/bn_1760-1762_1__03.xml,https://weburn.kb.se/riks/ståndsriksdagen/pdf/bn_1760-1762_1_/bn_1760-1762_1__03.pdf,https://weburn.kb.se/riks/metadata/41/21798741.html,1760-1762
bn_1760-1762_2__01,Om riksdagstrycket,bonder,1760,1762,https://weburn.kb.se/riks/ståndsriksdagen/xml/bn_1760-1762_2_/bn_1760-1762_2__01.xml,https://weburn.kb.se/riks/ståndsriksdagen/pdf/bn_1760-1762_2_/bn_1760-1762_2__01.pdf,https://weburn.kb.se/riks/metadata/43/21798743.html,1760-1762
bn_1760-1762_2__02,Om riksdagstrycket,bonder,1760,1762,https://weburn.kb.se/riks/ståndsriksdagen/xml/bn_1760-1762_2_/bn_1760-1762_2__02.xml,https://weburn.kb.se/riks/ståndsriksdagen/pdf/bn_1760-1762_2_/bn_1760-1762_2__02.pdf,https://weburn.kb.se/riks/metadata/43/21798743.html,1760-1762
bn_1760-1762_2__03,Om riksdagstrycket,bonder,1760,1762,https://weburn.kb.se/riks/ståndsriksdagen/xml/bn_1760-1762_2_/bn_1760-1762_2__03.xml,https://weburn.kb.se/riks/ståndsriksdagen/pdf/bn_1760-1762_2_/bn_1760-1762_2__03.pdf,https://weburn.kb.se/riks/metadata/43/21798743.html,1760-1762
bg_1760-1762_1,Om riksdagstrycket,borgare,1760,1762,,https://weburn.kb.se/riks/ståndsriksdagen/pdf/bg_1760-1762/bg_1760-1762_1.pdf,https://weburn.kb.se/riks/metadata/zh/7kb9z1mt58jm2bzh.html,1760-1762
bg_1760-1762_2,Om riksdagstrycket,borgare,1760,1762,,https://weburn.kb.se/riks/ståndsriksdagen/pdf/bg_1760-1762/bg_1760-1762_2.pdf,https://weburn.kb.se/riks/metadata/9c/cpgf5pjf9c3vpf9c.html,1760-1762
bg_1760-1762_3,Om riksdagstrycket,borgare,1760,1762,,https://weburn.kb.se/riks/ståndsriksdagen/pdf/bg_1760-1762/bg_1760-1762_3.pdf,https://weburn.kb.se/riks/metadata/wn/6j9817tq4g8n5lwn.html,1760-1762
pr_1760-1762_1,Om riksdagstrycket,praster,1760,1762,,https://weburn.kb.se/riks/ståndsriksdagen/pdf/pr_1760-1762/pr_1760-1762_1.pdf,https://weburn.kb.se/riks/metadata/6t/3f650nwl1nt54h6t.html,1760-1762
pr_1760-1762_2,Om riksdagstrycket,praster,1760,1762,,https://weburn.kb.se/riks/ståndsriksdagen/pdf/pr_1760-1762/pr_1760-1762_2.pdf,https://weburn.kb.se/riks/metadata/dn/z922w1mswcz8r7dn.html,1760-1762
roa_1760-1762_1__01,Om riksdagstrycket,adel,1760,1762,https://weburn.kb.se/riks/ståndsriksdagen/xml/roa_1760-1762_1_/roa_1760-1762_1__01.xml,https://weburn.kb.se/riks/ståndsriksdagen/pdf/roa_1760-1762_1_/roa_1760-1762_1__01.pdf,https://weburn.kb.se/riks/metadata/79/21799279.html,1760-1762
roa_1760-1762_1__02,Om riksdagstrycket,adel,1760,1762,https://weburn.kb.se/riks/ståndsriksdagen/xml/roa_1760-1762_1_/roa_1760-1762_1__02.xml,https://weburn.kb.se/riks/ståndsriksdagen/pdf/roa_1760-1762_1_/roa_1760-1762_1__02.pdf,https://weburn.kb.se/riks/metadata/79/21799279.html,1760-1762
roa_1760-1762_2_,Om riksdagstrycket,adel,1760,1762,https://weburn.kb.se/riks/ståndsriksdagen/xml/roa_1760-1762_2_/roa_1760-1762_2_.xml,https://weburn.kb.se/riks/ståndsriksdagen/pdf/roa_1760-1762_2_/roa_1760-1762_2_.pdf,https://weburn.kb.se/riks/metadata/81/21799281.html,1760-1762
roa_1760-1762_3__01,Om riksdagstrycket,adel,1760,1762,https://weburn.kb.se/riks/ståndsriksdagen/xml/roa_1760-1762_3_/roa_1760-1762_3__01.xml,https://weburn.kb.se/riks/ståndsriksdagen/pdf/roa_1760-1762_3_/roa_1760-1762_3__01.pdf,https://weburn.kb.se/riks/metadata/83/21799283.html,1760-1762
roa_1760-1762_3__02,Om riksdagstrycket,adel,1760,1762,https://weburn.kb.se/riks/ståndsriksdagen/xml/roa_1760-1762_3_/roa_1760-1762_3__02.xml,https://weburn.kb.se/riks/ståndsriksdagen/pdf/roa_1760-1762_3_/roa_1760-1762_3__02.pdf,https://weburn.kb.se/riks/metadata/83/21799283.html,1760-1762
roa_1760-1762_3__03,Om riksdagstrycket,adel,1760,1762,https://weburn.kb.se/riks/ståndsriksdagen/xml/roa_1760-1762_3_/roa_1760-1762_3__03.xml,https://weburn.kb.se/riks/ståndsriksdagen/pdf/roa_1760-1762_3_/roa_1760-1762_3__03.pdf,https://weburn.kb.se/riks/metadata/83/21799283.html,1760-1762
roa_1760-1762_4__01,Om riksdagstrycket,adel,1760,1762,https://weburn.kb.se/riks/ståndsriksdagen/xml/roa_1760-1762_4_/roa_1760-1762_4__01.xml,https://weburn.kb.se/riks/ståndsriksdagen/pdf/roa_1760-1762_4_/roa_1760-1762_4__01.pdf,https://weburn.kb.se/riks/metadata/84/21799284.html,1760-1762
roa_1760-1762_4__02,Om riksdagstrycket,adel,1760,1762,https://weburn.kb.se/riks/ståndsriksdagen/xml/roa_1760-1762_4_/roa_1760-1762_4__02.xml,https://weburn.kb.se/riks/ståndsriksdagen/pdf/roa_1760-1762_4_/roa_1760-1762_4__02.pdf,https://weburn.kb.se/riks/metadata/84/21799284.html,1760-1762
roa_1760-1762_4__03,Om riksdagstrycket,adel,1760,1762,https://weburn.kb.se/riks/ståndsriksdagen/xml/roa_1760-1762_4_/roa_1760-1762_4__03.xml,https://weburn.kb.se/riks/ståndsriksdagen/pdf/roa_1760-1762_4_/roa_1760-1762_4__03.pdf,https://weburn.kb.se/riks/metadata/84/21799284.html,1760-1762
rdbesl_1762__,Om riksdagstrycket,riksdagsbeslut,1762,1762,https://weburn.kb.se/riks/ståndsriksdagen/xml/rdbesl_1762__/rdbesl_1762__.xml,https://weburn.kb.se/riks/ståndsriksdagen/pdf/rdbesl_1762__/rdbesl_1762__.pdf,https://weburn.kb.se/riks/metadata/87/21799187.html,1762
bn_1765-1766___01,Om riksdagstrycket,bonder,1765,1766,https://weburn.kb.se/riks/ståndsriksdagen/xml/bn_1765-1766__/bn_1765-1766___01.xml,https://weburn.kb.se/riks/ståndsriksdagen/pdf/bn_1765-1766__/bn_1765-1766___01.pdf,https://weburn.kb.se/riks/metadata/45/21798745.html,1765-1766
bn_1765-1766___02,Om riksdagstrycket,bonder,1765,1766,https://weburn.kb.se/riks/ståndsriksdagen/xml/bn_1765-1766__/bn_1765-1766___02.xml,https://weburn.kb.se/riks/ståndsriksdagen/pdf/bn_1765-1766__/bn_1765-1766___02.pdf,https://weburn.kb.se/riks/metadata/45/21798745.html,1765-1766
bn_1765-1766___03,Om riksdagstrycket,bonder,1765,1766,https://weburn.kb.se/riks/ståndsriksdagen/xml/bn_1765-1766__/bn_1765-1766___03.xml,https://weburn.kb.se/riks/ståndsriksdagen/pdf/bn_1765-1766__/bn_1765-1766___03.pdf,https://weburn.kb.se/riks/metadata/45/21798745.html,1765-1766
bn_1765-1766___04,Om riksdagstrycket,bonder,1765,1766,https://weburn.kb.se/riks/ståndsriksdagen/xml/bn_1765-1766__/bn_1765-1766___04.xml,https://weburn.kb.se/riks/ståndsriksdagen/pdf/bn_1765-1766__/bn_1765-1766___04.pdf,https://weburn.kb.se/riks/metadata/45/21798745.html,1765-1766
bg_1765-1766_1,Om riksdagstrycket,borgare,1765,1766,,https://weburn.kb.se/riks/ståndsriksdagen/pdf/bg_1765-1766/bg_1765-1766_1.pdf,https://weburn.kb.se/riks/metadata/rf/rc0gsbfxptl27wrf.html,1765-1766
bg_1765-1766_2,Om riksdagstrycket,borgare,1765,1766,,https://weburn.kb.se/riks/ståndsriksdagen/pdf/bg_1765-1766/bg_1765-1766_2.pdf,https://weburn.kb.se/riks/metadata/6j/qbzfsxc7nnknxc6j.html,1765-1766
pr_1765-1766_2,Om riksdagstrycket,praster,1765,1766,,https://weburn.kb.se/riks/ståndsriksdagen/pdf/pr_1765-1766/pr_1765-1766_2.pdf,https://weburn.kb.se/riks/metadata/pw/t8dk42trr9zw57pw.html,1765-1766
pr_1765-1766_1,Om riksdagstrycket,praster,1765,1766,,https://weburn.kb.se/riks/ståndsriksdagen/pdf/pr_1765-1766/pr_1765-1766_1.pdf,https://weburn.kb.se/riks/metadata/3p/t8dk392sr27tpd3p.html,1765-1766
roa_1765-1766_1__01,Om riksdagstrycket,adel,1765,1766,https://weburn.kb.se/riks/ståndsriksdagen/xml/roa_1765-1766_1_/roa_1765-1766_1__01.xml,https://weburn.kb.se/riks/ståndsriksdagen/pdf/roa_1765-1766_1_/roa_1765-1766_1__01.pdf,https://weburn.kb.se/riks/metadata/86/21799286.html,1765-1766
roa_1765-1766_1__02,Om riksdagstrycket,adel,1765,1766,https://weburn.kb.se/riks/ståndsriksdagen/xml/roa_1765-1766_1_/roa_1765-1766_1__02.xml,https://weburn.kb.se/riks/ståndsriksdagen/pdf/roa_1765-1766_1_/roa_1765-1766_1__02.pdf,https://weburn.kb.se/riks/metadata/86/21799286.html,1765-1766
roa_1765-1766_1__03,Om riksdagstrycket,adel,1765,1766,https://weburn.kb.se/riks/ståndsriksdagen/xml/roa_1765-1766_1_/roa_1765-1766_1__03.xml,https://weburn.kb.se/riks/ståndsriksdagen/pdf/roa_1765-1766_1_/roa_1765-1766_1__03.pdf,https://weburn.kb.se/riks/metadata/86/21799286.html,1765-1766
roa_1765-1766_2__01,Om riksdagstrycket,adel,1765,1766,https://weburn.kb.se/riks/ståndsriksdagen/xml/roa_1765-1766_2_/roa_1765-1766_2__01.xml,https://weburn.kb.se/riks/ståndsriksdagen/pdf/roa_1765-1766_2_/roa_1765-1766_2__01.pdf,https://weburn.kb.se/riks/metadata/88/21799288.html,1765-1766
roa_1765-1766_2__02,Om riksdagstrycket,adel,1765,1766,https://weburn.kb.se/riks/ståndsriksdagen/xml/roa_1765-1766_2_/roa_1765-1766_2__02.xml,https://weburn.kb.se/riks/ståndsriksdagen/pdf/roa_1765-1766_2_/roa_1765-1766_2__02.pdf,https://weburn.kb.se/riks/metadata/88/21799288.html,1765-1766
roa_1765-1766_2__03,Om riksdagstrycket,adel,1765,1766,https://weburn.kb.se/riks/ståndsriksdagen/xml/roa_1765-1766_2_/roa_1765-1766_2__03.xml,https://weburn.kb.se/riks/ståndsriksdagen/pdf/roa_1765-1766_2_/roa_1765-1766_2__03.pdf,https://weburn.kb.se/riks/metadata/88/21799288.html,1765-1766
roa_1765-1766_3__01,Om riksdagstrycket,adel,1765,1766,https://weburn.kb.se/riks/ståndsriksdagen/xml/roa_1765-1766_3_/roa_1765-1766_3__01.xml,https://weburn.kb.se/riks/ståndsriksdagen/pdf/roa_1765-1766_3_/roa_1765-1766_3__01.pdf,https://weburn.kb.se/riks/metadata/90/21799290.html,1765-1766
roa_1765-1766_3__02,Om riksdagstrycket,adel,1765,1766,https://weburn.kb.se/riks/ståndsriksdagen/xml/roa_1765-1766_3_/roa_1765-1766_3__02.xml,https://weburn.kb.se/riks/ståndsriksdagen/pdf/roa_1765-1766_3_/roa_1765-1766_3__02.pdf,https://weburn.kb.se/riks/metadata/90/21799290.html,1765-1766
rdbesl_1766__,Om riksdagstrycket,riksdagsbeslut,1766,1766,https://weburn.kb.se/riks/ståndsriksdagen/xml/rdbesl_1766__/rdbesl_1766__.xml,https://weburn.kb.se/riks/ståndsriksdagen/pdf/rdbesl_1766__/rdbesl_1766__.pdf,https://weburn.kb.se/riks/metadata/88/21799188.html,1766
bn_1769-1770___01,Om riksdagstrycket,bonder,1769,1770,https://weburn.kb.se/riks/ståndsriksdagen/xml/bn_1769-1770__/bn_1769-1770___01.xml,https://weburn.kb.se/riks/ståndsriksdagen/pdf/bn_1769-1770__/bn_1769-1770___01.pdf,https://weburn.kb.se/riks/metadata/46/21798746.html,1769-1770
bn_1769-1770___02,Om riksdagstrycket,bonder,1769,1770,https://weburn.kb.se/riks/ståndsriksdagen/xml/bn_1769-1770__/bn_1769-1770___02.xml,https://weburn.kb.se/riks/ståndsriksdagen/pdf/bn_1769-1770__/bn_1769-1770___02.pdf,https://weburn.kb.se/riks/metadata/46/21798746.html,1769-1770
bn_1769-1770___03,Om riksdagstrycket,bonder,1769,1770,https://weburn.kb.se/riks/ståndsriksdagen/xml/bn_1769-1770__/bn_1769-1770___03.xml,https://weburn.kb.se/riks/ståndsriksdagen/pdf/bn_1769-1770__/bn_1769-1770___03.pdf,https://weburn.kb.se/riks/metadata/46/21798746.html,1769-1770
roa_1769-1770_1__01,Om riksdagstrycket,adel,1769,1770,https://weburn.kb.se/riks/ståndsriksdagen/xml/roa_1769-1770_1_/roa_1769-1770_1__01.xml,https://weburn.kb.se/riks/ståndsriksdagen/pdf/roa_1769-1770_1_/roa_1769-1770_1__01.pdf,https://weburn.kb.se/riks/metadata/91/21799291.html,1769-1770
roa_1769-1770_1__02,Om riksdagstrycket,adel,1769,1770,https://weburn.kb.se/riks/ståndsriksdagen/xml/roa_1769-1770_1_/roa_1769-1770_1__02.xml,https://weburn.kb.se/riks/ståndsriksdagen/pdf/roa_1769-1770_1_/roa_1769-1770_1__02.pdf,https://weburn.kb.se/riks/metadata/91/21799291.html,1769-1770
roa_1769-1770_1__03,Om riksdagstrycket,adel,1769,1770,https://weburn.kb.se/riks/ståndsriksdagen/xml/roa_1769-1770_1_/roa_1769-1770_1__03.xml,https://weburn.kb.se/riks/ståndsriksdagen/pdf/roa_1769-1770_1_/roa_1769-1770_1__03.pdf,https://weburn.kb.se/riks/metadata/91/21799291.html,1769-1770
roa_1769-1770_2__01,Om riksdagstrycket,adel,1769,1770,https://weburn.kb.se/riks/ståndsriksdagen/xml/roa_1769-1770_2_/roa_1769-1770_2__01.xml,https://weburn.kb.se/riks/ståndsriksdagen/pdf/roa_1769-1770_2_/roa_1769-1770_2__01.pdf,https://weburn.kb.se/riks/metadata/92/21799292.html,1769-1770
roa_1769-1770_2__02,Om riksdagstrycket,adel,1769,1770,https://weburn.kb.se/riks/ståndsriksdagen/xml/roa_1769-1770_2_/roa_1769-1770_2__02.xml,https://weburn.kb.se/riks/ståndsriksdagen/pdf/roa_1769-1770_2_/roa_1769-1770_2__02.pdf,https://weburn.kb.se/riks/metadata/92/21799292.html,1769-1770
rdbesl_1770__,Om riksdagstrycket,riksdagsbeslut,1770,1770,https://weburn.kb.se/riks/ståndsriksdagen/xml/rdbesl_1770__/rdbesl_1770__.xml,https://weburn.kb.se/riks/ståndsriksdagen/pdf/rdbesl_1770__/rdbesl_1770__.pdf,https://weburn.kb.se/riks/metadata/90/21799190.html,1770
bn_1771-1772___01,Om riksdagstrycket,bonder,1771,1772,https://weburn.kb.se/riks/ståndsriksdagen/xml/bn_1771-1772__/bn_1771-1772___01.xml,https://weburn.kb.se/riks/ståndsriksdagen/pdf/bn_1771-1772__/bn_1771-1772___01.pdf,https://weburn.kb.se/riks/metadata/47/21798747.html,1771-1772
bn_1771-1772___02,Om riksdagstrycket,bonder,1771,1772,https://weburn.kb.se/riks/ståndsriksdagen/xml/bn_1771-1772__/bn_1771-1772___02.xml,https://weburn.kb.se/riks/ståndsriksdagen/pdf/bn_1771-1772__/bn_1771-1772___02.pdf,https://weburn.kb.se/riks/metadata/47/21798747.html,1771-1772
bn_1771-1772___03,Om riksdagstrycket,bonder,1771,1772,https://weburn.kb.se/riks/ståndsriksdagen/xml/bn_1771-1772__/bn_1771-1772___03.xml,https://weburn.kb.se/riks/ståndsriksdagen/pdf/bn_1771-1772__/bn_1771-1772___03.pdf,https://weburn.kb.se/riks/metadata/47/21798747.html,1771-1772
bn_1771-1772___04,Om riksdagstrycket,bonder,1771,1772,https://weburn.kb.se/riks/ståndsriksdagen/xml/bn_1771-1772__/bn_1771-1772___04.xml,https://weburn.kb.se/riks/ståndsriksdagen/pdf/bn_1771-1772__/bn_1771-1772___04.pdf,https://weburn.kb.se/riks/metadata/47/21798747.html,1771-1772
roa_1771-1772_1__01,Om riksdagstrycket,adel,1771,1772,https://weburn.kb.se/riks/ståndsriksdagen/xml/roa_1771-1772_1_/roa_1771-1772_1__01.xml,https://weburn.kb.se/riks/ståndsriksdagen/pdf/roa_1771-1772_1_/roa_1771-1772_1__01.pdf,https://weburn.kb.se/riks/metadata/93/21799293.html,1771-1772
roa_1771-1772_1__02,Om riksdagstrycket,adel,1771,1772,https://weburn.kb.se/riks/ståndsriksdagen/xml/roa_1771-1772_1_/roa_1771-1772_1__02.xml,https://weburn.kb.se/riks/ståndsriksdagen/pdf/roa_1771-1772_1_/roa_1771-1772_1__02.pdf,https://weburn.kb.se/riks/metadata/93/21799293.html,1771-1772
roa_1771-1772_1__03,Om riksdagstrycket,adel,1771,1772,https://weburn.kb.se/riks/ståndsriksdagen/xml/roa_1771-1772_1_/roa_1771-1772_1__03.xml,https://weburn.kb.se/riks/ståndsriksdagen/pdf/roa_1771-1772_1_/roa_1771-1772_1__03.pdf,https://weburn.kb.se/riks/metadata/93/21799293.html,1771-1772
roa_1771-1772_2__01,Om riksdagstrycket,adel,1771,1772,https://weburn.kb.se/riks/ståndsriksdagen/xml/roa_1771-1772_2_/roa_1771-1772_2__01.xml,https://weburn.kb.se/riks/ståndsriksdagen/pdf/roa_1771-1772_2_/roa_1771-1772_2__01.pdf,https://weburn.kb.se/riks/metadata/94/21799294.html,1771-1772
roa_1771-1772_2__02,Om riksdagstrycket,adel,1771,1772,https://weburn.kb.se/riks/ståndsriksdagen/xml/roa_1771-1772_2_/roa_1771-1772_2__02.xml,https://weburn.kb.se/riks/ståndsriksdagen/pdf/roa_1771-1772_2_/roa_1771-1772_2__02.pdf,https://weburn.kb.se/riks/metadata/94/21799294.html,1771-1772
roa_1771-1772_3__01,Om riksdagstrycket,adel,1771,1772,https://weburn.kb.se/riks/ståndsriksdagen/xml/roa_1771-1772_3_/roa_1771-1772_3__01.xml,https://weburn.kb.se/riks/ståndsriksdagen/pdf/roa_1771-1772_3_/roa_1771-1772_3__01.pdf,https://weburn.kb.se/riks/metadata/95/21799295.html,1771-1772
roa_1771-1772_3__02,Om riksdagstrycket,adel,1771,1772,https://weburn.kb.se/riks/ståndsriksdagen/xml/roa_1771-1772_3_/roa_1771-1772_3__02.xml,https://weburn.kb.se/riks/ståndsriksdagen/pdf/roa_1771-1772_3_/roa_1771-1772_3__02.pdf,https://weburn.kb.se/riks/metadata/95/21799295.html,1771-1772
roa_1771-1772_3__03,Om riksdagstrycket,adel,1771,1772,https://weburn.kb.se/riks/ståndsriksdagen/xml/roa_1771-1772_3_/roa_1771-1772_3__03.xml,https://weburn.kb.se/riks/ståndsriksdagen/pdf/roa_1771-1772_3_/roa_1771-1772_3__03.pdf,https://weburn.kb.se/riks/metadata/95/21799295.html,1771-1772
rdbesl_1772__,Om riksdagstrycket,riksdagsbeslut,1772,1772,https://weburn.kb.se/riks/ståndsriksdagen/xml/rdbesl_1772__/rdbesl_1772__.xml,https://weburn.kb.se/riks/ståndsriksdagen/pdf/rdbesl_1772__/rdbesl_1772__.pdf,https://weburn.kb.se/riks/metadata/91/21799191.html,1772
bn_1778-1779__,Om riksdagstrycket,bonder,1778,1779,https://weburn.kb.se/riks/ståndsriksdagen/xml/bn_1778-1779__/bn_1778-1779__.xml,https://weburn.kb.se/riks/ståndsriksdagen/pdf/bn_1778-1779__/bn_1778-1779__.pdf,https://weburn.kb.se/riks/metadata/48/21798748.html,1778-1779
pr_1778-1779__,Om riksdagstrycket,praster,1778,1779,https://weburn.kb.se/riks/ståndsriksdagen/xml/pr_1778-1779__/pr_1778-1779__.xml,https://weburn.kb.se/riks/ståndsriksdagen/pdf/pr_1778-1779__/pr_1778-1779__.pdf,https://weburn.kb.se/riks/metadata/34/21798934.html,1778-1779
roa_1778-1779___01,Om riksdagstrycket,adel,1778,1779,https://weburn.kb.se/riks/ståndsriksdagen/xml/roa_1778-1779__/roa_1778-1779___01.xml,https://weburn.kb.se/riks/ståndsriksdagen/pdf/roa_1778-1779__/roa_1778-1779___01.pdf,https://weburn.kb.se/riks/metadata/96/21799296.html,1778-1779
roa_1778-1779___02,Om riksdagstrycket,adel,1778,1779,https://weburn.kb.se/riks/ståndsriksdagen/xml/roa_1778-1779__/roa_1778-1779___02.xml,https://weburn.kb.se/riks/ståndsriksdagen/pdf/roa_1778-1779__/roa_1778-1779___02.pdf,https://weburn.kb.se/riks/metadata/96/21799296.html,1778-1779
roa_1778-1779___03,Om riksdagstrycket,adel,1778,1779,https://weburn.kb.se/riks/ståndsriksdagen/xml/roa_1778-1779__/roa_1778-1779___03.xml,https://weburn.kb.se/riks/ståndsriksdagen/pdf/roa_1778-1779__/roa_1778-1779___03.pdf,https://weburn.kb.se/riks/metadata/96/21799296.html,1778-1779
rdbesl_1779__,Om riksdagstrycket,riksdagsbeslut,1779,1779,https://weburn.kb.se/riks/ståndsriksdagen/xml/rdbesl_1779__/rdbesl_1779__.xml,https://weburn.kb.se/riks/ståndsriksdagen/pdf/rdbesl_1779__/rdbesl_1779__.pdf,https://weburn.kb.se/riks/metadata/92/21799192.html,1779
bg_1786__,Om riksdagstrycket,borgare,1786,1786,https://weburn.kb.se/riks/ståndsriksdagen/xml/bg_1786__/bg_1786__.xml,https://weburn.kb.se/riks/ståndsriksdagen/pdf/bg_1786__/bg_1786__.pdf,https://weburn.kb.se/riks/metadata/30/21797830.html,1786
bn_1786__,Om riksdagstrycket,bonder,1786,1786,https://weburn.kb.se/riks/ståndsriksdagen/xml/bn_1786__/bn_1786__.xml,https://weburn.kb.se/riks/ståndsriksdagen/pdf/bn_1786__/bn_1786__.pdf,https://weburn.kb.se/riks/metadata/49/21798749.html,1786
pr_1786___01,Om riksdagstrycket,praster,1786,1786,https://weburn.kb.se/riks/ståndsriksdagen/xml/pr_1786__/pr_1786___01.xml,https://weburn.kb.se/riks/ståndsriksdagen/pdf/pr_1786__/pr_1786___01.pdf,https://weburn.kb.se/riks/metadata/36/21798936.html,1786
pr_1786___02,Om riksdagstrycket,praster,1786,1786,https://weburn.kb.se/riks/ståndsriksdagen/xml/pr_1786__/pr_1786___02.xml,https://weburn.kb.se/riks/ståndsriksdagen/pdf/pr_1786__/pr_1786___02.pdf,https://weburn.kb.se/riks/metadata/36/21798936.html,1786
rdbesl_1786__,Om riksdagstrycket,riksdagsbeslut,1786,1786,https://weburn.kb.se/riks/ståndsriksdagen/xml/rdbesl_1786__/rdbesl_1786__.xml,https://weburn.kb.se/riks/ståndsriksdagen/pdf/rdbesl_1786__/rdbesl_1786__.pdf,https://weburn.kb.se/riks/metadata/93/21799193.html,1786
roa_1786__,Om riksdagstrycket,adel,1786,1786,https://weburn.kb.se/riks/ståndsriksdagen/xml/roa_1786__/roa_1786__.xml,https://weburn.kb.se/riks/ståndsriksdagen/pdf/roa_1786__/roa_1786__.pdf,https://weburn.kb.se/riks/metadata/97/21799297.html,1786
bn_1789__,Om riksdagstrycket,bonder,1789,1789,https://weburn.kb.se/riks/ståndsriksdagen/xml/bn_1789__/bn_1789__.xml,https://weburn.kb.se/riks/ståndsriksdagen/pdf/bn_1789__/bn_1789__.pdf,https://weburn.kb.se/riks/metadata/43/22075143.html,1789
roa_1789_1__01,Om riksdagstrycket,adel,1789,1789,https://weburn.kb.se/riks/ståndsriksdagen/xml/roa_1789_1_/roa_1789_1__01.xml,https://weburn.kb.se/riks/ståndsriksdagen/pdf/roa_1789_1_/roa_1789_1__01.pdf,https://weburn.kb.se/riks/metadata/98/21799298.html,1789
roa_1789_1__02,Om riksdagstrycket,adel,1789,1789,https://weburn.kb.se/riks/ståndsriksdagen/xml/roa_1789_1_/roa_1789_1__02.xml,https://weburn.kb.se/riks/ståndsriksdagen/pdf/roa_1789_1_/roa_1789_1__02.pdf,https://weburn.kb.se/riks/metadata/98/21799298.html,1789
roa_1789_2_,Om riksdagstrycket,adel,1789,1789,https://weburn.kb.se/riks/ståndsriksdagen/xml/roa_1789_2_/roa_1789_2_.xml,https://weburn.kb.se/riks/ståndsriksdagen/pdf/roa_1789_2_/roa_1789_2_.pdf,https://weburn.kb.se/riks/metadata/99/21799299.html,1789
rdbesl_1789__,Om riksdagstrycket,riksdagsbeslut,1789,1789,https://weburn.kb.se/riks/ståndsriksdagen/xml/rdbesl_1789__/rdbesl_1789__.xml,https://weburn.kb.se/riks/ståndsriksdagen/pdf/rdbesl_1789__/rdbesl_1789__.pdf,https://weburn.kb.se/riks/metadata/94/21799194.html,1789
bg_1789__,Om riksdagstrycket,borgare,1789,1789,https://weburn.kb.se/riks/ståndsriksdagen/xml/bg_1789__/bg_1789__.xml,https://weburn.kb.se/riks/ståndsriksdagen/pdf/bg_1789__/bg_1789__.pdf,https://weburn.kb.se/riks/metadata/31/21797831.html,1789
bn_1792__,Om riksdagstrycket,bonder,1792,1792,https://weburn.kb.se/riks/ståndsriksdagen/xml/bn_1792__/bn_1792__.xml,https://weburn.kb.se/riks/ståndsriksdagen/pdf/bn_1792__/bn_1792__.pdf,https://weburn.kb.se/riks/metadata/52/21798752.html,1792
roa_1792__,Om riksdagstrycket,adel,1792,1792,https://weburn.kb.se/riks/ståndsriksdagen/xml/roa_1792__/roa_1792__.xml,https://weburn.kb.se/riks/ståndsriksdagen/pdf/roa_1792__/roa_1792__.pdf,https://weburn.kb.se/riks/metadata/00/21799300.html,1792
rdbesl_1792__,Om riksdagstrycket,riksdagsbeslut,1792,1792,https://weburn.kb.se/riks/ståndsriksdagen/xml/rdbesl_1792__/rdbesl_1792__.xml,https://weburn.kb.se/riks/ståndsriksdagen/pdf/rdbesl_1792__/rdbesl_1792__.pdf,https://weburn.kb.se/riks/metadata/95/21799195.html,1792
bg_1792__,Om riksdagstrycket,borgare,1792,1792,https://weburn.kb.se/riks/ståndsriksdagen/xml/bg_1792__/bg_1792__.xml,https://weburn.kb.se/riks/ståndsriksdagen/pdf/bg_1792__/bg_1792__.pdf,https://weburn.kb.se/riks/metadata/33/21797833.html,1792
roa_1800_3_,Om riksdagstrycket,adel,1800,1800,https://weburn.kb.se/riks/ståndsriksdagen/xml/roa_1800_3_/roa_1800_3_.xml,https://weburn.kb.se/riks/ståndsriksdagen/pdf/roa_1800_3_/roa_1800_3_.pdf,https://weburn.kb.se/riks/metadata/03/21799303.html,1800
roa_1800_2__02,Om riksdagstrycket,adel,1800,1800,https://weburn.kb.se/riks/ståndsriksdagen/xml/roa_1800_2_/roa_1800_2__02.xml,https://weburn.kb.se/riks/ståndsriksdagen/pdf/roa_1800_2_/roa_1800_2__02.pdf,https://weburn.kb.se/riks/metadata/02/21799302.html,1800
roa_1800_2__03,Om riksdagstrycket,adel,1800,1800,https://weburn.kb.se/riks/ståndsriksdagen/xml/roa_1800_2_/roa_1800_2__03.xml,https://weburn.kb.se/riks/ståndsriksdagen/pdf/roa_1800_2_/roa_1800_2__03.pdf,https://weburn.kb.se/riks/metadata/02/21799302.html,1800
roa_1800_2__04,Om riksdagstrycket,adel,1800,1800,https://weburn.kb.se/riks/ståndsriksdagen/xml/roa_1800_2_/roa_1800_2__04.xml,https://weburn.kb.se/riks/ståndsriksdagen/pdf/roa_1800_2_/roa_1800_2__04.pdf,https://weburn.kb.se/riks/metadata/02/21799302.html,1800
roa_1800_1__01,Om riksdagstrycket,adel,1800,1800,https://weburn.kb.se/riks/ståndsriksdagen/xml/roa_1800_1_/roa_1800_1__01.xml,https://weburn.kb.se/riks/ståndsriksdagen/pdf/roa_1800_1_/roa_1800_1__01.pdf,https://weburn.kb.se/riks/metadata/01/21799301.html,1800
roa_1800_1__02,Om riksdagstrycket,adel,1800,1800,https://weburn.kb.se/riks/ståndsriksdagen/xml/roa_1800_1_/roa_1800_1__02.xml,https://weburn.kb.se/riks/ståndsriksdagen/pdf/roa_1800_1_/roa_1800_1__02.pdf,https://weburn.kb.se/riks/metadata/01/21799301.html,1800
roa_1800_2__01,Om riksdagstrycket,adel,1800,1800,https://weburn.kb.se/riks/ståndsriksdagen/xml/roa_1800_2_/roa_1800_2__01.xml,https://weburn.kb.se/riks/ståndsriksdagen/pdf/roa_1800_2_/roa_1800_2__01.pdf,https://weburn.kb.se/riks/metadata/01/21799301.html,1800
bn_1800___01,Om riksdagstrycket,bonder,1800,1800,https://weburn.kb.se/riks/ståndsriksdagen/xml/bn_1800__/bn_1800___01.xml,https://weburn.kb.se/riks/ståndsriksdagen/pdf/bn_1800__/bn_1800___01.pdf,https://weburn.kb.se/riks/metadata/53/21798753.html,1800
bn_1800___02,Om riksdagstrycket,bonder,1800,1800,https://weburn.kb.se/riks/ståndsriksdagen/xml/bn_1800__/bn_1800___02.xml,https://weburn.kb.se/riks/ståndsriksdagen/pdf/bn_1800__/bn_1800___02.pdf,https://weburn.kb.se/riks/metadata/53/21798753.html,1800
rdbesl_1800__,Om riksdagstrycket,riksdagsbeslut,1800,1800,https://weburn.kb.se/riks/ståndsriksdagen/xml/rdbesl_1800__/rdbesl_1800__.xml,https://weburn.kb.se/riks/ståndsriksdagen/pdf/rdbesl_1800__/rdbesl_1800__.pdf,https://weburn.kb.se/riks/metadata/96/21799196.html,1800
bg_1800__,Om riksdagstrycket,borgare,1800,1800,https://weburn.kb.se/riks/ståndsriksdagen/xml/bg_1800__/bg_1800__.xml,https://weburn.kb.se/riks/ståndsriksdagen/pdf/bg_1800__/bg_1800__.pdf,https://weburn.kb.se/riks/metadata/36/21797836.html,1800
bn_1809-1810_2__01,Om riksdagstrycket,bonder,1809,1810,https://weburn.kb.se/riks/ståndsriksdagen/xml/bn_1809-1810_2_/bn_1809-1810_2__01.xml,https://weburn.kb.se/riks/ståndsriksdagen/pdf/bn_1809-1810_2_/bn_1809-1810_2__01.pdf,https://weburn.kb.se/riks/metadata/56/21798756.html,1809-1810
bn_1809-1810_2__02,Om riksdagstrycket,bonder,1809,1810,https://weburn.kb.se/riks/ståndsriksdagen/xml/bn_1809-1810_2_/bn_1809-1810_2__02.xml,https://weburn.kb.se/riks/ståndsriksdagen/pdf/bn_1809-1810_2_/bn_1809-1810_2__02.pdf,https://weburn.kb.se/riks/metadata/56/21798756.html,1809-1810
bn_1809-1810_5__01,Om riksdagstrycket,bonder,1809,1810,https://weburn.kb.se/riks/ståndsriksdagen/xml/bn_1809-1810_5_/bn_1809-1810_5__01.xml,https://weburn.kb.se/riks/ståndsriksdagen/pdf/bn_1809-1810_5_/bn_1809-1810_5__01.pdf,https://weburn.kb.se/riks/metadata/59/21798759.html,1809-1810
bn_1809-1810_5__02,Om riksdagstrycket,bonder,1809,1810,https://weburn.kb.se/riks/ståndsriksdagen/xml/bn_1809-1810_5_/bn_1809-1810_5__02.xml,https://weburn.kb.se/riks/ståndsriksdagen/pdf/bn_1809-1810_5_/bn_1809-1810_5__02.pdf,https://weburn.kb.se/riks/metadata/59/21798759.html,1809-1810
bn_1809-1810_4_,Om riksdagstrycket,bonder,1809,1810,https://weburn.kb.se/riks/ståndsriksdagen/xml/bn_1809-1810_4_/bn_1809-1810_4_.xml,https://weburn.kb.se/riks/ståndsriksdagen/pdf/bn_1809-1810_4_/bn_1809-1810_4_.pdf,https://weburn.kb.se/riks/metadata/58/21798758.html,1809-1810
bn_1809-1810_1__01,Om riksdagstrycket,bonder,1809,1810,https://weburn.kb.se/riks/ståndsriksdagen/xml/bn_1809-1810_1_/bn_1809-1810_1__01.xml,https://weburn.kb.se/riks/ståndsriksdagen/pdf/bn_1809-1810_1_/bn_1809-1810_1__01.pdf,https://weburn.kb.se/riks/metadata/54/21798754.html,1809-1810
bn_1809-1810_1__02,Om riksdagstrycket,bonder,1809,1810,https://weburn.kb.se/riks/ståndsriksdagen/xml/bn_1809-1810_1_/bn_1809-1810_1__02.xml,https://weburn.kb.se/riks/ståndsriksdagen/pdf/bn_1809-1810_1_/bn_1809-1810_1__02.pdf,https://weburn.kb.se/riks/metadata/54/21798754.html,1809-1810
bn_1809-1810_1__03,Om riksdagstrycket,bonder,1809,1810,https://weburn.kb.se/riks/ståndsriksdagen/xml/bn_1809-1810_1_/bn_1809-1810_1__03.xml,https://weburn.kb.se/riks/ståndsriksdagen/pdf/bn_1809-1810_1_/bn_1809-1810_1__03.pdf,https://weburn.kb.se/riks/metadata/54/21798754.html,1809-1810
bn_1809-1810_9__01,Om riksdagstrycket,bonder,1809,1810,https://weburn.kb.se/riks/ståndsriksdagen/xml/bn_1809-1810_9_/bn_1809-1810_9__01.xml,https://weburn.kb.se/riks/ståndsriksdagen/pdf/bn_1809-1810_9_/bn_1809-1810_9__01.pdf,https://weburn.kb.se/riks/metadata/65/21798765.html,1809-1810
bn_1809-1810_9__02,Om riksdagstrycket,bonder,1809,1810,https://weburn.kb.se/riks/ståndsriksdagen/xml/bn_1809-1810_9_/bn_1809-1810_9__02.xml,https://weburn.kb.se/riks/ståndsriksdagen/pdf/bn_1809-1810_9_/bn_1809-1810_9__02.pdf,https://weburn.kb.se/riks/metadata/65/21798765.html,1809-1810
bn_1809-1810_9__03,Om riksdagstrycket,bonder,1809,1810,https://weburn.kb.se/riks/ståndsriksdagen/xml/bn_1809-1810_9_/bn_1809-1810_9__03.xml,https://weburn.kb.se/riks/ståndsriksdagen/pdf/bn_1809-1810_9_/bn_1809-1810_9__03.pdf,https://weburn.kb.se/riks/metadata/65/21798765.html,1809-1810
bn_1809-1810_6__01,Om riksdagstrycket,bonder,1809,1810,https://weburn.kb.se/riks/ståndsriksdagen/xml/bn_1809-1810_6_/bn_1809-1810_6__01.xml,https://weburn.kb.se/riks/ståndsriksdagen/pdf/bn_1809-1810_6_/bn_1809-1810_6__01.pdf,https://weburn.kb.se/riks/metadata/60/21798760.html,1809-1810
bn_1809-1810_6__02,Om riksdagstrycket,bonder,1809,1810,https://weburn.kb.se/riks/ståndsriksdagen/xml/bn_1809-1810_6_/bn_1809-1810_6__02.xml,https://weburn.kb.se/riks/ståndsriksdagen/pdf/bn_1809-1810_6_/bn_1809-1810_6__02.pdf,https://weburn.kb.se/riks/metadata/60/21798760.html,1809-1810
bn_1809-1810_6__03,Om riksdagstrycket,bonder,1809,1810,https://weburn.kb.se/riks/ståndsriksdagen/xml/bn_1809-1810_6_/bn_1809-1810_6__03.xml,https://weburn.kb.se/riks/ståndsriksdagen/pdf/bn_1809-1810_6_/bn_1809-1810_6__03.pdf,https://weburn.kb.se/riks/metadata/60/21798760.html,1809-1810
bn_1809-1810_7__01,Om riksdagstrycket,bonder,1809,1810,https://weburn.kb.se/riks/ståndsriksdagen/xml/bn_1809-1810_7_/bn_1809-1810_7__01.xml,https://weburn.kb.se/riks/ståndsriksdagen/pdf/bn_1809-1810_7_/bn_1809-1810_7__01.pdf,https://weburn.kb.se/riks/metadata/61/21798761.html,1809-1810
bn_1809-1810_7__02,Om riksdagstrycket,bonder,1809,1810,https://weburn.kb.se/riks/ståndsriksdagen/xml/bn_1809-1810_7_/bn_1809-1810_7__02.xml,https://weburn.kb.se/riks/ståndsriksdagen/pdf/bn_1809-1810_7_/bn_1809-1810_7__02.pdf,https://weburn.kb.se/riks/metadata/61/21798761.html,1809-1810
bn_1809-1810_7__03,Om riksdagstrycket,bonder,1809,1810,https://weburn.kb.se/riks/ståndsriksdagen/xml/bn_1809-1810_7_/bn_1809-1810_7__03.xml,https://weburn.kb.se/riks/ståndsriksdagen/pdf/bn_1809-1810_7_/bn_1809-1810_7__03.pdf,https://weburn.kb.se/riks/metadata/61/21798761.html,1809-1810
bn_1809-1810_10__01,Om riksdagstrycket,bonder,1809,1810,https://weburn.kb.se/riks/ståndsriksdagen/xml/bn_1809-1810_10_/bn_1809-1810_10__01.xml,https://weburn.kb.se/riks/ståndsriksdagen/pdf/bn_1809-1810_10_/bn_1809-1810_10__01.pdf,https://weburn.kb.se/riks/metadata/55/21798755.html,1809-1810
bn_1809-1810_10__02,Om riksdagstrycket,bonder,1809,1810,https://weburn.kb.se/riks/ståndsriksdagen/xml/bn_1809-1810_10_/bn_1809-1810_10__02.xml,https://weburn.kb.se/riks/ståndsriksdagen/pdf/bn_1809-1810_10_/bn_1809-1810_10__02.pdf,https://weburn.kb.se/riks/metadata/55/21798755.html,1809-1810
bn_1809-1810_10__03,Om riksdagstrycket,bonder,1809,1810,https://weburn.kb.se/riks/ståndsriksdagen/xml/bn_1809-1810_10_/bn_1809-1810_10__03.xml,https://weburn.kb.se/riks/ståndsriksdagen/pdf/bn_1809-1810_10_/bn_1809-1810_10__03.pdf,https://weburn.kb.se/riks/metadata/55/21798755.html,1809-1810
bn_1809-1810_3__01,Om riksdagstrycket,bonder,1809,1810,https://weburn.kb.se/riks/ståndsriksdagen/xml/bn_1809-1810_3_/bn_1809-1810_3__01.xml,https://weburn.kb.se/riks/ståndsriksdagen/pdf/bn_1809-1810_3_/bn_1809-1810_3__01.pdf,https://weburn.kb.se/riks/metadata/57/21798757.html,1809-1810
bn_1809-1810_3__02,Om riksdagstrycket,bonder,1809,1810,https://weburn.kb.se/riks/ståndsriksdagen/xml/bn_1809-1810_3_/bn_1809-1810_3__02.xml,https://weburn.kb.se/riks/ståndsriksdagen/pdf/bn_1809-1810_3_/bn_1809-1810_3__02.pdf,https://weburn.kb.se/riks/metadata/57/21798757.html,1809-1810
bn_1809-1810_3__03,Om riksdagstrycket,bonder,1809,1810,https://weburn.kb.se/riks/ståndsriksdagen/xml/bn_1809-1810_3_/bn_1809-1810_3__03.xml,https://weburn.kb.se/riks/ståndsriksdagen/pdf/bn_1809-1810_3_/bn_1809-1810_3__03.pdf,https://weburn.kb.se/riks/metadata/57/21798757.html,1809-1810
bn_1809-1810_8__01,Om riksdagstrycket,bonder,1809,1810,https://weburn.kb.se/riks/ståndsriksdagen/xml/bn_1809-1810_8_/bn_1809-1810_8__01.xml,https://weburn.kb.se/riks/ståndsriksdagen/pdf/bn_1809-1810_8_/bn_1809-1810_8__01.pdf,https://weburn.kb.se/riks/metadata/62/21798762.html,1809-1810
bn_1809-1810_8__02,Om riksdagstrycket,bonder,1809,1810,https://weburn.kb.se/riks/ståndsriksdagen/xml/bn_1809-1810_8_/bn_1809-1810_8__02.xml,https://weburn.kb.se/riks/ståndsriksdagen/pdf/bn_1809-1810_8_/bn_1809-1810_8__02.pdf,https://weburn.kb.se/riks/metadata/62/21798762.html,1809-1810
bn_1809-1810_8__03,Om riksdagstrycket,bonder,1809,1810,https://weburn.kb.se/riks/ståndsriksdagen/xml/bn_1809-1810_8_/bn_1809-1810_8__03.xml,https://weburn.kb.se/riks/ståndsriksdagen/pdf/bn_1809-1810_8_/bn_1809-1810_8__03.pdf,https://weburn.kb.se/riks/metadata/62/21798762.html,1809-1810
persreg_1809-1866___01,Om riksdagstrycket,register,1809,1866,https://weburn.kb.se/riks/ståndsriksdagen/xml/persreg_1809-1866__/persreg_1809-1866___01.xml,https://weburn.kb.se/riks/ståndsriksdagen/pdf/persreg_1809-1866__/persreg_1809-1866___01.pdf,https://weburn.kb.se/riks/metadata/08/21798908.html,1809-1866
persreg_1809-1866___02,Om riksdagstrycket,register,1809,1866,https://weburn.kb.se/riks/ståndsriksdagen/xml/persreg_1809-1866__/persreg_1809-1866___02.xml,https://weburn.kb.se/riks/ståndsriksdagen/pdf/persreg_1809-1866__/persreg_1809-1866___02.pdf,https://weburn.kb.se/riks/metadata/08/21798908.html,1809-1866
pr_1809-1810_1_,Om riksdagstrycket,praster,1809,1810,https://weburn.kb.se/riks/ståndsriksdagen/xml/pr_1809-1810_1_/pr_1809-1810_1_.xml,https://weburn.kb.se/riks/ståndsriksdagen/pdf/pr_1809-1810_1_/pr_1809-1810_1_.pdf,https://weburn.kb.se/riks/metadata/37/21798937.html,1809-1810
pr_1809-1810_2_,Om riksdagstrycket,praster,1809,1810,https://weburn.kb.se/riks/ståndsriksdagen/xml/pr_1809-1810_2_/pr_1809-1810_2_.xml,https://weburn.kb.se/riks/ståndsriksdagen/pdf/pr_1809-1810_2_/pr_1809-1810_2_.pdf,https://weburn.kb.se/riks/metadata/39/21798939.html,1809-1810
pr_1809-1810_3__01,Om riksdagstrycket,praster,1809,1810,https://weburn.kb.se/riks/ståndsriksdagen/xml/pr_1809-1810_3_/pr_1809-1810_3__01.xml,https://weburn.kb.se/riks/ståndsriksdagen/pdf/pr_1809-1810_3_/pr_1809-1810_3__01.pdf,https://weburn.kb.se/riks/metadata/40/21798940.html,1809-1810
pr_1809-1810_3__02,Om riksdagstrycket,praster,1809,1810,https://weburn.kb.se/riks/ståndsriksdagen/xml/pr_1809-1810_3_/pr_1809-1810_3__02.xml,https://weburn.kb.se/riks/ståndsriksdagen/pdf/pr_1809-1810_3_/pr_1809-1810_3__02.pdf,https://weburn.kb.se/riks/metadata/40/21798940.html,1809-1810
pr_1809-1810_4_,Om riksdagstrycket,praster,1809,1810,https://weburn.kb.se/riks/ståndsriksdagen/xml/pr_1809-1810_4_/pr_1809-1810_4_.xml,https://weburn.kb.se/riks/ståndsriksdagen/pdf/pr_1809-1810_4_/pr_1809-1810_4_.pdf,https://weburn.kb.se/riks/metadata/42/21798942.html,1809-1810
pr_1809-1810_5-1_,Om riksdagstrycket,praster,1809,1810,https://weburn.kb.se/riks/ståndsriksdagen/xml/pr_1809-1810_5-1_/pr_1809-1810_5-1_.xml,https://weburn.kb.se/riks/ståndsriksdagen/pdf/pr_1809-1810_5-1_/pr_1809-1810_5-1_.pdf,https://weburn.kb.se/riks/metadata/43/21798943.html,1809-1810
pr_1809-1810_5-2_,Om riksdagstrycket,praster,1809,1810,https://weburn.kb.se/riks/ståndsriksdagen/xml/pr_1809-1810_5-2_/pr_1809-1810_5-2_.xml,https://weburn.kb.se/riks/ståndsriksdagen/pdf/pr_1809-1810_5-2_/pr_1809-1810_5-2_.pdf,https://weburn.kb.se/riks/metadata/46/21798946.html,1809-1810
pr_1809-1810_6_,Om riksdagstrycket,praster,1809,1810,https://weburn.kb.se/riks/ståndsriksdagen/xml/pr_1809-1810_6_/pr_1809-1810_6_.xml,https://weburn.kb.se/riks/ståndsriksdagen/pdf/pr_1809-1810_6_/pr_1809-1810_6_.pdf,https://weburn.kb.se/riks/metadata/51/21798951.html,1809-1810
roa_1809-1810_1__01,Om riksdagstrycket,adel,1809,1810,https://weburn.kb.se/riks/ståndsriksdagen/xml/roa_1809-1810_1_/roa_1809-1810_1__01.xml,https://weburn.kb.se/riks/ståndsriksdagen/pdf/roa_1809-1810_1_/roa_1809-1810_1__01.pdf,https://weburn.kb.se/riks/metadata/04/21799304.html,1809-1810
roa_1809-1810_1__02,Om riksdagstrycket,adel,1809,1810,https://weburn.kb.se/riks/ståndsriksdagen/xml/roa_1809-1810_1_/roa_1809-1810_1__02.xml,https://weburn.kb.se/riks/ståndsriksdagen/pdf/roa_1809-1810_1_/roa_1809-1810_1__02.pdf,https://weburn.kb.se/riks/metadata/04/21799304.html,1809-1810
roa_1809-1810_1__03,Om riksdagstrycket,adel,1809,1810,https://weburn.kb.se/riks/ståndsriksdagen/xml/roa_1809-1810_1_/roa_1809-1810_1__03.xml,https://weburn.kb.se/riks/ståndsriksdagen/pdf/roa_1809-1810_1_/roa_1809-1810_1__03.pdf,https://weburn.kb.se/riks/metadata/04/21799304.html,1809-1810
roa_1809-1810_1__04,Om riksdagstrycket,adel,1809,1810,https://weburn.kb.se/riks/ståndsriksdagen/xml/roa_1809-1810_1_/roa_1809-1810_1__04.xml,https://weburn.kb.se/riks/ståndsriksdagen/pdf/roa_1809-1810_1_/roa_1809-1810_1__04.pdf,https://weburn.kb.se/riks/metadata/04/21799304.html,1809-1810
roa_1809-1810_2__01,Om riksdagstrycket,adel,1809,1810,https://weburn.kb.se/riks/ståndsriksdagen/xml/roa_1809-1810_2_/roa_1809-1810_2__01.xml,https://weburn.kb.se/riks/ståndsriksdagen/pdf/roa_1809-1810_2_/roa_1809-1810_2__01.pdf,https://weburn.kb.se/riks/metadata/06/21799306.html,1809-1810
roa_1809-1810_2__02,Om riksdagstrycket,adel,1809,1810,https://weburn.kb.se/riks/ståndsriksdagen/xml/roa_1809-1810_2_/roa_1809-1810_2__02.xml,https://weburn.kb.se/riks/ståndsriksdagen/pdf/roa_1809-1810_2_/roa_1809-1810_2__02.pdf,https://weburn.kb.se/riks/metadata/06/21799306.html,1809-1810
roa_1809-1810_2__03,Om riksdagstrycket,adel,1809,1810,https://weburn.kb.se/riks/ståndsriksdagen/xml/roa_1809-1810_2_/roa_1809-1810_2__03.xml,https://weburn.kb.se/riks/ståndsriksdagen/pdf/roa_1809-1810_2_/roa_1809-1810_2__03.pdf,https://weburn.kb.se/riks/metadata/06/21799306.html,1809-1810
roa_1809-1810_2__04,Om riksdagstrycket,adel,1809,1810,https://weburn.kb.se/riks/ståndsriksdagen/xml/roa_1809-1810_2_/roa_1809-1810_2__04.xml,https://weburn.kb.se/riks/ståndsriksdagen/pdf/roa_1809-1810_2_/roa_1809-1810_2__04.pdf,https://weburn.kb.se/riks/metadata/06/21799306.html,1809-1810
roa_1809-1810_2__05,Om riksdagstrycket,adel,1809,1810,https://weburn.kb.se/riks/ståndsriksdagen/xml/roa_1809-1810_2_/roa_1809-1810_2__05.xml,https://weburn.kb.se/riks/ståndsriksdagen/pdf/roa_1809-1810_2_/roa_1809-1810_2__05.pdf,https://weburn.kb.se/riks/metadata/06/21799306.html,1809-1810
roa_1809-1810_3-1__01,Om riksdagstrycket,adel,1809,1810,https://weburn.kb.se/riks/ståndsriksdagen/xml/roa_1809-1810_3-1_/roa_1809-1810_3-1__01.xml,https://weburn.kb.se/riks/ståndsriksdagen/pdf/roa_1809-1810_3-1_/roa_1809-1810_3-1__01.pdf,https://weburn.kb.se/riks/metadata/07/21799307.html,1809-1810
roa_1809-1810_3-1__02,Om riksdagstrycket,adel,1809,1810,https://weburn.kb.se/riks/ståndsriksdagen/xml/roa_1809-1810_3-1_/roa_1809-1810_3-1__02.xml,https://weburn.kb.se/riks/ståndsriksdagen/pdf/roa_1809-1810_3-1_/roa_1809-1810_3-1__02.pdf,https://weburn.kb.se/riks/metadata/07/21799307.html,1809-1810
roa_1809-1810_3-1__03,Om riksdagstrycket,adel,1809,1810,https://weburn.kb.se/riks/ståndsriksdagen/xml/roa_1809-1810_3-1_/roa_1809-1810_3-1__03.xml,https://weburn.kb.se/riks/ståndsriksdagen/pdf/roa_1809-1810_3-1_/roa_1809-1810_3-1__03.pdf,https://weburn.kb.se/riks/metadata/07/21799307.html,1809-1810
roa_1809-1810_3-1__04,Om riksdagstrycket,adel,1809,1810,https://weburn.kb.se/riks/ståndsriksdagen/xml/roa_1809-1810_3-1_/roa_1809-1810_3-1__04.xml,https://weburn.kb.se/riks/ståndsriksdagen/pdf/roa_1809-1810_3-1_/roa_1809-1810_3-1__04.pdf,https://weburn.kb.se/riks/metadata/07/21799307.html,1809-1810
roa_1809-1810_3-2__01,Om riksdagstrycket,adel,1809,1810,https://weburn.kb.se/riks/ståndsriksdagen/xml/roa_1809-1810_3-2_/roa_1809-1810_3-2__01.xml,https://weburn.kb.se/riks/ståndsriksdagen/pdf/roa_1809-1810_3-2_/roa_1809-1810_3-2__01.pdf,https://weburn.kb.se/riks/metadata/07/21799307.html,1809-1810
roa_1809-1810_3-2__02,Om riksdagstrycket,adel,1809,1810,https://weburn.kb.se/riks/ståndsriksdagen/xml/roa_1809-1810_3-2_/roa_1809-1810_3-2__02.xml,https://weburn.kb.se/riks/ståndsriksdagen/pdf/roa_1809-1810_3-2_/roa_1809-1810_3-2__02.pdf,https://weburn.kb.se/riks/metadata/07/21799307.html,1809-1810
roa_1809-1810_3-2__03,Om riksdagstrycket,adel,1809,1810,https://weburn.kb.se/riks/ståndsriksdagen/xml/roa_1809-1810_3-2_/roa_1809-1810_3-2__03.xml,https://weburn.kb.se/riks/ståndsriksdagen/pdf/roa_1809-1810_3-2_/roa_1809-1810_3-2__03.pdf,https://weburn.kb.se/riks/metadata/07/21799307.html,1809-1810
roa_1809-1810_3-2__04,Om riksdagstrycket,adel,1809,1810,https://weburn.kb.se/riks/ståndsriksdagen/xml/roa_1809-1810_3-2_/roa_1809-1810_3-2__04.xml,https://weburn.kb.se/riks/ståndsriksdagen/pdf/roa_1809-1810_3-2_/roa_1809-1810_3-2__04.pdf,https://weburn.kb.se/riks/metadata/07/21799307.html,1809-1810
roa_1809-1810_4-1__01,Om riksdagstrycket,adel,1809,1810,https://weburn.kb.se/riks/ståndsriksdagen/xml/roa_1809-1810_4-1_/roa_1809-1810_4-1__01.xml,https://weburn.kb.se/riks/ståndsriksdagen/pdf/roa_1809-1810_4-1_/roa_1809-1810_4-1__01.pdf,https://weburn.kb.se/riks/metadata/08/21799308.html,1809-1810
roa_1809-1810_4-1__02,Om riksdagstrycket,adel,1809,1810,https://weburn.kb.se/riks/ståndsriksdagen/xml/roa_1809-1810_4-1_/roa_1809-1810_4-1__02.xml,https://weburn.kb.se/riks/ståndsriksdagen/pdf/roa_1809-1810_4-1_/roa_1809-1810_4-1__02.pdf,https://weburn.kb.se/riks/metadata/08/21799308.html,1809-1810
roa_1809-1810_4-1__03,Om riksdagstrycket,adel,1809,1810,https://weburn.kb.se/riks/ståndsriksdagen/xml/roa_1809-1810_4-1_/roa_1809-1810_4-1__03.xml,https://weburn.kb.se/riks/ståndsriksdagen/pdf/roa_1809-1810_4-1_/roa_1809-1810_4-1__03.pdf,https://weburn.kb.se/riks/metadata/08/21799308.html,1809-1810
roa_1809-1810_4-1__04,Om riksdagstrycket,adel,1809,1810,https://weburn.kb.se/riks/ståndsriksdagen/xml/roa_1809-1810_4-1_/roa_1809-1810_4-1__04.xml,https://weburn.kb.se/riks/ståndsriksdagen/pdf/roa_1809-1810_4-1_/roa_1809-1810_4-1__04.pdf,https://weburn.kb.se/riks/metadata/08/21799308.html,1809-1810
roa_1809-1810_4-1__05,Om riksdagstrycket,adel,1809,1810,https://weburn.kb.se/riks/ståndsriksdagen/xml/roa_1809-1810_4-1_/roa_1809-1810_4-1__05.xml,https://weburn.kb.se/riks/ståndsriksdagen/pdf/roa_1809-1810_4-1_/roa_1809-1810_4-1__05.pdf,https://weburn.kb.se/riks/metadata/08/21799308.html,1809-1810
roa_1809-1810_4-1__06,Om riksdagstrycket,adel,1809,1810,https://weburn.kb.se/riks/ståndsriksdagen/xml/roa_1809-1810_4-1_/roa_1809-1810_4-1__06.xml,https://weburn.kb.se/riks/ståndsriksdagen/pdf/roa_1809-1810_4-1_/roa_1809-1810_4-1__06.pdf,https://weburn.kb.se/riks/metadata/08/21799308.html,1809-1810
roa_1809-1810_4-1__07,Om riksdagstrycket,adel,1809,1810,https://weburn.kb.se/riks/ståndsriksdagen/xml/roa_1809-1810_4-1_/roa_1809-1810_4-1__07.xml,https://weburn.kb.se/riks/ståndsriksdagen/pdf/roa_1809-1810_4-1_/roa_1809-1810_4-1__07.pdf,https://weburn.kb.se/riks/metadata/08/21799308.html,1809-1810
roa_1809-1810_4-2__01,Om riksdagstrycket,adel,1809,1810,https://weburn.kb.se/riks/ståndsriksdagen/xml/roa_1809-1810_4-2_/roa_1809-1810_4-2__01.xml,https://weburn.kb.se/riks/ståndsriksdagen/pdf/roa_1809-1810_4-2_/roa_1809-1810_4-2__01.pdf,https://weburn.kb.se/riks/metadata/09/21799309.html,1809-1810
roa_1809-1810_4-2__02,Om riksdagstrycket,adel,1809,1810,https://weburn.kb.se/riks/ståndsriksdagen/xml/roa_1809-1810_4-2_/roa_1809-1810_4-2__02.xml,https://weburn.kb.se/riks/ståndsriksdagen/pdf/roa_1809-1810_4-2_/roa_1809-1810_4-2__02.pdf,https://weburn.kb.se/riks/metadata/09/21799309.html,1809-1810
roa_1809-1810_4-2__03,Om riksdagstrycket,adel,1809,1810,https://weburn.kb.se/riks/ståndsriksdagen/xml/roa_1809-1810_4-2_/roa_1809-1810_4-2__03.xml,https://weburn.kb.se/riks/ståndsriksdagen/pdf/roa_1809-1810_4-2_/roa_1809-1810_4-2__03.pdf,https://weburn.kb.se/riks/metadata/09/21799309.html,1809-1810
roa_1809-1810_4-2__04,Om riksdagstrycket,adel,1809,1810,https://weburn.kb.se/riks/ståndsriksdagen/xml/roa_1809-1810_4-2_/roa_1809-1810_4-2__04.xml,https://weburn.kb.se/riks/ståndsriksdagen/pdf/roa_1809-1810_4-2_/roa_1809-1810_4-2__04.pdf,https://weburn.kb.se/riks/metadata/09/21799309.html,1809-1810
roa_1809-1810_4-2__05,Om riksdagstrycket,adel,1809,1810,https://weburn.kb.se/riks/ståndsriksdagen/xml/roa_1809-1810_4-2_/roa_1809-1810_4-2__05.xml,https://weburn.kb.se/riks/ståndsriksdagen/pdf/roa_1809-1810_4-2_/roa_1809-1810_4-2__05.pdf,https://weburn.kb.se/riks/metadata/09/21799309.html,1809-1810
roa_1809-1810_4-2__06,Om riksdagstrycket,adel,1809,1810,https://weburn.kb.se/riks/ståndsriksdagen/xml/roa_1809-1810_4-2_/roa_1809-1810_4-2__06.xml,https://weburn.kb.se/riks/ståndsriksdagen/pdf/roa_1809-1810_4-2_/roa_1809-1810_4-2__06.pdf,https://weburn.kb.se/riks/metadata/09/21799309.html,1809-1810
roa_1809-1810_5-1__01,Om riksdagstrycket,adel,1809,1810,https://weburn.kb.se/riks/ståndsriksdagen/xml/roa_1809-1810_5-1_/roa_1809-1810_5-1__01.xml,https://weburn.kb.se/riks/ståndsriksdagen/pdf/roa_1809-1810_5-1_/roa_1809-1810_5-1__01.pdf,https://weburn.kb.se/riks/metadata/10/21799310.html,1809-1810
roa_1809-1810_5-1__02,Om riksdagstrycket,adel,1809,1810,https://weburn.kb.se/riks/ståndsriksdagen/xml/roa_1809-1810_5-1_/roa_1809-1810_5-1__02.xml,https://weburn.kb.se/riks/ståndsriksdagen/pdf/roa_1809-1810_5-1_/roa_1809-1810_5-1__02.pdf,https://weburn.kb.se/riks/metadata/10/21799310.html,1809-1810
roa_1809-1810_5-1__03,Om riksdagstrycket,adel,1809,1810,https://weburn.kb.se/riks/ståndsriksdagen/xml/roa_1809-1810_5-1_/roa_1809-1810_5-1__03.xml,https://weburn.kb.se/riks/ståndsriksdagen/pdf/roa_1809-1810_5-1_/roa_1809-1810_5-1__03.pdf,https://weburn.kb.se/riks/metadata/10/21799310.html,1809-1810
roa_1809-1810_5-1__04,Om riksdagstrycket,adel,1809,1810,https://weburn.kb.se/riks/ståndsriksdagen/xml/roa_1809-1810_5-1_/roa_1809-1810_5-1__04.xml,https://weburn.kb.se/riks/ståndsriksdagen/pdf/roa_1809-1810_5-1_/roa_1809-1810_5-1__04.pdf,https://weburn.kb.se/riks/metadata/10/21799310.html,1809-1810
roa_1809-1810_5-1__05,Om riksdagstrycket,adel,1809,1810,https://weburn.kb.se/riks/ståndsriksdagen/xml/roa_1809-1810_5-1_/roa_1809-1810_5-1__05.xml,https://weburn.kb.se/riks/ståndsriksdagen/pdf/roa_1809-1810_5-1_/roa_1809-1810_5-1__05.pdf,https://weburn.kb.se/riks/metadata/10/21799310.html,1809-1810
roa_1809-1810_5-2__01,Om riksdagstrycket,adel,1809,1810,https://weburn.kb.se/riks/ståndsriksdagen/xml/roa_1809-1810_5-2_/roa_1809-1810_5-2__01.xml,https://weburn.kb.se/riks/ståndsriksdagen/pdf/roa_1809-1810_5-2_/roa_1809-1810_5-2__01.pdf,https://weburn.kb.se/riks/metadata/11/21799311.html,1809-1810
roa_1809-1810_5-2__02,Om riksdagstrycket,adel,1809,1810,https://weburn.kb.se/riks/ståndsriksdagen/xml/roa_1809-1810_5-2_/roa_1809-1810_5-2__02.xml,https://weburn.kb.se/riks/ståndsriksdagen/pdf/roa_1809-1810_5-2_/roa_1809-1810_5-2__02.pdf,https://weburn.kb.se/riks/metadata/11/21799311.html,1809-1810
roa_1809-1810_5-2__03,Om riksdagstrycket,adel,1809,1810,https://weburn.kb.se/riks/ståndsriksdagen/xml/roa_1809-1810_5-2_/roa_1809-1810_5-2__03.xml,https://weburn.kb.se/riks/ståndsriksdagen/pdf/roa_1809-1810_5-2_/roa_1809-1810_5-2__03.pdf,https://weburn.kb.se/riks/metadata/11/21799311.html,1809-1810
roa_1809-1810_5-2__04,Om riksdagstrycket,adel,1809,1810,https://weburn.kb.se/riks/ståndsriksdagen/xml/roa_1809-1810_5-2_/roa_1809-1810_5-2__04.xml,https://weburn.kb.se/riks/ståndsriksdagen/pdf/roa_1809-1810_5-2_/roa_1809-1810_5-2__04.pdf,https://weburn.kb.se/riks/metadata/11/21799311.html,1809-1810
roa_1809-1810_5-2__05,Om riksdagstrycket,adel,1809,1810,https://weburn.kb.se/riks/ståndsriksdagen/xml/roa_1809-1810_5-2_/roa_1809-1810_5-2__05.xml,https://weburn.kb.se/riks/ståndsriksdagen/pdf/roa_1809-1810_5-2_/roa_1809-1810_5-2__05.pdf,https://weburn.kb.se/riks/metadata/11/21799311.html,1809-1810
roa_1809-1810_5-2__06,Om riksdagstrycket,adel,1809,1810,https://weburn.kb.se/riks/ståndsriksdagen/xml/roa_1809-1810_5-2_/roa_1809-1810_5-2__06.xml,https://weburn.kb.se/riks/ståndsriksdagen/pdf/roa_1809-1810_5-2_/roa_1809-1810_5-2__06.pdf,https://weburn.kb.se/riks/metadata/11/21799311.html,1809-1810
roa_1809-1810_6-1__01,Om riksdagstrycket,adel,1809,1810,https://weburn.kb.se/riks/ståndsriksdagen/xml/roa_1809-1810_6-1_/roa_1809-1810_6-1__01.xml,https://weburn.kb.se/riks/ståndsriksdagen/pdf/roa_1809-1810_6-1_/roa_1809-1810_6-1__01.pdf,https://weburn.kb.se/riks/metadata/12/21799312.html,1809-1810
roa_1809-1810_6-1__02,Om riksdagstrycket,adel,1809,1810,https://weburn.kb.se/riks/ståndsriksdagen/xml/roa_1809-1810_6-1_/roa_1809-1810_6-1__02.xml,https://weburn.kb.se/riks/ståndsriksdagen/pdf/roa_1809-1810_6-1_/roa_1809-1810_6-1__02.pdf,https://weburn.kb.se/riks/metadata/12/21799312.html,1809-1810
roa_1809-1810_6-1__03,Om riksdagstrycket,adel,1809,1810,https://weburn.kb.se/riks/ståndsriksdagen/xml/roa_1809-1810_6-1_/roa_1809-1810_6-1__03.xml,https://weburn.kb.se/riks/ståndsriksdagen/pdf/roa_1809-1810_6-1_/roa_1809-1810_6-1__03.pdf,https://weburn.kb.se/riks/metadata/12/21799312.html,1809-1810
roa_1809-1810_6-1__04,Om riksdagstrycket,adel,1809,1810,https://weburn.kb.se/riks/ståndsriksdagen/xml/roa_1809-1810_6-1_/roa_1809-1810_6-1__04.xml,https://weburn.kb.se/riks/ståndsriksdagen/pdf/roa_1809-1810_6-1_/roa_1809-1810_6-1__04.pdf,https://weburn.kb.se/riks/metadata/12/21799312.html,1809-1810
roa_1809-1810_6-1__05,Om riksdagstrycket,adel,1809,1810,https://weburn.kb.se/riks/ståndsriksdagen/xml/roa_1809-1810_6-1_/roa_1809-1810_6-1__05.xml,https://weburn.kb.se/riks/ståndsriksdagen/pdf/roa_1809-1810_6-1_/roa_1809-1810_6-1__05.pdf,https://weburn.kb.se/riks/metadata/12/21799312.html,1809-1810
roa_1809-1810_6-1__06,Om riksdagstrycket,adel,1809,1810,https://weburn.kb.se/riks/ståndsriksdagen/xml/roa_1809-1810_6-1_/roa_1809-1810_6-1__06.xml,https://weburn.kb.se/riks/ståndsriksdagen/pdf/roa_1809-1810_6-1_/roa_1809-1810_6-1__06.pdf,https://weburn.kb.se/riks/metadata/12/21799312.html,1809-1810
roa_1809-1810_6-2__01,Om riksdagstrycket,adel,1809,1810,https://weburn.kb.se/riks/ståndsriksdagen/xml/roa_1809-1810_6-2_/roa_1809-1810_6-2__01.xml,https://weburn.kb.se/riks/ståndsriksdagen/pdf/roa_1809-1810_6-2_/roa_1809-1810_6-2__01.pdf,https://weburn.kb.se/riks/metadata/14/21799314.html,1809-1810
roa_1809-1810_6-2__02,Om riksdagstrycket,adel,1809,1810,https://weburn.kb.se/riks/ståndsriksdagen/xml/roa_1809-1810_6-2_/roa_1809-1810_6-2__02.xml,https://weburn.kb.se/riks/ståndsriksdagen/pdf/roa_1809-1810_6-2_/roa_1809-1810_6-2__02.pdf,https://weburn.kb.se/riks/metadata/14/21799314.html,1809-1810
roa_1809-1810_6-2__03,Om riksdagstrycket,adel,1809,1810,https://weburn.kb.se/riks/ståndsriksdagen/xml/roa_1809-1810_6-2_/roa_1809-1810_6-2__03.xml,https://weburn.kb.se/riks/ståndsriksdagen/pdf/roa_1809-1810_6-2_/roa_1809-1810_6-2__03.pdf,https://weburn.kb.se/riks/metadata/14/21799314.html,1809-1810
roa_1809-1810_6-2__04,Om riksdagstrycket,adel,1809,1810,https://weburn.kb.se/riks/ståndsriksdagen/xml/roa_1809-1810_6-2_/roa_1809-1810_6-2__04.xml,https://weburn.kb.se/riks/ståndsriksdagen/pdf/roa_1809-1810_6-2_/roa_1809-1810_6-2__04.pdf,https://weburn.kb.se/riks/metadata/14/21799314.html,1809-1810
bn_1809-1810_reg_,Om riksdagstrycket,bonder,1809,1810,https://weburn.kb.se/riks/ståndsriksdagen/xml/bn_1809-1810_reg_/bn_1809-1810_reg_.xml,https://weburn.kb.se/riks/ståndsriksdagen/pdf/bn_1809-1810_reg_/bn_1809-1810_reg_.pdf,https://weburn.kb.se/riks/metadata/66/21798766.html,1809-1810
roa_1809-1810_reg_,Om riksdagstrycket,adel,1809,1810,https://weburn.kb.se/riks/ståndsriksdagen/xml/roa_1809-1810_reg_/roa_1809-1810_reg_.xml,https://weburn.kb.se/riks/ståndsriksdagen/pdf/roa_1809-1810_reg_/roa_1809-1810_reg_.pdf,https://weburn.kb.se/riks/metadata/15/21799315.html,1809-1810
bg_1809-1810_reg_,Om riksdagstrycket,borgare,1809,1810,https://weburn.kb.se/riks/ståndsriksdagen/xml/bg_1809-1810_reg_/bg_1809-1810_reg_.xml,https://weburn.kb.se/riks/ståndsriksdagen/pdf/bg_1809-1810_reg_/bg_1809-1810_reg_.pdf,https://weburn.kb.se/riks/metadata/53/21797853.html,1809-1810
ku_1809-1810___01,Om riksdagstrycket,okant,1809,1810,https://weburn.kb.se/riks/ståndsriksdagen/xml/ku_1809-1810__/ku_1809-1810___01.xml,https://weburn.kb.se/riks/ståndsriksdagen/pdf/ku_1809-1810__/ku_1809-1810___01.pdf,https://weburn.kb.se/riks/metadata/97/21798897.html,1809-1810
ku_1809-1810___02,Om riksdagstrycket,okant,1809,1810,https://weburn.kb.se/riks/ståndsriksdagen/xml/ku_1809-1810__/ku_1809-1810___02.xml,https://weburn.kb.se/riks/ståndsriksdagen/pdf/ku_1809-1810__/ku_1809-1810___02.pdf,https://weburn.kb.se/riks/metadata/97/21798897.html,1809-1810
ku_1809-1810___03,Om riksdagstrycket,okant,1809,1810,https://weburn.kb.se/riks/ståndsriksdagen/xml/ku_1809-1810__/ku_1809-1810___03.xml,https://weburn.kb.se/riks/ståndsriksdagen/pdf/ku_1809-1810__/ku_1809-1810___03.pdf,https://weburn.kb.se/riks/metadata/97/21798897.html,1809-1810
sakreg_1809-1866_1__01,Om riksdagstrycket,register,1809,1866,https://weburn.kb.se/riks/ståndsriksdagen/xml/sakreg_1809-1866_1_/sakreg_1809-1866_1__01.xml,https://weburn.kb.se/riks/ståndsriksdagen/pdf/sakreg_1809-1866_1_/sakreg_1809-1866_1__01.pdf,https://weburn.kb.se/riks/metadata/77/21799677.html,1809-1866
sakreg_1809-1866_1__02,Om riksdagstrycket,register,1809,1866,https://weburn.kb.se/riks/ståndsriksdagen/xml/sakreg_1809-1866_1_/sakreg_1809-1866_1__02.xml,https://weburn.kb.se/riks/ståndsriksdagen/pdf/sakreg_1809-1866_1_/sakreg_1809-1866_1__02.pdf,https://weburn.kb.se/riks/metadata/77/21799677.html,1809-1866
sakreg_1809-1866_1__020001,Om riksdagstrycket,register,1809,1866,https://weburn.kb.se/riks/ståndsriksdagen/xml/sakreg_1809-1866_1_/sakreg_1809-1866_1__020001.xml,https://weburn.kb.se/riks/ståndsriksdagen/pdf/sakreg_1809-1866_1_/sakreg_1809-1866_1__020001.pdf,https://weburn.kb.se/riks/metadata/77/21799677.html,1809-1866
sakreg_1809-1866_2__01,Om riksdagstrycket,register,1809,1866,https://weburn.kb.se/riks/ståndsriksdagen/xml/sakreg_1809-1866_2_/sakreg_1809-1866_2__01.xml,https://weburn.kb.se/riks/ståndsriksdagen/pdf/sakreg_1809-1866_2_/sakreg_1809-1866_2__01.pdf,https://weburn.kb.se/riks/metadata/76/21799676.html,1809-1866
sakreg_1809-1866_2__02,Om riksdagstrycket,register,1809,1866,https://weburn.kb.se/riks/ståndsriksdagen/xml/sakreg_1809-1866_2_/sakreg_1809-1866_2__02.xml,https://weburn.kb.se/riks/ståndsriksdagen/pdf/sakreg_1809-1866_2_/sakreg_1809-1866_2__02.pdf,https://weburn.kb.se/riks/metadata/76/21799676.html,1809-1866
sakreg_1809-1866___01,Om riksdagstrycket,register,1809,1866,https://weburn.kb.se/riks/ståndsriksdagen/xml/sakreg_1809-1866__/sakreg_1809-1866___01.xml,https://weburn.kb.se/riks/ståndsriksdagen/pdf/sakreg_1809-1866__/sakreg_1809-1866___01.pdf,https://weburn.kb.se/riks/metadata/76/21799676.html,1809-1866
sakreg_1809-1866___02,Om riksdagstrycket,register,1809,1866,https://weburn.kb.se/riks/ståndsriksdagen/xml/sakreg_1809-1866__/sakreg_1809-1866___02.xml,https://weburn.kb.se/riks/ståndsriksdagen/pdf/sakreg_1809-1866__/sakreg_1809-1866___02.pdf,https://weburn.kb.se/riks/metadata/76/21799676.html,1809-1866
rdbesl_1809__,Om riksdagstrycket,riksdagsbeslut,1809,1809,https://weburn.kb.se/riks/ståndsriksdagen/xml/rdbesl_1809__/rdbesl_1809__.xml,https://weburn.kb.se/riks/ståndsriksdagen/pdf/rdbesl_1809__/rdbesl_1809__.pdf,https://weburn.kb.se/riks/metadata/97/21799197.html,1809
bg_1809-1810_1__01,Om riksdagstrycket,borgare,1809,1810,https://weburn.kb.se/riks/ståndsriksdagen/xml/bg_1809-1810_1_/bg_1809-1810_1__01.xml,https://weburn.kb.se/riks/ståndsriksdagen/pdf/bg_1809-1810_1_/bg_1809-1810_1__01.pdf,https://weburn.kb.se/riks/metadata/37/21797837.html,1809-1810
bg_1809-1810_1__02,Om riksdagstrycket,borgare,1809,1810,https://weburn.kb.se/riks/ståndsriksdagen/xml/bg_1809-1810_1_/bg_1809-1810_1__02.xml,https://weburn.kb.se/riks/ståndsriksdagen/pdf/bg_1809-1810_1_/bg_1809-1810_1__02.pdf,https://weburn.kb.se/riks/metadata/37/21797837.html,1809-1810
bg_1809-1810_2__01,Om riksdagstrycket,borgare,1809,1810,https://weburn.kb.se/riks/ståndsriksdagen/xml/bg_1809-1810_2_/bg_1809-1810_2__01.xml,https://weburn.kb.se/riks/ståndsriksdagen/pdf/bg_1809-1810_2_/bg_1809-1810_2__01.pdf,https://weburn.kb.se/riks/metadata/39/21797839.html,1809-1810
bg_1809-1810_2__02,Om riksdagstrycket,borgare,1809,1810,https://weburn.kb.se/riks/ståndsriksdagen/xml/bg_1809-1810_2_/bg_1809-1810_2__02.xml,https://weburn.kb.se/riks/ståndsriksdagen/pdf/bg_1809-1810_2_/bg_1809-1810_2__02.pdf,https://weburn.kb.se/riks/metadata/39/21797839.html,1809-1810
bg_1809-1810_3-1__01,Om riksdagstrycket,borgare,1809,1810,https://weburn.kb.se/riks/ståndsriksdagen/xml/bg_1809-1810_3-1_/bg_1809-1810_3-1__01.xml,https://weburn.kb.se/riks/ståndsriksdagen/pdf/bg_1809-1810_3-1_/bg_1809-1810_3-1__01.pdf,https://weburn.kb.se/riks/metadata/40/21797840.html,1809-1810
bg_1809-1810_3-1__02,Om riksdagstrycket,borgare,1809,1810,https://weburn.kb.se/riks/ståndsriksdagen/xml/bg_1809-1810_3-1_/bg_1809-1810_3-1__02.xml,https://weburn.kb.se/riks/ståndsriksdagen/pdf/bg_1809-1810_3-1_/bg_1809-1810_3-1__02.pdf,https://weburn.kb.se/riks/metadata/40/21797840.html,1809-1810
bg_1809-1810_3-2__01,Om riksdagstrycket,borgare,1809,1810,https://weburn.kb.se/riks/ståndsriksdagen/xml/bg_1809-1810_3-2_/bg_1809-1810_3-2__01.xml,https://weburn.kb.se/riks/ståndsriksdagen/pdf/bg_1809-1810_3-2_/bg_1809-1810_3-2__01.pdf,https://weburn.kb.se/riks/metadata/42/21797842.html,1809-1810
bg_1809-1810_3-2__02,Om riksdagstrycket,borgare,1809,1810,https://weburn.kb.se/riks/ståndsriksdagen/xml/bg_1809-1810_3-2_/bg_1809-1810_3-2__02.xml,https://weburn.kb.se/riks/ståndsriksdagen/pdf/bg_1809-1810_3-2_/bg_1809-1810_3-2__02.pdf,https://weburn.kb.se/riks/metadata/42/21797842.html,1809-1810
bg_1809-1810_4-1__01,Om riksdagstrycket,borgare,1809,1810,https://weburn.kb.se/riks/ståndsriksdagen/xml/bg_1809-1810_4-1_/bg_1809-1810_4-1__01.xml,https://weburn.kb.se/riks/ståndsriksdagen/pdf/bg_1809-1810_4-1_/bg_1809-1810_4-1__01.pdf,https://weburn.kb.se/riks/metadata/44/21797844.html,1809-1810
bg_1809-1810_4-1__02,Om riksdagstrycket,borgare,1809,1810,https://weburn.kb.se/riks/ståndsriksdagen/xml/bg_1809-1810_4-1_/bg_1809-1810_4-1__02.xml,https://weburn.kb.se/riks/ståndsriksdagen/pdf/bg_1809-1810_4-1_/bg_1809-1810_4-1__02.pdf,https://weburn.kb.se/riks/metadata/44/21797844.html,1809-1810
bg_1809-1810_4-2_,Om riksdagstrycket,borgare,1809,1810,https://weburn.kb.se/riks/ståndsriksdagen/xml/bg_1809-1810_4-2_/bg_1809-1810_4-2_.xml,https://weburn.kb.se/riks/ståndsriksdagen/pdf/bg_1809-1810_4-2_/bg_1809-1810_4-2_.pdf,https://weburn.kb.se/riks/metadata/46/21797846.html,1809-1810
bg_1809-1810_5-1__01,Om riksdagstrycket,borgare,1809,1810,https://weburn.kb.se/riks/ståndsriksdagen/xml/bg_1809-1810_5-1_/bg_1809-1810_5-1__01.xml,https://weburn.kb.se/riks/ståndsriksdagen/pdf/bg_1809-1810_5-1_/bg_1809-1810_5-1__01.pdf,https://weburn.kb.se/riks/metadata/49/21797849.html,1809-1810
bg_1809-1810_5-1__02,Om riksdagstrycket,borgare,1809,1810,https://weburn.kb.se/riks/ståndsriksdagen/xml/bg_1809-1810_5-1_/bg_1809-1810_5-1__02.xml,https://weburn.kb.se/riks/ståndsriksdagen/pdf/bg_1809-1810_5-1_/bg_1809-1810_5-1__02.pdf,https://weburn.kb.se/riks/metadata/49/21797849.html,1809-1810
bg_1809-1810_6__01,Om riksdagstrycket,borgare,1809,1810,https://weburn.kb.se/riks/ståndsriksdagen/xml/bg_1809-1810_6_/bg_1809-1810_6__01.xml,https://weburn.kb.se/riks/ståndsriksdagen/pdf/bg_1809-1810_6_/bg_1809-1810_6__01.pdf,https://weburn.kb.se/riks/metadata/51/21797851.html,1809-1810
bg_1809-1810_6__02,Om riksdagstrycket,borgare,1809,1810,https://weburn.kb.se/riks/ståndsriksdagen/xml/bg_1809-1810_6_/bg_1809-1810_6__02.xml,https://weburn.kb.se/riks/ståndsriksdagen/pdf/bg_1809-1810_6_/bg_1809-1810_6__02.pdf,https://weburn.kb.se/riks/metadata/51/21797851.html,1809-1810
bg_1809-1810_5-2__01,Om riksdagstrycket,borgare,1809,1810,https://weburn.kb.se/riks/ståndsriksdagen/xml/bg_1809-1810_5-2_/bg_1809-1810_5-2__01.xml,https://weburn.kb.se/riks/ståndsriksdagen/pdf/bg_1809-1810_5-2_/bg_1809-1810_5-2__01.pdf,https://weburn.kb.se/riks/metadata/50/21797850.html,1809-1810
bg_1809-1810_5-2__02,Om riksdagstrycket,borgare,1809,1810,https://weburn.kb.se/riks/ståndsriksdagen/xml/bg_1809-1810_5-2_/bg_1809-1810_5-2__02.xml,https://weburn.kb.se/riks/ståndsriksdagen/pdf/bg_1809-1810_5-2_/bg_1809-1810_5-2__02.pdf,https://weburn.kb.se/riks/metadata/50/21797850.html,1809-1810
bih_1810_2__01,Om riksdagstrycket,bihang,1810,1810,https://weburn.kb.se/riks/ståndsriksdagen/xml/bih_1810_2_/bih_1810_2__01.xml,https://weburn.kb.se/riks/ståndsriksdagen/pdf/bih_1810_2_/bih_1810_2__01.pdf,https://weburn.kb.se/riks/metadata/59/21798059.html,1810
bih_1810_2__02,Om riksdagstrycket,bihang,1810,1810,https://weburn.kb.se/riks/ståndsriksdagen/xml/bih_1810_2_/bih_1810_2__02.xml,https://weburn.kb.se/riks/ståndsriksdagen/pdf/bih_1810_2_/bih_1810_2__02.pdf,https://weburn.kb.se/riks/metadata/59/21798059.html,1810
bih_1810_3_,Om riksdagstrycket,bihang,1810,1810,https://weburn.kb.se/riks/ståndsriksdagen/xml/bih_1810_3_/bih_1810_3_.xml,https://weburn.kb.se/riks/ståndsriksdagen/pdf/bih_1810_3_/bih_1810_3_.pdf,https://weburn.kb.se/riks/metadata/59/21798059.html,1810
bih_1810_1__01,Om riksdagstrycket,bihang,1810,1810,https://weburn.kb.se/riks/ståndsriksdagen/xml/bih_1810_1_/bih_1810_1__01.xml,https://weburn.kb.se/riks/ståndsriksdagen/pdf/bih_1810_1_/bih_1810_1__01.pdf,https://weburn.kb.se/riks/metadata/45/21798045.html,1810
bih_1810_1__02,Om riksdagstrycket,bihang,1810,1810,https://weburn.kb.se/riks/ståndsriksdagen/xml/bih_1810_1_/bih_1810_1__02.xml,https://weburn.kb.se/riks/ståndsriksdagen/pdf/bih_1810_1_/bih_1810_1__02.pdf,https://weburn.kb.se/riks/metadata/45/21798045.html,1810
ku_1810_1812_1815___01,Om riksdagstrycket,okant,1810,1810,https://weburn.kb.se/riks/ståndsriksdagen/xml/ku_1810_1812_1815__/ku_1810_1812_1815___01.xml,https://weburn.kb.se/riks/ståndsriksdagen/pdf/ku_1810_1812_1815__/ku_1810_1812_1815___01.pdf,https://weburn.kb.se/riks/metadata/99/21798899.html,1810
ku_1810_1812_1815___02,Om riksdagstrycket,okant,1810,1810,https://weburn.kb.se/riks/ståndsriksdagen/xml/ku_1810_1812_1815__/ku_1810_1812_1815___02.xml,https://weburn.kb.se/riks/ståndsriksdagen/pdf/ku_1810_1812_1815__/ku_1810_1812_1815___02.pdf,https://weburn.kb.se/riks/metadata/99/21798899.html,1810
ku_prot_1810_1812_1815___01,Om riksdagstrycket,okant,1810,1810,https://weburn.kb.se/riks/ståndsriksdagen/xml/ku_prot_1810_1812_1815__/ku_prot_1810_1812_1815___01.xml,https://weburn.kb.se/riks/ståndsriksdagen/pdf/ku_prot_1810_1812_1815__/ku_prot_1810_1812_1815___01.pdf,https://weburn.kb.se/riks/metadata/00/21798900.html,1810
ku_prot_1810_1812_1815___02,Om riksdagstrycket,okant,1810,1810,https://weburn.kb.se/riks/ståndsriksdagen/xml/ku_prot_1810_1812_1815__/ku_prot_1810_1812_1815___02.xml,https://weburn.kb.se/riks/ståndsriksdagen/pdf/ku_prot_1810_1812_1815__/ku_prot_1810_1812_1815___02.pdf,https://weburn.kb.se/riks/metadata/00/21798900.html,1810
pr_1810__,Om riksdagstrycket,praster,1810,1810,https://weburn.kb.se/riks/ståndsriksdagen/xml/pr_1810__/pr_1810__.xml,https://weburn.kb.se/riks/ståndsriksdagen/pdf/pr_1810__/pr_1810__.pdf,https://weburn.kb.se/riks/metadata/54/21798954.html,1810
bg_1810__,Om riksdagstrycket,borgare,1810,1810,https://weburn.kb.se/riks/ståndsriksdagen/xml/bg_1810__/bg_1810__.xml,https://weburn.kb.se/riks/ståndsriksdagen/pdf/bg_1810__/bg_1810__.pdf,https://weburn.kb.se/riks/metadata/54/21797854.html,1810
roa_1810___01,Om riksdagstrycket,adel,1810,1810,https://weburn.kb.se/riks/ståndsriksdagen/xml/roa_1810__/roa_1810___01.xml,https://weburn.kb.se/riks/ståndsriksdagen/pdf/roa_1810__/roa_1810___01.pdf,https://weburn.kb.se/riks/metadata/16/21799316.html,1810
roa_1810___02,Om riksdagstrycket,adel,1810,1810,https://weburn.kb.se/riks/ståndsriksdagen/xml/roa_1810__/roa_1810___02.xml,https://weburn.kb.se/riks/ståndsriksdagen/pdf/roa_1810__/roa_1810___02.pdf,https://weburn.kb.se/riks/metadata/16/21799316.html,1810
bn_1810___01,Om riksdagstrycket,bonder,1810,1810,https://weburn.kb.se/riks/ståndsriksdagen/xml/bn_1810__/bn_1810___01.xml,https://weburn.kb.se/riks/ståndsriksdagen/pdf/bn_1810__/bn_1810___01.pdf,https://weburn.kb.se/riks/metadata/67/21798767.html,1810
bn_1810___02,Om riksdagstrycket,bonder,1810,1810,https://weburn.kb.se/riks/ståndsriksdagen/xml/bn_1810__/bn_1810___02.xml,https://weburn.kb.se/riks/ståndsriksdagen/pdf/bn_1810__/bn_1810___02.pdf,https://weburn.kb.se/riks/metadata/67/21798767.html,1810
ku_1810__,Om riksdagstrycket,okant,1810,1810,https://weburn.kb.se/riks/ståndsriksdagen/xml/ku_1810__/ku_1810__.xml,https://weburn.kb.se/riks/ståndsriksdagen/pdf/ku_1810__/ku_1810__.pdf,https://weburn.kb.se/riks/metadata/98/21798898.html,1810
rdbesl_1810maj__,Om riksdagstrycket,riksdagsbeslut,1810,1810,https://weburn.kb.se/riks/ståndsriksdagen/xml/rdbesl_1810maj__/rdbesl_1810maj__.xml,https://weburn.kb.se/riks/ståndsriksdagen/pdf/rdbesl_1810maj__/rdbesl_1810maj__.pdf,https://weburn.kb.se/riks/metadata/98/21799198.html,1810
rdbesl_1810nov__,Om riksdagstrycket,riksdagsbeslut,1810,1810,https://weburn.kb.se/riks/ståndsriksdagen/xml/rdbesl_1810nov__/rdbesl_1810nov__.xml,https://weburn.kb.se/riks/ståndsriksdagen/pdf/rdbesl_1810nov__/rdbesl_1810nov__.pdf,https://weburn.kb.se/riks/metadata/99/21799199.html,1810
bih_1812_5_,Om riksdagstrycket,bihang,1812,1812,https://weburn.kb.se/riks/ståndsriksdagen/xml/bih_1812_5_/bih_1812_5_.xml,https://weburn.kb.se/riks/ståndsriksdagen/pdf/bih_1812_5_/bih_1812_5_.pdf,https://weburn.kb.se/riks/metadata/77/21798077.html,1812
bih_1812_1__01,Om riksdagstrycket,bihang,1812,1812,https://weburn.kb.se/riks/ståndsriksdagen/xml/bih_1812_1_/bih_1812_1__01.xml,https://weburn.kb.se/riks/ståndsriksdagen/pdf/bih_1812_1_/bih_1812_1__01.pdf,https://weburn.kb.se/riks/metadata/63/21798063.html,1812
bih_1812_1__02,Om riksdagstrycket,bihang,1812,1812,https://weburn.kb.se/riks/ståndsriksdagen/xml/bih_1812_1_/bih_1812_1__02.xml,https://weburn.kb.se/riks/ståndsriksdagen/pdf/bih_1812_1_/bih_1812_1__02.pdf,https://weburn.kb.se/riks/metadata/63/21798063.html,1812
bih_1812_2__01,Om riksdagstrycket,bihang,1812,1812,https://weburn.kb.se/riks/ståndsriksdagen/xml/bih_1812_2_/bih_1812_2__01.xml,https://weburn.kb.se/riks/ståndsriksdagen/pdf/bih_1812_2_/bih_1812_2__01.pdf,https://weburn.kb.se/riks/metadata/66/21798066.html,1812
bih_1812_2__02,Om riksdagstrycket,bihang,1812,1812,https://weburn.kb.se/riks/ståndsriksdagen/xml/bih_1812_2_/bih_1812_2__02.xml,https://weburn.kb.se/riks/ståndsriksdagen/pdf/bih_1812_2_/bih_1812_2__02.pdf,https://weburn.kb.se/riks/metadata/66/21798066.html,1812
bih_1812_4__01,Om riksdagstrycket,bihang,1812,1812,https://weburn.kb.se/riks/ståndsriksdagen/xml/bih_1812_4_/bih_1812_4__01.xml,https://weburn.kb.se/riks/ståndsriksdagen/pdf/bih_1812_4_/bih_1812_4__01.pdf,https://weburn.kb.se/riks/metadata/73/21798073.html,1812
bih_1812_4__02,Om riksdagstrycket,bihang,1812,1812,https://weburn.kb.se/riks/ståndsriksdagen/xml/bih_1812_4_/bih_1812_4__02.xml,https://weburn.kb.se/riks/ståndsriksdagen/pdf/bih_1812_4_/bih_1812_4__02.pdf,https://weburn.kb.se/riks/metadata/73/21798073.html,1812
bih_1812_3_,Om riksdagstrycket,bihang,1812,1812,https://weburn.kb.se/riks/ståndsriksdagen/xml/bih_1812_3_/bih_1812_3_.xml,https://weburn.kb.se/riks/ståndsriksdagen/pdf/bih_1812_3_/bih_1812_3_.pdf,https://weburn.kb.se/riks/metadata/70/21798070.html,1812
bih_1812_6_,Om riksdagstrycket,bihang,1812,1812,https://weburn.kb.se/riks/ståndsriksdagen/xml/bih_1812_6_/bih_1812_6_.xml,https://weburn.kb.se/riks/ståndsriksdagen/pdf/bih_1812_6_/bih_1812_6_.pdf,https://weburn.kb.se/riks/metadata/81/21798081.html,1812
pr_1812_1__01,Om riksdagstrycket,praster,1812,1812,https://weburn.kb.se/riks/ståndsriksdagen/xml/pr_1812_1_/pr_1812_1__01.xml,https://weburn.kb.se/riks/ståndsriksdagen/pdf/pr_1812_1_/pr_1812_1__01.pdf,https://weburn.kb.se/riks/metadata/55/21798955.html,1812
pr_1812_1__02,Om riksdagstrycket,praster,1812,1812,https://weburn.kb.se/riks/ståndsriksdagen/xml/pr_1812_1_/pr_1812_1__02.xml,https://weburn.kb.se/riks/ståndsriksdagen/pdf/pr_1812_1_/pr_1812_1__02.pdf,https://weburn.kb.se/riks/metadata/55/21798955.html,1812
pr_1812_2__01,Om riksdagstrycket,praster,1812,1812,https://weburn.kb.se/riks/ståndsriksdagen/xml/pr_1812_2_/pr_1812_2__01.xml,https://weburn.kb.se/riks/ståndsriksdagen/pdf/pr_1812_2_/pr_1812_2__01.pdf,https://weburn.kb.se/riks/metadata/59/21798959.html,1812
pr_1812_2__02,Om riksdagstrycket,praster,1812,1812,https://weburn.kb.se/riks/ståndsriksdagen/xml/pr_1812_2_/pr_1812_2__02.xml,https://weburn.kb.se/riks/ståndsriksdagen/pdf/pr_1812_2_/pr_1812_2__02.pdf,https://weburn.kb.se/riks/metadata/59/21798959.html,1812
bn_1812___01,Om riksdagstrycket,bonder,1812,1812,https://weburn.kb.se/riks/ståndsriksdagen/xml/bn_1812__/bn_1812___01.xml,https://weburn.kb.se/riks/ståndsriksdagen/pdf/bn_1812__/bn_1812___01.pdf,https://weburn.kb.se/riks/metadata/68/21798768.html,1812
bn_1812___02,Om riksdagstrycket,bonder,1812,1812,https://weburn.kb.se/riks/ståndsriksdagen/xml/bn_1812__/bn_1812___02.xml,https://weburn.kb.se/riks/ståndsriksdagen/pdf/bn_1812__/bn_1812___02.pdf,https://weburn.kb.se/riks/metadata/68/21798768.html,1812
roa_1812_1__01,Om riksdagstrycket,adel,1812,1812,https://weburn.kb.se/riks/ståndsriksdagen/xml/roa_1812_1_/roa_1812_1__01.xml,https://weburn.kb.se/riks/ståndsriksdagen/pdf/roa_1812_1_/roa_1812_1__01.pdf,https://weburn.kb.se/riks/metadata/17/21799317.html,1812
roa_1812_1__02,Om riksdagstrycket,adel,1812,1812,https://weburn.kb.se/riks/ståndsriksdagen/xml/roa_1812_1_/roa_1812_1__02.xml,https://weburn.kb.se/riks/ståndsriksdagen/pdf/roa_1812_1_/roa_1812_1__02.pdf,https://weburn.kb.se/riks/metadata/17/21799317.html,1812
roa_1812_1__03,Om riksdagstrycket,adel,1812,1812,https://weburn.kb.se/riks/ståndsriksdagen/xml/roa_1812_1_/roa_1812_1__03.xml,https://weburn.kb.se/riks/ståndsriksdagen/pdf/roa_1812_1_/roa_1812_1__03.pdf,https://weburn.kb.se/riks/metadata/17/21799317.html,1812
roa_1812_2__01,Om riksdagstrycket,adel,1812,1812,https://weburn.kb.se/riks/ståndsriksdagen/xml/roa_1812_2_/roa_1812_2__01.xml,https://weburn.kb.se/riks/ståndsriksdagen/pdf/roa_1812_2_/roa_1812_2__01.pdf,https://weburn.kb.se/riks/metadata/18/21799318.html,1812
roa_1812_2__02,Om riksdagstrycket,adel,1812,1812,https://weburn.kb.se/riks/ståndsriksdagen/xml/roa_1812_2_/roa_1812_2__02.xml,https://weburn.kb.se/riks/ståndsriksdagen/pdf/roa_1812_2_/roa_1812_2__02.pdf,https://weburn.kb.se/riks/metadata/18/21799318.html,1812
roa_1812_2__03,Om riksdagstrycket,adel,1812,1812,https://weburn.kb.se/riks/ståndsriksdagen/xml/roa_1812_2_/roa_1812_2__03.xml,https://weburn.kb.se/riks/ståndsriksdagen/pdf/roa_1812_2_/roa_1812_2__03.pdf,https://weburn.kb.se/riks/metadata/18/21799318.html,1812
bg_1812_1_,Om riksdagstrycket,borgare,1812,1812,https://weburn.kb.se/riks/ståndsriksdagen/xml/bg_1812_1_/bg_1812_1_.xml,https://weburn.kb.se/riks/ståndsriksdagen/pdf/bg_1812_1_/bg_1812_1_.pdf,https://weburn.kb.se/riks/metadata/56/21797856.html,1812
bg_1812_2_,Om riksdagstrycket,borgare,1812,1812,https://weburn.kb.se/riks/ståndsriksdagen/xml/bg_1812_2_/bg_1812_2_.xml,https://weburn.kb.se/riks/ståndsriksdagen/pdf/bg_1812_2_/bg_1812_2_.pdf,https://weburn.kb.se/riks/metadata/56/21797856.html,1812
rdbesl_1812__,Om riksdagstrycket,riksdagsbeslut,1812,1812,https://weburn.kb.se/riks/ståndsriksdagen/xml/rdbesl_1812__/rdbesl_1812__.xml,https://weburn.kb.se/riks/ståndsriksdagen/pdf/rdbesl_1812__/rdbesl_1812__.pdf,https://weburn.kb.se/riks/metadata/00/21799200.html,1812
bih_1815_5-4__01,Om riksdagstrycket,bihang,1815,1815,https://weburn.kb.se/riks/ståndsriksdagen/xml/bih_1815_5-4_/bih_1815_5-4__01.xml,https://weburn.kb.se/riks/ståndsriksdagen/pdf/bih_1815_5-4_/bih_1815_5-4__01.pdf,https://weburn.kb.se/riks/metadata/16/21798116.html,1815
bih_1815_5-4__02,Om riksdagstrycket,bihang,1815,1815,https://weburn.kb.se/riks/ståndsriksdagen/xml/bih_1815_5-4_/bih_1815_5-4__02.xml,https://weburn.kb.se/riks/ståndsriksdagen/pdf/bih_1815_5-4_/bih_1815_5-4__02.pdf,https://weburn.kb.se/riks/metadata/16/21798116.html,1815
bih_1815_5-4_tab_,Om riksdagstrycket,bihang,1815,1815,https://weburn.kb.se/riks/ståndsriksdagen/xml/bih_1815_5-4_tab_/bih_1815_5-4_tab_.xml,https://weburn.kb.se/riks/ståndsriksdagen/pdf/bih_1815_5-4_tab_/bih_1815_5-4_tab_.pdf,https://weburn.kb.se/riks/metadata/16/21798116.html,1815
bih_1815_6__01,Om riksdagstrycket,bihang,1815,1815,https://weburn.kb.se/riks/ståndsriksdagen/xml/bih_1815_6_/bih_1815_6__01.xml,https://weburn.kb.se/riks/ståndsriksdagen/pdf/bih_1815_6_/bih_1815_6__01.pdf,https://weburn.kb.se/riks/metadata/18/21798118.html,1815
bih_1815_6__02,Om riksdagstrycket,bihang,1815,1815,https://weburn.kb.se/riks/ståndsriksdagen/xml/bih_1815_6_/bih_1815_6__02.xml,https://weburn.kb.se/riks/ståndsriksdagen/pdf/bih_1815_6_/bih_1815_6__02.pdf,https://weburn.kb.se/riks/metadata/18/21798118.html,1815
bih_1815_tab_,Om riksdagstrycket,bihang,1815,1815,https://weburn.kb.se/riks/ståndsriksdagen/xml/bih_1815_tab_/bih_1815_tab_.xml,https://weburn.kb.se/riks/ståndsriksdagen/pdf/bih_1815_tab_/bih_1815_tab_.pdf,https://weburn.kb.se/riks/metadata/18/21798118.html,1815
bih_1815_1-4_,Om riksdagstrycket,bihang,1815,1815,https://weburn.kb.se/riks/ståndsriksdagen/xml/bih_1815_1-4_/bih_1815_1-4_.xml,https://weburn.kb.se/riks/ståndsriksdagen/pdf/bih_1815_1-4_/bih_1815_1-4_.pdf,https://weburn.kb.se/riks/metadata/86/21798086.html,1815
bih_1815_1__01,Om riksdagstrycket,bihang,1815,1815,https://weburn.kb.se/riks/ståndsriksdagen/xml/bih_1815_1_/bih_1815_1__01.xml,https://weburn.kb.se/riks/ståndsriksdagen/pdf/bih_1815_1_/bih_1815_1__01.pdf,https://weburn.kb.se/riks/metadata/86/21798086.html,1815
bih_1815_1__02,Om riksdagstrycket,bihang,1815,1815,https://weburn.kb.se/riks/ståndsriksdagen/xml/bih_1815_1_/bih_1815_1__02.xml,https://weburn.kb.se/riks/ståndsriksdagen/pdf/bih_1815_1_/bih_1815_1__02.pdf,https://weburn.kb.se/riks/metadata/86/21798086.html,1815
bih_1815_2__01,Om riksdagstrycket,bihang,1815,1815,https://weburn.kb.se/riks/ståndsriksdagen/xml/bih_1815_2_/bih_1815_2__01.xml,https://weburn.kb.se/riks/ståndsriksdagen/pdf/bih_1815_2_/bih_1815_2__01.pdf,https://weburn.kb.se/riks/metadata/88/21798088.html,1815
bih_1815_2__02,Om riksdagstrycket,bihang,1815,1815,https://weburn.kb.se/riks/ståndsriksdagen/xml/bih_1815_2_/bih_1815_2__02.xml,https://weburn.kb.se/riks/ståndsriksdagen/pdf/bih_1815_2_/bih_1815_2__02.pdf,https://weburn.kb.se/riks/metadata/88/21798088.html,1815
bih_1815_3__01,Om riksdagstrycket,bihang,1815,1815,https://weburn.kb.se/riks/ståndsriksdagen/xml/bih_1815_3_/bih_1815_3__01.xml,https://weburn.kb.se/riks/ståndsriksdagen/pdf/bih_1815_3_/bih_1815_3__01.pdf,https://weburn.kb.se/riks/metadata/91/21798091.html,1815
bih_1815_3__02,Om riksdagstrycket,bihang,1815,1815,https://weburn.kb.se/riks/ståndsriksdagen/xml/bih_1815_3_/bih_1815_3__02.xml,https://weburn.kb.se/riks/ståndsriksdagen/pdf/bih_1815_3_/bih_1815_3__02.pdf,https://weburn.kb.se/riks/metadata/91/21798091.html,1815
bih_1815_3__03,Om riksdagstrycket,bihang,1815,1815,https://weburn.kb.se/riks/ståndsriksdagen/xml/bih_1815_3_/bih_1815_3__03.xml,https://weburn.kb.se/riks/ståndsriksdagen/pdf/bih_1815_3_/bih_1815_3__03.pdf,https://weburn.kb.se/riks/metadata/91/21798091.html,1815
bih_1815_4__01,Om riksdagstrycket,bihang,1815,1815,https://weburn.kb.se/riks/ståndsriksdagen/xml/bih_1815_4_/bih_1815_4__01.xml,https://weburn.kb.se/riks/ståndsriksdagen/pdf/bih_1815_4_/bih_1815_4__01.pdf,https://weburn.kb.se/riks/metadata/94/21798094.html,1815
bih_1815_4__02,Om riksdagstrycket,bihang,1815,1815,https://weburn.kb.se/riks/ståndsriksdagen/xml/bih_1815_4_/bih_1815_4__02.xml,https://weburn.kb.se/riks/ståndsriksdagen/pdf/bih_1815_4_/bih_1815_4__02.pdf,https://weburn.kb.se/riks/metadata/94/21798094.html,1815
bih_1815_4-2__01,Om riksdagstrycket,bihang,1815,1815,https://weburn.kb.se/riks/ståndsriksdagen/xml/bih_1815_4-2_/bih_1815_4-2__01.xml,https://weburn.kb.se/riks/ståndsriksdagen/pdf/bih_1815_4-2_/bih_1815_4-2__01.pdf,https://weburn.kb.se/riks/metadata/99/21798099.html,1815
bih_1815_4-2__02,Om riksdagstrycket,bihang,1815,1815,https://weburn.kb.se/riks/ståndsriksdagen/xml/bih_1815_4-2_/bih_1815_4-2__02.xml,https://weburn.kb.se/riks/ståndsriksdagen/pdf/bih_1815_4-2_/bih_1815_4-2__02.pdf,https://weburn.kb.se/riks/metadata/99/21798099.html,1815
bih_1815_4-3__01,Om riksdagstrycket,bihang,1815,1815,https://weburn.kb.se/riks/ståndsriksdagen/xml/bih_1815_4-3_/bih_1815_4-3__01.xml,https://weburn.kb.se/riks/ståndsriksdagen/pdf/bih_1815_4-3_/bih_1815_4-3__01.pdf,https://weburn.kb.se/riks/metadata/02/21798102.html,1815
bih_1815_4-3__02,Om riksdagstrycket,bihang,1815,1815,https://weburn.kb.se/riks/ståndsriksdagen/xml/bih_1815_4-3_/bih_1815_4-3__02.xml,https://weburn.kb.se/riks/ståndsriksdagen/pdf/bih_1815_4-3_/bih_1815_4-3__02.pdf,https://weburn.kb.se/riks/metadata/02/21798102.html,1815
bih_1815_5__01,Om riksdagstrycket,bihang,1815,1815,https://weburn.kb.se/riks/ståndsriksdagen/xml/bih_1815_5_/bih_1815_5__01.xml,https://weburn.kb.se/riks/ståndsriksdagen/pdf/bih_1815_5_/bih_1815_5__01.pdf,https://weburn.kb.se/riks/metadata/07/21798107.html,1815
bih_1815_5__02,Om riksdagstrycket,bihang,1815,1815,https://weburn.kb.se/riks/ståndsriksdagen/xml/bih_1815_5_/bih_1815_5__02.xml,https://weburn.kb.se/riks/ståndsriksdagen/pdf/bih_1815_5_/bih_1815_5__02.pdf,https://weburn.kb.se/riks/metadata/07/21798107.html,1815
bih_1815_5__03,Om riksdagstrycket,bihang,1815,1815,https://weburn.kb.se/riks/ståndsriksdagen/xml/bih_1815_5_/bih_1815_5__03.xml,https://weburn.kb.se/riks/ståndsriksdagen/pdf/bih_1815_5_/bih_1815_5__03.pdf,https://weburn.kb.se/riks/metadata/07/21798107.html,1815
bih_1815_5__04,Om riksdagstrycket,bihang,1815,1815,https://weburn.kb.se/riks/ståndsriksdagen/xml/bih_1815_5_/bih_1815_5__04.xml,https://weburn.kb.se/riks/ståndsriksdagen/pdf/bih_1815_5_/bih_1815_5__04.pdf,https://weburn.kb.se/riks/metadata/07/21798107.html,1815
bih_1815_5__05,Om riksdagstrycket,bihang,1815,1815,https://weburn.kb.se/riks/ståndsriksdagen/xml/bih_1815_5_/bih_1815_5__05.xml,https://weburn.kb.se/riks/ståndsriksdagen/pdf/bih_1815_5_/bih_1815_5__05.pdf,https://weburn.kb.se/riks/metadata/07/21798107.html,1815
bih_1815_5-2__01,Om riksdagstrycket,bihang,1815,1815,https://weburn.kb.se/riks/ståndsriksdagen/xml/bih_1815_5-2_/bih_1815_5-2__01.xml,https://weburn.kb.se/riks/ståndsriksdagen/pdf/bih_1815_5-2_/bih_1815_5-2__01.pdf,https://weburn.kb.se/riks/metadata/10/21798110.html,1815
bih_1815_5-2__02,Om riksdagstrycket,bihang,1815,1815,https://weburn.kb.se/riks/ståndsriksdagen/xml/bih_1815_5-2_/bih_1815_5-2__02.xml,https://weburn.kb.se/riks/ståndsriksdagen/pdf/bih_1815_5-2_/bih_1815_5-2__02.pdf,https://weburn.kb.se/riks/metadata/10/21798110.html,1815
bih_1815_5-2__03,Om riksdagstrycket,bihang,1815,1815,https://weburn.kb.se/riks/ståndsriksdagen/xml/bih_1815_5-2_/bih_1815_5-2__03.xml,https://weburn.kb.se/riks/ståndsriksdagen/pdf/bih_1815_5-2_/bih_1815_5-2__03.pdf,https://weburn.kb.se/riks/metadata/10/21798110.html,1815
bih_1815_5-3__01,Om riksdagstrycket,bihang,1815,1815,https://weburn.kb.se/riks/ståndsriksdagen/xml/bih_1815_5-3_/bih_1815_5-3__01.xml,https://weburn.kb.se/riks/ståndsriksdagen/pdf/bih_1815_5-3_/bih_1815_5-3__01.pdf,https://weburn.kb.se/riks/metadata/13/21798113.html,1815
bih_1815_5-3__02,Om riksdagstrycket,bihang,1815,1815,https://weburn.kb.se/riks/ståndsriksdagen/xml/bih_1815_5-3_/bih_1815_5-3__02.xml,https://weburn.kb.se/riks/ståndsriksdagen/pdf/bih_1815_5-3_/bih_1815_5-3__02.pdf,https://weburn.kb.se/riks/metadata/13/21798113.html,1815
bih_1815_5-3__03,Om riksdagstrycket,bihang,1815,1815,https://weburn.kb.se/riks/ståndsriksdagen/xml/bih_1815_5-3_/bih_1815_5-3__03.xml,https://weburn.kb.se/riks/ståndsriksdagen/pdf/bih_1815_5-3_/bih_1815_5-3__03.pdf,https://weburn.kb.se/riks/metadata/13/21798113.html,1815
bih_1815_5-3_tab_,Om riksdagstrycket,bihang,1815,1815,https://weburn.kb.se/riks/ståndsriksdagen/xml/bih_1815_5-3_tab_/bih_1815_5-3_tab_.xml,https://weburn.kb.se/riks/ståndsriksdagen/pdf/bih_1815_5-3_tab_/bih_1815_5-3_tab_.pdf,https://weburn.kb.se/riks/metadata/13/21798113.html,1815
roa_1815_1_2__01,Om riksdagstrycket,adel,1815,1815,https://weburn.kb.se/riks/ståndsriksdagen/xml/roa_1815_1_2_/roa_1815_1_2__01.xml,https://weburn.kb.se/riks/ståndsriksdagen/pdf/roa_1815_1_2_/roa_1815_1_2__01.pdf,https://weburn.kb.se/riks/metadata/19/21799319.html,1815
roa_1815_1_2__02,Om riksdagstrycket,adel,1815,1815,https://weburn.kb.se/riks/ståndsriksdagen/xml/roa_1815_1_2_/roa_1815_1_2__02.xml,https://weburn.kb.se/riks/ståndsriksdagen/pdf/roa_1815_1_2_/roa_1815_1_2__02.pdf,https://weburn.kb.se/riks/metadata/20/21799320.html,1815
roa_1815_3__01,Om riksdagstrycket,adel,1815,1815,https://weburn.kb.se/riks/ståndsriksdagen/xml/roa_1815_3_/roa_1815_3__01.xml,https://weburn.kb.se/riks/ståndsriksdagen/pdf/roa_1815_3_/roa_1815_3__01.pdf,https://weburn.kb.se/riks/metadata/21/21799321.html,1815
roa_1815_3__02,Om riksdagstrycket,adel,1815,1815,https://weburn.kb.se/riks/ståndsriksdagen/xml/roa_1815_3_/roa_1815_3__02.xml,https://weburn.kb.se/riks/ståndsriksdagen/pdf/roa_1815_3_/roa_1815_3__02.pdf,https://weburn.kb.se/riks/metadata/21/21799321.html,1815
roa_1815_4_,Om riksdagstrycket,adel,1815,1815,https://weburn.kb.se/riks/ståndsriksdagen/xml/roa_1815_4_/roa_1815_4_.xml,https://weburn.kb.se/riks/ståndsriksdagen/pdf/roa_1815_4_/roa_1815_4_.pdf,https://weburn.kb.se/riks/metadata/22/21799322.html,1815
roa_1815_4__01,Om riksdagstrycket,adel,1815,1815,https://weburn.kb.se/riks/ståndsriksdagen/xml/roa_1815_4_/roa_1815_4__01.xml,https://weburn.kb.se/riks/ståndsriksdagen/pdf/roa_1815_4_/roa_1815_4__01.pdf,https://weburn.kb.se/riks/metadata/22/21799322.html,1815
roa_1815_4__02,Om riksdagstrycket,adel,1815,1815,https://weburn.kb.se/riks/ståndsriksdagen/xml/roa_1815_4_/roa_1815_4__02.xml,https://weburn.kb.se/riks/ståndsriksdagen/pdf/roa_1815_4_/roa_1815_4__02.pdf,https://weburn.kb.se/riks/metadata/22/21799322.html,1815
roa_1815_5_6__01,Om riksdagstrycket,adel,1815,1815,https://weburn.kb.se/riks/ståndsriksdagen/xml/roa_1815_5_6_/roa_1815_5_6__01.xml,https://weburn.kb.se/riks/ståndsriksdagen/pdf/roa_1815_5_6_/roa_1815_5_6__01.pdf,https://weburn.kb.se/riks/metadata/23/21799323.html,1815
roa_1815_5_6__02,Om riksdagstrycket,adel,1815,1815,https://weburn.kb.se/riks/ståndsriksdagen/xml/roa_1815_5_6_/roa_1815_5_6__02.xml,https://weburn.kb.se/riks/ståndsriksdagen/pdf/roa_1815_5_6_/roa_1815_5_6__02.pdf,https://weburn.kb.se/riks/metadata/24/21799324.html,1815
roa_1815_5_6__03,Om riksdagstrycket,adel,1815,1815,https://weburn.kb.se/riks/ståndsriksdagen/xml/roa_1815_5_6_/roa_1815_5_6__03.xml,https://weburn.kb.se/riks/ståndsriksdagen/pdf/roa_1815_5_6_/roa_1815_5_6__03.pdf,https://weburn.kb.se/riks/metadata/25/21799325.html,1815
pr_1815_1_,Om riksdagstrycket,praster,1815,1815,https://weburn.kb.se/riks/ståndsriksdagen/xml/pr_1815_1_/pr_1815_1_.xml,https://weburn.kb.se/riks/ståndsriksdagen/pdf/pr_1815_1_/pr_1815_1_.pdf,https://weburn.kb.se/riks/metadata/61/21798961.html,1815
pr_1815_2_,Om riksdagstrycket,praster,1815,1815,https://weburn.kb.se/riks/ståndsriksdagen/xml/pr_1815_2_/pr_1815_2_.xml,https://weburn.kb.se/riks/ståndsriksdagen/pdf/pr_1815_2_/pr_1815_2_.pdf,https://weburn.kb.se/riks/metadata/64/21798964.html,1815
pr_1815_3__01,Om riksdagstrycket,praster,1815,1815,https://weburn.kb.se/riks/ståndsriksdagen/xml/pr_1815_3_/pr_1815_3__01.xml,https://weburn.kb.se/riks/ståndsriksdagen/pdf/pr_1815_3_/pr_1815_3__01.pdf,https://weburn.kb.se/riks/metadata/65/21798965.html,1815
pr_1815_3__02,Om riksdagstrycket,praster,1815,1815,https://weburn.kb.se/riks/ståndsriksdagen/xml/pr_1815_3_/pr_1815_3__02.xml,https://weburn.kb.se/riks/ståndsriksdagen/pdf/pr_1815_3_/pr_1815_3__02.pdf,https://weburn.kb.se/riks/metadata/65/21798965.html,1815
bg_1815_1__01,Om riksdagstrycket,borgare,1815,1815,https://weburn.kb.se/riks/ståndsriksdagen/xml/bg_1815_1_/bg_1815_1__01.xml,https://weburn.kb.se/riks/ståndsriksdagen/pdf/bg_1815_1_/bg_1815_1__01.pdf,https://weburn.kb.se/riks/metadata/58/21797858.html,1815
bg_1815_1__02,Om riksdagstrycket,borgare,1815,1815,https://weburn.kb.se/riks/ståndsriksdagen/xml/bg_1815_1_/bg_1815_1__02.xml,https://weburn.kb.se/riks/ståndsriksdagen/pdf/bg_1815_1_/bg_1815_1__02.pdf,https://weburn.kb.se/riks/metadata/58/21797858.html,1815
bg_1815_2-1__01,Om riksdagstrycket,borgare,1815,1815,https://weburn.kb.se/riks/ståndsriksdagen/xml/bg_1815_2-1_/bg_1815_2-1__01.xml,https://weburn.kb.se/riks/ståndsriksdagen/pdf/bg_1815_2-1_/bg_1815_2-1__01.pdf,https://weburn.kb.se/riks/metadata/58/21797858.html,1815
bg_1815_2-1__02,Om riksdagstrycket,borgare,1815,1815,https://weburn.kb.se/riks/ståndsriksdagen/xml/bg_1815_2-1_/bg_1815_2-1__02.xml,https://weburn.kb.se/riks/ståndsriksdagen/pdf/bg_1815_2-1_/bg_1815_2-1__02.pdf,https://weburn.kb.se/riks/metadata/58/21797858.html,1815
bg_1815_2-1__03,Om riksdagstrycket,borgare,1815,1815,https://weburn.kb.se/riks/ståndsriksdagen/xml/bg_1815_2-1_/bg_1815_2-1__03.xml,https://weburn.kb.se/riks/ståndsriksdagen/pdf/bg_1815_2-1_/bg_1815_2-1__03.pdf,https://weburn.kb.se/riks/metadata/58/21797858.html,1815
bg_1815_2-1__04,Om riksdagstrycket,borgare,1815,1815,https://weburn.kb.se/riks/ståndsriksdagen/xml/bg_1815_2-1_/bg_1815_2-1__04.xml,https://weburn.kb.se/riks/ståndsriksdagen/pdf/bg_1815_2-1_/bg_1815_2-1__04.pdf,https://weburn.kb.se/riks/metadata/58/21797858.html,1815
bg_1815_2-1__05,Om riksdagstrycket,borgare,1815,1815,https://weburn.kb.se/riks/ståndsriksdagen/xml/bg_1815_2-1_/bg_1815_2-1__05.xml,https://weburn.kb.se/riks/ståndsriksdagen/pdf/bg_1815_2-1_/bg_1815_2-1__05.pdf,https://weburn.kb.se/riks/metadata/58/21797858.html,1815
bg_1815_2-2__01,Om riksdagstrycket,borgare,1815,1815,https://weburn.kb.se/riks/ståndsriksdagen/xml/bg_1815_2-2_/bg_1815_2-2__01.xml,https://weburn.kb.se/riks/ståndsriksdagen/pdf/bg_1815_2-2_/bg_1815_2-2__01.pdf,https://weburn.kb.se/riks/metadata/58/21797858.html,1815
bg_1815_2-2__02,Om riksdagstrycket,borgare,1815,1815,https://weburn.kb.se/riks/ståndsriksdagen/xml/bg_1815_2-2_/bg_1815_2-2__02.xml,https://weburn.kb.se/riks/ståndsriksdagen/pdf/bg_1815_2-2_/bg_1815_2-2__02.pdf,https://weburn.kb.se/riks/metadata/58/21797858.html,1815
bg_1815_2-2__03,Om riksdagstrycket,borgare,1815,1815,https://weburn.kb.se/riks/ståndsriksdagen/xml/bg_1815_2-2_/bg_1815_2-2__03.xml,https://weburn.kb.se/riks/ståndsriksdagen/pdf/bg_1815_2-2_/bg_1815_2-2__03.pdf,https://weburn.kb.se/riks/metadata/58/21797858.html,1815
bg_1815_3__01,Om riksdagstrycket,borgare,1815,1815,https://weburn.kb.se/riks/ståndsriksdagen/xml/bg_1815_3_/bg_1815_3__01.xml,https://weburn.kb.se/riks/ståndsriksdagen/pdf/bg_1815_3_/bg_1815_3__01.pdf,https://weburn.kb.se/riks/metadata/58/21797858.html,1815
bg_1815_3__02,Om riksdagstrycket,borgare,1815,1815,https://weburn.kb.se/riks/ståndsriksdagen/xml/bg_1815_3_/bg_1815_3__02.xml,https://weburn.kb.se/riks/ståndsriksdagen/pdf/bg_1815_3_/bg_1815_3__02.pdf,https://weburn.kb.se/riks/metadata/58/21797858.html,1815
bg_1815_3__03,Om riksdagstrycket,borgare,1815,1815,https://weburn.kb.se/riks/ståndsriksdagen/xml/bg_1815_3_/bg_1815_3__03.xml,https://weburn.kb.se/riks/ståndsriksdagen/pdf/bg_1815_3_/bg_1815_3__03.pdf,https://weburn.kb.se/riks/metadata/58/21797858.html,1815
bn_1815___01,Om riksdagstrycket,bonder,1815,1815,https://weburn.kb.se/riks/ståndsriksdagen/xml/bn_1815__/bn_1815___01.xml,https://weburn.kb.se/riks/ståndsriksdagen/pdf/bn_1815__/bn_1815___01.pdf,https://weburn.kb.se/riks/metadata/70/21798770.html,1815
bn_1815___02,Om riksdagstrycket,bonder,1815,1815,https://weburn.kb.se/riks/ståndsriksdagen/xml/bn_1815__/bn_1815___02.xml,https://weburn.kb.se/riks/ståndsriksdagen/pdf/bn_1815__/bn_1815___02.pdf,https://weburn.kb.se/riks/metadata/70/21798770.html,1815
bn_1815_2__01,Om riksdagstrycket,bonder,1815,1815,https://weburn.kb.se/riks/ståndsriksdagen/xml/bn_1815_2_/bn_1815_2__01.xml,https://weburn.kb.se/riks/ståndsriksdagen/pdf/bn_1815_2_/bn_1815_2__01.pdf,https://weburn.kb.se/riks/metadata/71/21798771.html,1815
bn_1815_2__02,Om riksdagstrycket,bonder,1815,1815,https://weburn.kb.se/riks/ståndsriksdagen/xml/bn_1815_2_/bn_1815_2__02.xml,https://weburn.kb.se/riks/ståndsriksdagen/pdf/bn_1815_2_/bn_1815_2__02.pdf,https://weburn.kb.se/riks/metadata/71/21798771.html,1815
bn_1815_3_,Om riksdagstrycket,bonder,1815,1815,https://weburn.kb.se/riks/ståndsriksdagen/xml/bn_1815_3_/bn_1815_3_.xml,https://weburn.kb.se/riks/ståndsriksdagen/pdf/bn_1815_3_/bn_1815_3_.pdf,https://weburn.kb.se/riks/metadata/72/21798772.html,1815
roa_1815_reg_1_,Om riksdagstrycket,adel,1815,1815,https://weburn.kb.se/riks/ståndsriksdagen/xml/roa_1815_reg_1_/roa_1815_reg_1_.xml,https://weburn.kb.se/riks/ståndsriksdagen/pdf/roa_1815_reg_1_/roa_1815_reg_1_.pdf,https://weburn.kb.se/riks/metadata/26/21799326.html,1815
roa_1815_reg_2_,Om riksdagstrycket,adel,1815,1815,https://weburn.kb.se/riks/ståndsriksdagen/xml/roa_1815_reg_2_/roa_1815_reg_2_.xml,https://weburn.kb.se/riks/ståndsriksdagen/pdf/roa_1815_reg_2_/roa_1815_reg_2_.pdf,https://weburn.kb.se/riks/metadata/26/21799326.html,1815
bih_1817-1818_1__01,Om riksdagstrycket,bihang,1817,1818,https://weburn.kb.se/riks/ståndsriksdagen/xml/bih_1817-1818_1_/bih_1817-1818_1__01.xml,https://weburn.kb.se/riks/ståndsriksdagen/pdf/bih_1817-1818_1_/bih_1817-1818_1__01.pdf,https://weburn.kb.se/riks/metadata/22/21798122.html,1817-1818
bih_1817-1818_1__02,Om riksdagstrycket,bihang,1817,1818,https://weburn.kb.se/riks/ståndsriksdagen/xml/bih_1817-1818_1_/bih_1817-1818_1__02.xml,https://weburn.kb.se/riks/ståndsriksdagen/pdf/bih_1817-1818_1_/bih_1817-1818_1__02.pdf,https://weburn.kb.se/riks/metadata/22/21798122.html,1817-1818
bih_1817-1818_2__01,Om riksdagstrycket,bihang,1817,1818,https://weburn.kb.se/riks/ståndsriksdagen/xml/bih_1817-1818_2_/bih_1817-1818_2__01.xml,https://weburn.kb.se/riks/ståndsriksdagen/pdf/bih_1817-1818_2_/bih_1817-1818_2__01.pdf,https://weburn.kb.se/riks/metadata/29/21798129.html,1817-1818
bih_1817-1818_2__02,Om riksdagstrycket,bihang,1817,1818,https://weburn.kb.se/riks/ståndsriksdagen/xml/bih_1817-1818_2_/bih_1817-1818_2__02.xml,https://weburn.kb.se/riks/ståndsriksdagen/pdf/bih_1817-1818_2_/bih_1817-1818_2__02.pdf,https://weburn.kb.se/riks/metadata/29/21798129.html,1817-1818
bih_1817-1818_10__01,Om riksdagstrycket,bihang,1817,1818,https://weburn.kb.se/riks/ståndsriksdagen/xml/bih_1817-1818_10_/bih_1817-1818_10__01.xml,https://weburn.kb.se/riks/ståndsriksdagen/pdf/bih_1817-1818_10_/bih_1817-1818_10__01.pdf,https://weburn.kb.se/riks/metadata/25/21798125.html,1817-1818
bih_1817-1818_10__02,Om riksdagstrycket,bihang,1817,1818,https://weburn.kb.se/riks/ståndsriksdagen/xml/bih_1817-1818_10_/bih_1817-1818_10__02.xml,https://weburn.kb.se/riks/ståndsriksdagen/pdf/bih_1817-1818_10_/bih_1817-1818_10__02.pdf,https://weburn.kb.se/riks/metadata/25/21798125.html,1817-1818
bih_1817-1818_10__03,Om riksdagstrycket,bihang,1817,1818,https://weburn.kb.se/riks/ståndsriksdagen/xml/bih_1817-1818_10_/bih_1817-1818_10__03.xml,https://weburn.kb.se/riks/ståndsriksdagen/pdf/bih_1817-1818_10_/bih_1817-1818_10__03.pdf,https://weburn.kb.se/riks/metadata/25/21798125.html,1817-1818
bih_1817-1818_3__01,Om riksdagstrycket,bihang,1817,1818,https://weburn.kb.se/riks/ståndsriksdagen/xml/bih_1817-1818_3_/bih_1817-1818_3__01.xml,https://weburn.kb.se/riks/ståndsriksdagen/pdf/bih_1817-1818_3_/bih_1817-1818_3__01.pdf,https://weburn.kb.se/riks/metadata/34/21798134.html,1817-1818
bih_1817-1818_3__02,Om riksdagstrycket,bihang,1817,1818,https://weburn.kb.se/riks/ståndsriksdagen/xml/bih_1817-1818_3_/bih_1817-1818_3__02.xml,https://weburn.kb.se/riks/ståndsriksdagen/pdf/bih_1817-1818_3_/bih_1817-1818_3__02.pdf,https://weburn.kb.se/riks/metadata/34/21798134.html,1817-1818
bih_1817-1818_3__03,Om riksdagstrycket,bihang,1817,1818,https://weburn.kb.se/riks/ståndsriksdagen/xml/bih_1817-1818_3_/bih_1817-1818_3__03.xml,https://weburn.kb.se/riks/ståndsriksdagen/pdf/bih_1817-1818_3_/bih_1817-1818_3__03.pdf,https://weburn.kb.se/riks/metadata/34/21798134.html,1817-1818
bih_1817-1818_3__04,Om riksdagstrycket,bihang,1817,1818,https://weburn.kb.se/riks/ståndsriksdagen/xml/bih_1817-1818_3_/bih_1817-1818_3__04.xml,https://weburn.kb.se/riks/ståndsriksdagen/pdf/bih_1817-1818_3_/bih_1817-1818_3__04.pdf,https://weburn.kb.se/riks/metadata/34/21798134.html,1817-1818
bih_1817-1818_4_tab_,Om riksdagstrycket,bihang,1817,1818,https://weburn.kb.se/riks/ståndsriksdagen/xml/bih_1817-1818_4_tab_/bih_1817-1818_4_tab_.xml,https://weburn.kb.se/riks/ståndsriksdagen/pdf/bih_1817-1818_4_tab_/bih_1817-1818_4_tab_.pdf,https://weburn.kb.se/riks/metadata/34/21798134.html,1817-1818
bih_1817-1818_6__01,Om riksdagstrycket,bihang,1817,1818,https://weburn.kb.se/riks/ståndsriksdagen/xml/bih_1817-1818_6_/bih_1817-1818_6__01.xml,https://weburn.kb.se/riks/ståndsriksdagen/pdf/bih_1817-1818_6_/bih_1817-1818_6__01.pdf,https://weburn.kb.se/riks/metadata/43/21798143.html,1817-1818
bih_1817-1818_6__02,Om riksdagstrycket,bihang,1817,1818,https://weburn.kb.se/riks/ståndsriksdagen/xml/bih_1817-1818_6_/bih_1817-1818_6__02.xml,https://weburn.kb.se/riks/ståndsriksdagen/pdf/bih_1817-1818_6_/bih_1817-1818_6__02.pdf,https://weburn.kb.se/riks/metadata/43/21798143.html,1817-1818
bih_1817-1818_6__03,Om riksdagstrycket,bihang,1817,1818,https://weburn.kb.se/riks/ståndsriksdagen/xml/bih_1817-1818_6_/bih_1817-1818_6__03.xml,https://weburn.kb.se/riks/ståndsriksdagen/pdf/bih_1817-1818_6_/bih_1817-1818_6__03.pdf,https://weburn.kb.se/riks/metadata/43/21798143.html,1817-1818
bih_1817-1818_4-1__01,Om riksdagstrycket,bihang,1817,1818,https://weburn.kb.se/riks/ståndsriksdagen/xml/bih_1817-1818_4-1_/bih_1817-1818_4-1__01.xml,https://weburn.kb.se/riks/ståndsriksdagen/pdf/bih_1817-1818_4-1_/bih_1817-1818_4-1__01.pdf,https://weburn.kb.se/riks/metadata/37/21798137.html,1817-1818
bih_1817-1818_4-1__02,Om riksdagstrycket,bihang,1817,1818,https://weburn.kb.se/riks/ståndsriksdagen/xml/bih_1817-1818_4-1_/bih_1817-1818_4-1__02.xml,https://weburn.kb.se/riks/ståndsriksdagen/pdf/bih_1817-1818_4-1_/bih_1817-1818_4-1__02.pdf,https://weburn.kb.se/riks/metadata/37/21798137.html,1817-1818
bih_1817-1818_4-1__03,Om riksdagstrycket,bihang,1817,1818,https://weburn.kb.se/riks/ståndsriksdagen/xml/bih_1817-1818_4-1_/bih_1817-1818_4-1__03.xml,https://weburn.kb.se/riks/ståndsriksdagen/pdf/bih_1817-1818_4-1_/bih_1817-1818_4-1__03.pdf,https://weburn.kb.se/riks/metadata/37/21798137.html,1817-1818
bih_1817-1818_4-1__04,Om riksdagstrycket,bihang,1817,1818,https://weburn.kb.se/riks/ståndsriksdagen/xml/bih_1817-1818_4-1_/bih_1817-1818_4-1__04.xml,https://weburn.kb.se/riks/ståndsriksdagen/pdf/bih_1817-1818_4-1_/bih_1817-1818_4-1__04.pdf,https://weburn.kb.se/riks/metadata/37/21798137.html,1817-1818
bih_1817-1818_4-2__01,Om riksdagstrycket,bihang,1817,1818,https://weburn.kb.se/riks/ståndsriksdagen/xml/bih_1817-1818_4-2_/bih_1817-1818_4-2__01.xml,https://weburn.kb.se/riks/ståndsriksdagen/pdf/bih_1817-1818_4-2_/bih_1817-1818_4-2__01.pdf,https://weburn.kb.se/riks/metadata/37/21798137.html,1817-1818
bih_1817-1818_4-2__02,Om riksdagstrycket,bihang,1817,1818,https://weburn.kb.se/riks/ståndsriksdagen/xml/bih_1817-1818_4-2_/bih_1817-1818_4-2__02.xml,https://weburn.kb.se/riks/ståndsriksdagen/pdf/bih_1817-1818_4-2_/bih_1817-1818_4-2__02.pdf,https://weburn.kb.se/riks/metadata/37/21798137.html,1817-1818
bih_1817-1818_4-3_,Om riksdagstrycket,bihang,1817,1818,https://weburn.kb.se/riks/ståndsriksdagen/xml/bih_1817-1818_4-3_/bih_1817-1818_4-3_.xml,https://weburn.kb.se/riks/ståndsriksdagen/pdf/bih_1817-1818_4-3_/bih_1817-1818_4-3_.pdf,https://weburn.kb.se/riks/metadata/37/21798137.html,1817-1818
bih_1817-1818_4-4_,Om riksdagstrycket,bihang,1817,1818,https://weburn.kb.se/riks/ståndsriksdagen/xml/bih_1817-1818_4-4_/bih_1817-1818_4-4_.xml,https://weburn.kb.se/riks/ståndsriksdagen/pdf/bih_1817-1818_4-4_/bih_1817-1818_4-4_.pdf,https://weburn.kb.se/riks/metadata/37/21798137.html,1817-1818
bih_1817-1818_5__01,Om riksdagstrycket,bihang,1817,1818,https://weburn.kb.se/riks/ståndsriksdagen/xml/bih_1817-1818_5_/bih_1817-1818_5__01.xml,https://weburn.kb.se/riks/ståndsriksdagen/pdf/bih_1817-1818_5_/bih_1817-1818_5__01.pdf,https://weburn.kb.se/riks/metadata/41/21798141.html,1817-1818
bih_1817-1818_5__02,Om riksdagstrycket,bihang,1817,1818,https://weburn.kb.se/riks/ståndsriksdagen/xml/bih_1817-1818_5_/bih_1817-1818_5__02.xml,https://weburn.kb.se/riks/ståndsriksdagen/pdf/bih_1817-1818_5_/bih_1817-1818_5__02.pdf,https://weburn.kb.se/riks/metadata/41/21798141.html,1817-1818
bih_1817-1818_5_tab_,Om riksdagstrycket,bihang,1817,1818,https://weburn.kb.se/riks/ståndsriksdagen/xml/bih_1817-1818_5_tab_/bih_1817-1818_5_tab_.xml,https://weburn.kb.se/riks/ståndsriksdagen/pdf/bih_1817-1818_5_tab_/bih_1817-1818_5_tab_.pdf,https://weburn.kb.se/riks/metadata/41/21798141.html,1817-1818
bih_1817-1818_7__01,Om riksdagstrycket,bihang,1817,1818,https://weburn.kb.se/riks/ståndsriksdagen/xml/bih_1817-1818_7_/bih_1817-1818_7__01.xml,https://weburn.kb.se/riks/ståndsriksdagen/pdf/bih_1817-1818_7_/bih_1817-1818_7__01.pdf,https://weburn.kb.se/riks/metadata/48/21798148.html,1817-1818
bih_1817-1818_7__02,Om riksdagstrycket,bihang,1817,1818,https://weburn.kb.se/riks/ståndsriksdagen/xml/bih_1817-1818_7_/bih_1817-1818_7__02.xml,https://weburn.kb.se/riks/ståndsriksdagen/pdf/bih_1817-1818_7_/bih_1817-1818_7__02.pdf,https://weburn.kb.se/riks/metadata/48/21798148.html,1817-1818
bih_1817-1818_7__03,Om riksdagstrycket,bihang,1817,1818,https://weburn.kb.se/riks/ståndsriksdagen/xml/bih_1817-1818_7_/bih_1817-1818_7__03.xml,https://weburn.kb.se/riks/ståndsriksdagen/pdf/bih_1817-1818_7_/bih_1817-1818_7__03.pdf,https://weburn.kb.se/riks/metadata/48/21798148.html,1817-1818
bih_1817-1818_8-1__01,Om riksdagstrycket,bihang,1817,1818,https://weburn.kb.se/riks/ståndsriksdagen/xml/bih_1817-1818_8-1_/bih_1817-1818_8-1__01.xml,https://weburn.kb.se/riks/ståndsriksdagen/pdf/bih_1817-1818_8-1_/bih_1817-1818_8-1__01.pdf,https://weburn.kb.se/riks/metadata/52/21798152.html,1817-1818
bih_1817-1818_8-1__02,Om riksdagstrycket,bihang,1817,1818,https://weburn.kb.se/riks/ståndsriksdagen/xml/bih_1817-1818_8-1_/bih_1817-1818_8-1__02.xml,https://weburn.kb.se/riks/ståndsriksdagen/pdf/bih_1817-1818_8-1_/bih_1817-1818_8-1__02.pdf,https://weburn.kb.se/riks/metadata/52/21798152.html,1817-1818
bih_1817-1818_8-1__03,Om riksdagstrycket,bihang,1817,1818,https://weburn.kb.se/riks/ståndsriksdagen/xml/bih_1817-1818_8-1_/bih_1817-1818_8-1__03.xml,https://weburn.kb.se/riks/ståndsriksdagen/pdf/bih_1817-1818_8-1_/bih_1817-1818_8-1__03.pdf,https://weburn.kb.se/riks/metadata/52/21798152.html,1817-1818
bih_1817-1818_8-1__04,Om riksdagstrycket,bihang,1817,1818,https://weburn.kb.se/riks/ståndsriksdagen/xml/bih_1817-1818_8-1_/bih_1817-1818_8-1__04.xml,https://weburn.kb.se/riks/ståndsriksdagen/pdf/bih_1817-1818_8-1_/bih_1817-1818_8-1__04.pdf,https://weburn.kb.se/riks/metadata/52/21798152.html,1817-1818
bih_1817-1818_8-2__01,Om riksdagstrycket,bihang,1817,1818,https://weburn.kb.se/riks/ståndsriksdagen/xml/bih_1817-1818_8-2_/bih_1817-1818_8-2__01.xml,https://weburn.kb.se/riks/ståndsriksdagen/pdf/bih_1817-1818_8-2_/bih_1817-1818_8-2__01.pdf,https://weburn.kb.se/riks/metadata/52/21798152.html,1817-1818
bih_1817-1818_8-2__02,Om riksdagstrycket,bihang,1817,1818,https://weburn.kb.se/riks/ståndsriksdagen/xml/bih_1817-1818_8-2_/bih_1817-1818_8-2__02.xml,https://weburn.kb.se/riks/ståndsriksdagen/pdf/bih_1817-1818_8-2_/bih_1817-1818_8-2__02.pdf,https://weburn.kb.se/riks/metadata/52/21798152.html,1817-1818
bih_1817-1818_8-2__03,Om riksdagstrycket,bihang,1817,1818,https://weburn.kb.se/riks/ståndsriksdagen/xml/bih_1817-1818_8-2_/bih_1817-1818_8-2__03.xml,https://weburn.kb.se/riks/ståndsriksdagen/pdf/bih_1817-1818_8-2_/bih_1817-1818_8-2__03.pdf,https://weburn.kb.se/riks/metadata/52/21798152.html,1817-1818
bih_1817-1818_8-2__04,Om riksdagstrycket,bihang,1817,1818,https://weburn.kb.se/riks/ståndsriksdagen/xml/bih_1817-1818_8-2_/bih_1817-1818_8-2__04.xml,https://weburn.kb.se/riks/ståndsriksdagen/pdf/bih_1817-1818_8-2_/bih_1817-1818_8-2__04.pdf,https://weburn.kb.se/riks/metadata/52/21798152.html,1817-1818
bih_1817-1818_9__01,Om riksdagstrycket,bihang,1817,1818,https://weburn.kb.se/riks/ståndsriksdagen/xml/bih_1817-1818_9_/bih_1817-1818_9__01.xml,https://weburn.kb.se/riks/ståndsriksdagen/pdf/bih_1817-1818_9_/bih_1817-1818_9__01.pdf,https://weburn.kb.se/riks/metadata/56/21798156.html,1817-1818
bih_1817-1818_9__02,Om riksdagstrycket,bihang,1817,1818,https://weburn.kb.se/riks/ståndsriksdagen/xml/bih_1817-1818_9_/bih_1817-1818_9__02.xml,https://weburn.kb.se/riks/ståndsriksdagen/pdf/bih_1817-1818_9_/bih_1817-1818_9__02.pdf,https://weburn.kb.se/riks/metadata/56/21798156.html,1817-1818
bih_1817-1818_9__03,Om riksdagstrycket,bihang,1817,1818,https://weburn.kb.se/riks/ståndsriksdagen/xml/bih_1817-1818_9_/bih_1817-1818_9__03.xml,https://weburn.kb.se/riks/ståndsriksdagen/pdf/bih_1817-1818_9_/bih_1817-1818_9__03.pdf,https://weburn.kb.se/riks/metadata/56/21798156.html,1817-1818
bn_1817-1818_1__01,Om riksdagstrycket,bonder,1817,1818,https://weburn.kb.se/riks/ståndsriksdagen/xml/bn_1817-1818_1_/bn_1817-1818_1__01.xml,https://weburn.kb.se/riks/ståndsriksdagen/pdf/bn_1817-1818_1_/bn_1817-1818_1__01.pdf,https://weburn.kb.se/riks/metadata/73/21798773.html,1817-1818
bn_1817-1818_1__02,Om riksdagstrycket,bonder,1817,1818,https://weburn.kb.se/riks/ståndsriksdagen/xml/bn_1817-1818_1_/bn_1817-1818_1__02.xml,https://weburn.kb.se/riks/ståndsriksdagen/pdf/bn_1817-1818_1_/bn_1817-1818_1__02.pdf,https://weburn.kb.se/riks/metadata/73/21798773.html,1817-1818
bn_1817-1818_2__01,Om riksdagstrycket,bonder,1817,1818,https://weburn.kb.se/riks/ståndsriksdagen/xml/bn_1817-1818_2_/bn_1817-1818_2__01.xml,https://weburn.kb.se/riks/ståndsriksdagen/pdf/bn_1817-1818_2_/bn_1817-1818_2__01.pdf,https://weburn.kb.se/riks/metadata/74/21798774.html,1817-1818
bn_1817-1818_2__02,Om riksdagstrycket,bonder,1817,1818,https://weburn.kb.se/riks/ståndsriksdagen/xml/bn_1817-1818_2_/bn_1817-1818_2__02.xml,https://weburn.kb.se/riks/ståndsriksdagen/pdf/bn_1817-1818_2_/bn_1817-1818_2__02.pdf,https://weburn.kb.se/riks/metadata/74/21798774.html,1817-1818
bn_1817-1818_3__01,Om riksdagstrycket,bonder,1817,1818,https://weburn.kb.se/riks/ståndsriksdagen/xml/bn_1817-1818_3_/bn_1817-1818_3__01.xml,https://weburn.kb.se/riks/ståndsriksdagen/pdf/bn_1817-1818_3_/bn_1817-1818_3__01.pdf,https://weburn.kb.se/riks/metadata/75/21798775.html,1817-1818
bn_1817-1818_3__02,Om riksdagstrycket,bonder,1817,1818,https://weburn.kb.se/riks/ståndsriksdagen/xml/bn_1817-1818_3_/bn_1817-1818_3__02.xml,https://weburn.kb.se/riks/ståndsriksdagen/pdf/bn_1817-1818_3_/bn_1817-1818_3__02.pdf,https://weburn.kb.se/riks/metadata/75/21798775.html,1817-1818
bn_1817-1818_4__01,Om riksdagstrycket,bonder,1817,1818,https://weburn.kb.se/riks/ståndsriksdagen/xml/bn_1817-1818_4_/bn_1817-1818_4__01.xml,https://weburn.kb.se/riks/ståndsriksdagen/pdf/bn_1817-1818_4_/bn_1817-1818_4__01.pdf,https://weburn.kb.se/riks/metadata/76/21798776.html,1817-1818
bn_1817-1818_4__02,Om riksdagstrycket,bonder,1817,1818,https://weburn.kb.se/riks/ståndsriksdagen/xml/bn_1817-1818_4_/bn_1817-1818_4__02.xml,https://weburn.kb.se/riks/ståndsriksdagen/pdf/bn_1817-1818_4_/bn_1817-1818_4__02.pdf,https://weburn.kb.se/riks/metadata/76/21798776.html,1817-1818
bn_1817-1818_5__01,Om riksdagstrycket,bonder,1817,1818,https://weburn.kb.se/riks/ståndsriksdagen/xml/bn_1817-1818_5_/bn_1817-1818_5__01.xml,https://weburn.kb.se/riks/ståndsriksdagen/pdf/bn_1817-1818_5_/bn_1817-1818_5__01.pdf,https://weburn.kb.se/riks/metadata/77/21798777.html,1817-1818
bn_1817-1818_5__02,Om riksdagstrycket,bonder,1817,1818,https://weburn.kb.se/riks/ståndsriksdagen/xml/bn_1817-1818_5_/bn_1817-1818_5__02.xml,https://weburn.kb.se/riks/ståndsriksdagen/pdf/bn_1817-1818_5_/bn_1817-1818_5__02.pdf,https://weburn.kb.se/riks/metadata/77/21798777.html,1817-1818
bn_1817-1818_6__01,Om riksdagstrycket,bonder,1817,1818,https://weburn.kb.se/riks/ståndsriksdagen/xml/bn_1817-1818_6_/bn_1817-1818_6__01.xml,https://weburn.kb.se/riks/ståndsriksdagen/pdf/bn_1817-1818_6_/bn_1817-1818_6__01.pdf,https://weburn.kb.se/riks/metadata/78/21798778.html,1817-1818
bn_1817-1818_6__02,Om riksdagstrycket,bonder,1817,1818,https://weburn.kb.se/riks/ståndsriksdagen/xml/bn_1817-1818_6_/bn_1817-1818_6__02.xml,https://weburn.kb.se/riks/ståndsriksdagen/pdf/bn_1817-1818_6_/bn_1817-1818_6__02.pdf,https://weburn.kb.se/riks/metadata/78/21798778.html,1817-1818
roa_1817-1818_7-1__01,Om riksdagstrycket,adel,1817,1818,https://weburn.kb.se/riks/ståndsriksdagen/xml/roa_1817-1818_7-1_/roa_1817-1818_7-1__01.xml,https://weburn.kb.se/riks/ståndsriksdagen/pdf/roa_1817-1818_7-1_/roa_1817-1818_7-1__01.pdf,https://weburn.kb.se/riks/metadata/40/21799340.html,1817-1818
roa_1817-1818_7-1__02,Om riksdagstrycket,adel,1817,1818,https://weburn.kb.se/riks/ståndsriksdagen/xml/roa_1817-1818_7-1_/roa_1817-1818_7-1__02.xml,https://weburn.kb.se/riks/ståndsriksdagen/pdf/roa_1817-1818_7-1_/roa_1817-1818_7-1__02.pdf,https://weburn.kb.se/riks/metadata/40/21799340.html,1817-1818
roa_1817-1818_7-1__03,Om riksdagstrycket,adel,1817,1818,https://weburn.kb.se/riks/ståndsriksdagen/xml/roa_1817-1818_7-1_/roa_1817-1818_7-1__03.xml,https://weburn.kb.se/riks/ståndsriksdagen/pdf/roa_1817-1818_7-1_/roa_1817-1818_7-1__03.pdf,https://weburn.kb.se/riks/metadata/40/21799340.html,1817-1818
roa_1817-1818_7-2__01,Om riksdagstrycket,adel,1817,1818,https://weburn.kb.se/riks/ståndsriksdagen/xml/roa_1817-1818_7-2_/roa_1817-1818_7-2__01.xml,https://weburn.kb.se/riks/ståndsriksdagen/pdf/roa_1817-1818_7-2_/roa_1817-1818_7-2__01.pdf,https://weburn.kb.se/riks/metadata/41/21799341.html,1817-1818
roa_1817-1818_7-2__02,Om riksdagstrycket,adel,1817,1818,https://weburn.kb.se/riks/ståndsriksdagen/xml/roa_1817-1818_7-2_/roa_1817-1818_7-2__02.xml,https://weburn.kb.se/riks/ståndsriksdagen/pdf/roa_1817-1818_7-2_/roa_1817-1818_7-2__02.pdf,https://weburn.kb.se/riks/metadata/41/21799341.html,1817-1818
roa_1817-1818_8__01,Om riksdagstrycket,adel,1817,1818,https://weburn.kb.se/riks/ståndsriksdagen/xml/roa_1817-1818_8_/roa_1817-1818_8__01.xml,https://weburn.kb.se/riks/ståndsriksdagen/pdf/roa_1817-1818_8_/roa_1817-1818_8__01.pdf,https://weburn.kb.se/riks/metadata/42/21799342.html,1817-1818
roa_1817-1818_8__02,Om riksdagstrycket,adel,1817,1818,https://weburn.kb.se/riks/ståndsriksdagen/xml/roa_1817-1818_8_/roa_1817-1818_8__02.xml,https://weburn.kb.se/riks/ståndsriksdagen/pdf/roa_1817-1818_8_/roa_1817-1818_8__02.pdf,https://weburn.kb.se/riks/metadata/42/21799342.html,1817-1818
roa_1817-1818_1__01,Om riksdagstrycket,adel,1817,1818,https://weburn.kb.se/riks/ståndsriksdagen/xml/roa_1817-1818_1_/roa_1817-1818_1__01.xml,https://weburn.kb.se/riks/ståndsriksdagen/pdf/roa_1817-1818_1_/roa_1817-1818_1__01.pdf,https://weburn.kb.se/riks/metadata/27/21799327.html,1817-1818
roa_1817-1818_1__02,Om riksdagstrycket,adel,1817,1818,https://weburn.kb.se/riks/ståndsriksdagen/xml/roa_1817-1818_1_/roa_1817-1818_1__02.xml,https://weburn.kb.se/riks/ståndsriksdagen/pdf/roa_1817-1818_1_/roa_1817-1818_1__02.pdf,https://weburn.kb.se/riks/metadata/27/21799327.html,1817-1818
roa_1817-1818_1__03,Om riksdagstrycket,adel,1817,1818,https://weburn.kb.se/riks/ståndsriksdagen/xml/roa_1817-1818_1_/roa_1817-1818_1__03.xml,https://weburn.kb.se/riks/ståndsriksdagen/pdf/roa_1817-1818_1_/roa_1817-1818_1__03.pdf,https://weburn.kb.se/riks/metadata/27/21799327.html,1817-1818
roa_1817-1818_4-2_,Om riksdagstrycket,adel,1817,1818,https://weburn.kb.se/riks/ståndsriksdagen/xml/roa_1817-1818_4-2_/roa_1817-1818_4-2_.xml,https://weburn.kb.se/riks/ståndsriksdagen/pdf/roa_1817-1818_4-2_/roa_1817-1818_4-2_.pdf,https://weburn.kb.se/riks/metadata/34/21799334.html,1817-1818
roa_1817-1818_4-2__01,Om riksdagstrycket,adel,1817,1818,https://weburn.kb.se/riks/ståndsriksdagen/xml/roa_1817-1818_4-2_/roa_1817-1818_4-2__01.xml,https://weburn.kb.se/riks/ståndsriksdagen/pdf/roa_1817-1818_4-2_/roa_1817-1818_4-2__01.pdf,https://weburn.kb.se/riks/metadata/34/21799334.html,1817-1818
roa_1817-1818_4-2__02,Om riksdagstrycket,adel,1817,1818,https://weburn.kb.se/riks/ståndsriksdagen/xml/roa_1817-1818_4-2_/roa_1817-1818_4-2__02.xml,https://weburn.kb.se/riks/ståndsriksdagen/pdf/roa_1817-1818_4-2_/roa_1817-1818_4-2__02.pdf,https://weburn.kb.se/riks/metadata/34/21799334.html,1817-1818
roa_1817-1818_5__01,Om riksdagstrycket,adel,1817,1818,https://weburn.kb.se/riks/ståndsriksdagen/xml/roa_1817-1818_5_/roa_1817-1818_5__01.xml,https://weburn.kb.se/riks/ståndsriksdagen/pdf/roa_1817-1818_5_/roa_1817-1818_5__01.pdf,https://weburn.kb.se/riks/metadata/36/21799336.html,1817-1818
roa_1817-1818_5__02,Om riksdagstrycket,adel,1817,1818,https://weburn.kb.se/riks/ståndsriksdagen/xml/roa_1817-1818_5_/roa_1817-1818_5__02.xml,https://weburn.kb.se/riks/ståndsriksdagen/pdf/roa_1817-1818_5_/roa_1817-1818_5__02.pdf,https://weburn.kb.se/riks/metadata/36/21799336.html,1817-1818
roa_1817-1818_5__03,Om riksdagstrycket,adel,1817,1818,https://weburn.kb.se/riks/ståndsriksdagen/xml/roa_1817-1818_5_/roa_1817-1818_5__03.xml,https://weburn.kb.se/riks/ståndsriksdagen/pdf/roa_1817-1818_5_/roa_1817-1818_5__03.pdf,https://weburn.kb.se/riks/metadata/36/21799336.html,1817-1818
roa_1817-1818_2__01,Om riksdagstrycket,adel,1817,1818,https://weburn.kb.se/riks/ståndsriksdagen/xml/roa_1817-1818_2_/roa_1817-1818_2__01.xml,https://weburn.kb.se/riks/ståndsriksdagen/pdf/roa_1817-1818_2_/roa_1817-1818_2__01.pdf,https://weburn.kb.se/riks/metadata/28/21799328.html,1817-1818
roa_1817-1818_2__02,Om riksdagstrycket,adel,1817,1818,https://weburn.kb.se/riks/ståndsriksdagen/xml/roa_1817-1818_2_/roa_1817-1818_2__02.xml,https://weburn.kb.se/riks/ståndsriksdagen/pdf/roa_1817-1818_2_/roa_1817-1818_2__02.pdf,https://weburn.kb.se/riks/metadata/28/21799328.html,1817-1818
roa_1817-1818_2__03,Om riksdagstrycket,adel,1817,1818,https://weburn.kb.se/riks/ståndsriksdagen/xml/roa_1817-1818_2_/roa_1817-1818_2__03.xml,https://weburn.kb.se/riks/ståndsriksdagen/pdf/roa_1817-1818_2_/roa_1817-1818_2__03.pdf,https://weburn.kb.se/riks/metadata/28/21799328.html,1817-1818
roa_1817-1818_2__04,Om riksdagstrycket,adel,1817,1818,https://weburn.kb.se/riks/ståndsriksdagen/xml/roa_1817-1818_2_/roa_1817-1818_2__04.xml,https://weburn.kb.se/riks/ståndsriksdagen/pdf/roa_1817-1818_2_/roa_1817-1818_2__04.pdf,https://weburn.kb.se/riks/metadata/28/21799328.html,1817-1818
roa_1817-1818_3__01,Om riksdagstrycket,adel,1817,1818,https://weburn.kb.se/riks/ståndsriksdagen/xml/roa_1817-1818_3_/roa_1817-1818_3__01.xml,https://weburn.kb.se/riks/ståndsriksdagen/pdf/roa_1817-1818_3_/roa_1817-1818_3__01.pdf,https://weburn.kb.se/riks/metadata/31/21799331.html,1817-1818
roa_1817-1818_3__02,Om riksdagstrycket,adel,1817,1818,https://weburn.kb.se/riks/ståndsriksdagen/xml/roa_1817-1818_3_/roa_1817-1818_3__02.xml,https://weburn.kb.se/riks/ståndsriksdagen/pdf/roa_1817-1818_3_/roa_1817-1818_3__02.pdf,https://weburn.kb.se/riks/metadata/31/21799331.html,1817-1818
roa_1817-1818_3__03,Om riksdagstrycket,adel,1817,1818,https://weburn.kb.se/riks/ståndsriksdagen/xml/roa_1817-1818_3_/roa_1817-1818_3__03.xml,https://weburn.kb.se/riks/ståndsriksdagen/pdf/roa_1817-1818_3_/roa_1817-1818_3__03.pdf,https://weburn.kb.se/riks/metadata/31/21799331.html,1817-1818
roa_1817-1818_5__04,Om riksdagstrycket,adel,1817,1818,https://weburn.kb.se/riks/ståndsriksdagen/xml/roa_1817-1818_5_/roa_1817-1818_5__04.xml,https://weburn.kb.se/riks/ståndsriksdagen/pdf/roa_1817-1818_5_/roa_1817-1818_5__04.pdf,https://weburn.kb.se/riks/metadata/37/21799337.html,1817-1818
roa_1817-1818_5__05,Om riksdagstrycket,adel,1817,1818,https://weburn.kb.se/riks/ståndsriksdagen/xml/roa_1817-1818_5_/roa_1817-1818_5__05.xml,https://weburn.kb.se/riks/ståndsriksdagen/pdf/roa_1817-1818_5_/roa_1817-1818_5__05.pdf,https://weburn.kb.se/riks/metadata/37/21799337.html,1817-1818
roa_1817-1818_6-2__01,Om riksdagstrycket,adel,1817,1818,https://weburn.kb.se/riks/ståndsriksdagen/xml/roa_1817-1818_6-2_/roa_1817-1818_6-2__01.xml,https://weburn.kb.se/riks/ståndsriksdagen/pdf/roa_1817-1818_6-2_/roa_1817-1818_6-2__01.pdf,https://weburn.kb.se/riks/metadata/39/21799339.html,1817-1818
roa_1817-1818_6-2__02,Om riksdagstrycket,adel,1817,1818,https://weburn.kb.se/riks/ståndsriksdagen/xml/roa_1817-1818_6-2_/roa_1817-1818_6-2__02.xml,https://weburn.kb.se/riks/ståndsriksdagen/pdf/roa_1817-1818_6-2_/roa_1817-1818_6-2__02.pdf,https://weburn.kb.se/riks/metadata/39/21799339.html,1817-1818
roa_1817-1818_6-2__03,Om riksdagstrycket,adel,1817,1818,https://weburn.kb.se/riks/ståndsriksdagen/xml/roa_1817-1818_6-2_/roa_1817-1818_6-2__03.xml,https://weburn.kb.se/riks/ståndsriksdagen/pdf/roa_1817-1818_6-2_/roa_1817-1818_6-2__03.pdf,https://weburn.kb.se/riks/metadata/39/21799339.html,1817-1818
roa_1817-1818_4-1__01,Om riksdagstrycket,adel,1817,1818,https://weburn.kb.se/riks/ståndsriksdagen/xml/roa_1817-1818_4-1_/roa_1817-1818_4-1__01.xml,https://weburn.kb.se/riks/ståndsriksdagen/pdf/roa_1817-1818_4-1_/roa_1817-1818_4-1__01.pdf,https://weburn.kb.se/riks/metadata/33/21799333.html,1817-1818
roa_1817-1818_4-1__02,Om riksdagstrycket,adel,1817,1818,https://weburn.kb.se/riks/ståndsriksdagen/xml/roa_1817-1818_4-1_/roa_1817-1818_4-1__02.xml,https://weburn.kb.se/riks/ståndsriksdagen/pdf/roa_1817-1818_4-1_/roa_1817-1818_4-1__02.pdf,https://weburn.kb.se/riks/metadata/33/21799333.html,1817-1818
roa_1817-1818_4-1__03,Om riksdagstrycket,adel,1817,1818,https://weburn.kb.se/riks/ståndsriksdagen/xml/roa_1817-1818_4-1_/roa_1817-1818_4-1__03.xml,https://weburn.kb.se/riks/ståndsriksdagen/pdf/roa_1817-1818_4-1_/roa_1817-1818_4-1__03.pdf,https://weburn.kb.se/riks/metadata/33/21799333.html,1817-1818
roa_1817-1818_4-1__04,Om riksdagstrycket,adel,1817,1818,https://weburn.kb.se/riks/ståndsriksdagen/xml/roa_1817-1818_4-1_/roa_1817-1818_4-1__04.xml,https://weburn.kb.se/riks/ståndsriksdagen/pdf/roa_1817-1818_4-1_/roa_1817-1818_4-1__04.pdf,https://weburn.kb.se/riks/metadata/33/21799333.html,1817-1818
roa_1817-1818_6-1__01,Om riksdagstrycket,adel,1817,1818,https://weburn.kb.se/riks/ståndsriksdagen/xml/roa_1817-1818_6-1_/roa_1817-1818_6-1__01.xml,https://weburn.kb.se/riks/ståndsriksdagen/pdf/roa_1817-1818_6-1_/roa_1817-1818_6-1__01.pdf,https://weburn.kb.se/riks/metadata/38/21799338.html,1817-1818
roa_1817-1818_6-1__02,Om riksdagstrycket,adel,1817,1818,https://weburn.kb.se/riks/ståndsriksdagen/xml/roa_1817-1818_6-1_/roa_1817-1818_6-1__02.xml,https://weburn.kb.se/riks/ståndsriksdagen/pdf/roa_1817-1818_6-1_/roa_1817-1818_6-1__02.pdf,https://weburn.kb.se/riks/metadata/38/21799338.html,1817-1818
roa_1817-1818_6-1__03,Om riksdagstrycket,adel,1817,1818,https://weburn.kb.se/riks/ståndsriksdagen/xml/roa_1817-1818_6-1_/roa_1817-1818_6-1__03.xml,https://weburn.kb.se/riks/ståndsriksdagen/pdf/roa_1817-1818_6-1_/roa_1817-1818_6-1__03.pdf,https://weburn.kb.se/riks/metadata/38/21799338.html,1817-1818
roa_1817-1818_6-1__04,Om riksdagstrycket,adel,1817,1818,https://weburn.kb.se/riks/ståndsriksdagen/xml/roa_1817-1818_6-1_/roa_1817-1818_6-1__04.xml,https://weburn.kb.se/riks/ståndsriksdagen/pdf/roa_1817-1818_6-1_/roa_1817-1818_6-1__04.pdf,https://weburn.kb.se/riks/metadata/38/21799338.html,1817-1818
pr_1817-1818_5__01,Om riksdagstrycket,praster,1817,1818,https://weburn.kb.se/riks/ståndsriksdagen/xml/pr_1817-1818_5_/pr_1817-1818_5__01.xml,https://weburn.kb.se/riks/ståndsriksdagen/pdf/pr_1817-1818_5_/pr_1817-1818_5__01.pdf,https://weburn.kb.se/riks/metadata/81/21798981.html,1817-1818
pr_1817-1818_5__02,Om riksdagstrycket,praster,1817,1818,https://weburn.kb.se/riks/ståndsriksdagen/xml/pr_1817-1818_5_/pr_1817-1818_5__02.xml,https://weburn.kb.se/riks/ståndsriksdagen/pdf/pr_1817-1818_5_/pr_1817-1818_5__02.pdf,https://weburn.kb.se/riks/metadata/81/21798981.html,1817-1818
pr_1817-1818_1__01,Om riksdagstrycket,praster,1817,1818,https://weburn.kb.se/riks/ståndsriksdagen/xml/pr_1817-1818_1_/pr_1817-1818_1__01.xml,https://weburn.kb.se/riks/ståndsriksdagen/pdf/pr_1817-1818_1_/pr_1817-1818_1__01.pdf,https://weburn.kb.se/riks/metadata/69/21798969.html,1817-1818
pr_1817-1818_1__02,Om riksdagstrycket,praster,1817,1818,https://weburn.kb.se/riks/ståndsriksdagen/xml/pr_1817-1818_1_/pr_1817-1818_1__02.xml,https://weburn.kb.se/riks/ståndsriksdagen/pdf/pr_1817-1818_1_/pr_1817-1818_1__02.pdf,https://weburn.kb.se/riks/metadata/69/21798969.html,1817-1818
pr_1817-1818_2_,Om riksdagstrycket,praster,1817,1818,https://weburn.kb.se/riks/ståndsriksdagen/xml/pr_1817-1818_2_/pr_1817-1818_2_.xml,https://weburn.kb.se/riks/ståndsriksdagen/pdf/pr_1817-1818_2_/pr_1817-1818_2_.pdf,https://weburn.kb.se/riks/metadata/72/21798972.html,1817-1818
pr_1817-1818_3_,Om riksdagstrycket,praster,1817,1818,https://weburn.kb.se/riks/ståndsriksdagen/xml/pr_1817-1818_3_/pr_1817-1818_3_.xml,https://weburn.kb.se/riks/ståndsriksdagen/pdf/pr_1817-1818_3_/pr_1817-1818_3_.pdf,https://weburn.kb.se/riks/metadata/76/21798976.html,1817-1818
pr_1817-1818_4__01,Om riksdagstrycket,praster,1817,1818,https://weburn.kb.se/riks/ståndsriksdagen/xml/pr_1817-1818_4_/pr_1817-1818_4__01.xml,https://weburn.kb.se/riks/ståndsriksdagen/pdf/pr_1817-1818_4_/pr_1817-1818_4__01.pdf,https://weburn.kb.se/riks/metadata/79/21798979.html,1817-1818
pr_1817-1818_4__02,Om riksdagstrycket,praster,1817,1818,https://weburn.kb.se/riks/ståndsriksdagen/xml/pr_1817-1818_4_/pr_1817-1818_4__02.xml,https://weburn.kb.se/riks/ståndsriksdagen/pdf/pr_1817-1818_4_/pr_1817-1818_4__02.pdf,https://weburn.kb.se/riks/metadata/79/21798979.html,1817-1818
pr_1817-1818_6__01,Om riksdagstrycket,praster,1817,1818,https://weburn.kb.se/riks/ståndsriksdagen/xml/pr_1817-1818_6_/pr_1817-1818_6__01.xml,https://weburn.kb.se/riks/ståndsriksdagen/pdf/pr_1817-1818_6_/pr_1817-1818_6__01.pdf,https://weburn.kb.se/riks/metadata/85/21798985.html,1817-1818
pr_1817-1818_6__02,Om riksdagstrycket,praster,1817,1818,https://weburn.kb.se/riks/ståndsriksdagen/xml/pr_1817-1818_6_/pr_1817-1818_6__02.xml,https://weburn.kb.se/riks/ståndsriksdagen/pdf/pr_1817-1818_6_/pr_1817-1818_6__02.pdf,https://weburn.kb.se/riks/metadata/85/21798985.html,1817-1818
bg_1817-1818_2__01,Om riksdagstrycket,borgare,1817,1818,https://weburn.kb.se/riks/ståndsriksdagen/xml/bg_1817-1818_2_/bg_1817-1818_2__01.xml,https://weburn.kb.se/riks/ståndsriksdagen/pdf/bg_1817-1818_2_/bg_1817-1818_2__01.pdf,https://weburn.kb.se/riks/metadata/60/21797860.html,1817-1818
bg_1817-1818_2__02,Om riksdagstrycket,borgare,1817,1818,https://weburn.kb.se/riks/ståndsriksdagen/xml/bg_1817-1818_2_/bg_1817-1818_2__02.xml,https://weburn.kb.se/riks/ståndsriksdagen/pdf/bg_1817-1818_2_/bg_1817-1818_2__02.pdf,https://weburn.kb.se/riks/metadata/60/21797860.html,1817-1818
bg_1817-1818_2__03,Om riksdagstrycket,borgare,1817,1818,https://weburn.kb.se/riks/ståndsriksdagen/xml/bg_1817-1818_2_/bg_1817-1818_2__03.xml,https://weburn.kb.se/riks/ståndsriksdagen/pdf/bg_1817-1818_2_/bg_1817-1818_2__03.pdf,https://weburn.kb.se/riks/metadata/60/21797860.html,1817-1818
bg_1817-1818_3__01,Om riksdagstrycket,borgare,1817,1818,https://weburn.kb.se/riks/ståndsriksdagen/xml/bg_1817-1818_3_/bg_1817-1818_3__01.xml,https://weburn.kb.se/riks/ståndsriksdagen/pdf/bg_1817-1818_3_/bg_1817-1818_3__01.pdf,https://weburn.kb.se/riks/metadata/62/21797862.html,1817-1818
bg_1817-1818_3__02,Om riksdagstrycket,borgare,1817,1818,https://weburn.kb.se/riks/ståndsriksdagen/xml/bg_1817-1818_3_/bg_1817-1818_3__02.xml,https://weburn.kb.se/riks/ståndsriksdagen/pdf/bg_1817-1818_3_/bg_1817-1818_3__02.pdf,https://weburn.kb.se/riks/metadata/62/21797862.html,1817-1818
bg_1817-1818_3__03,Om riksdagstrycket,borgare,1817,1818,https://weburn.kb.se/riks/ståndsriksdagen/xml/bg_1817-1818_3_/bg_1817-1818_3__03.xml,https://weburn.kb.se/riks/ståndsriksdagen/pdf/bg_1817-1818_3_/bg_1817-1818_3__03.pdf,https://weburn.kb.se/riks/metadata/62/21797862.html,1817-1818
bg_1817-1818_3__04,Om riksdagstrycket,borgare,1817,1818,https://weburn.kb.se/riks/ståndsriksdagen/xml/bg_1817-1818_3_/bg_1817-1818_3__04.xml,https://weburn.kb.se/riks/ståndsriksdagen/pdf/bg_1817-1818_3_/bg_1817-1818_3__04.pdf,https://weburn.kb.se/riks/metadata/62/21797862.html,1817-1818
bg_1817-1818_4__01,Om riksdagstrycket,borgare,1817,1818,https://weburn.kb.se/riks/ståndsriksdagen/xml/bg_1817-1818_4_/bg_1817-1818_4__01.xml,https://weburn.kb.se/riks/ståndsriksdagen/pdf/bg_1817-1818_4_/bg_1817-1818_4__01.pdf,https://weburn.kb.se/riks/metadata/64/21797864.html,1817-1818
bg_1817-1818_4__02,Om riksdagstrycket,borgare,1817,1818,https://weburn.kb.se/riks/ståndsriksdagen/xml/bg_1817-1818_4_/bg_1817-1818_4__02.xml,https://weburn.kb.se/riks/ståndsriksdagen/pdf/bg_1817-1818_4_/bg_1817-1818_4__02.pdf,https://weburn.kb.se/riks/metadata/64/21797864.html,1817-1818
bg_1817-1818_4__03,Om riksdagstrycket,borgare,1817,1818,https://weburn.kb.se/riks/ståndsriksdagen/xml/bg_1817-1818_4_/bg_1817-1818_4__03.xml,https://weburn.kb.se/riks/ståndsriksdagen/pdf/bg_1817-1818_4_/bg_1817-1818_4__03.pdf,https://weburn.kb.se/riks/metadata/64/21797864.html,1817-1818
bg_1817-1818_4__04,Om riksdagstrycket,borgare,1817,1818,https://weburn.kb.se/riks/ståndsriksdagen/xml/bg_1817-1818_4_/bg_1817-1818_4__04.xml,https://weburn.kb.se/riks/ståndsriksdagen/pdf/bg_1817-1818_4_/bg_1817-1818_4__04.pdf,https://weburn.kb.se/riks/metadata/64/21797864.html,1817-1818
bg_1817-1818_1__01,Om riksdagstrycket,borgare,1817,1818,https://weburn.kb.se/riks/ståndsriksdagen/xml/bg_1817-1818_1_/bg_1817-1818_1__01.xml,https://weburn.kb.se/riks/ståndsriksdagen/pdf/bg_1817-1818_1_/bg_1817-1818_1__01.pdf,https://weburn.kb.se/riks/metadata/59/21797859.html,1817-1818
bg_1817-1818_1__02,Om riksdagstrycket,borgare,1817,1818,https://weburn.kb.se/riks/ståndsriksdagen/xml/bg_1817-1818_1_/bg_1817-1818_1__02.xml,https://weburn.kb.se/riks/ståndsriksdagen/pdf/bg_1817-1818_1_/bg_1817-1818_1__02.pdf,https://weburn.kb.se/riks/metadata/59/21797859.html,1817-1818
bg_1817-1818_1__03,Om riksdagstrycket,borgare,1817,1818,https://weburn.kb.se/riks/ståndsriksdagen/xml/bg_1817-1818_1_/bg_1817-1818_1__03.xml,https://weburn.kb.se/riks/ståndsriksdagen/pdf/bg_1817-1818_1_/bg_1817-1818_1__03.pdf,https://weburn.kb.se/riks/metadata/59/21797859.html,1817-1818
bih_1817-1818_reg_,Om riksdagstrycket,bihang,1817,1818,https://weburn.kb.se/riks/ståndsriksdagen/xml/bih_1817-1818_reg_/bih_1817-1818_reg_.xml,https://weburn.kb.se/riks/ståndsriksdagen/pdf/bih_1817-1818_reg_/bih_1817-1818_reg_.pdf,https://weburn.kb.se/riks/metadata/59/21798159.html,1817-1818
roa_1817-1818_reg__01,Om riksdagstrycket,adel,1817,1818,https://weburn.kb.se/riks/ståndsriksdagen/xml/roa_1817-1818_reg_/roa_1817-1818_reg__01.xml,https://weburn.kb.se/riks/ståndsriksdagen/pdf/roa_1817-1818_reg_/roa_1817-1818_reg__01.pdf,https://weburn.kb.se/riks/metadata/43/21799343.html,1817-1818
roa_1817-1818_reg__02,Om riksdagstrycket,adel,1817,1818,https://weburn.kb.se/riks/ståndsriksdagen/xml/roa_1817-1818_reg_/roa_1817-1818_reg__02.xml,https://weburn.kb.se/riks/ståndsriksdagen/pdf/roa_1817-1818_reg_/roa_1817-1818_reg__02.pdf,https://weburn.kb.se/riks/metadata/43/21799343.html,1817-1818
bih_1817-1818_tab_,Om riksdagstrycket,bihang,1817,1818,https://weburn.kb.se/riks/ståndsriksdagen/xml/bih_1817-1818_tab_/bih_1817-1818_tab_.xml,https://weburn.kb.se/riks/ståndsriksdagen/pdf/bih_1817-1818_tab_/bih_1817-1818_tab_.pdf,https://weburn.kb.se/riks/metadata/63/21798163.html,1817-1818
bih_1823_reg_,Om riksdagstrycket,bihang,1823,1823,https://weburn.kb.se/riks/ståndsriksdagen/xml/bih_1823_reg_/bih_1823_reg_.xml,https://weburn.kb.se/riks/ståndsriksdagen/pdf/bih_1823_reg_/bih_1823_reg_.pdf,https://weburn.kb.se/riks/metadata/19/21798219.html,1823
bih_1823_4-6__01,Om riksdagstrycket,bihang,1823,1823,https://weburn.kb.se/riks/ståndsriksdagen/xml/bih_1823_4-6_/bih_1823_4-6__01.xml,https://weburn.kb.se/riks/ståndsriksdagen/pdf/bih_1823_4-6_/bih_1823_4-6__01.pdf,https://weburn.kb.se/riks/metadata/93/21798193.html,1823
bih_1823_4-6__02,Om riksdagstrycket,bihang,1823,1823,https://weburn.kb.se/riks/ståndsriksdagen/xml/bih_1823_4-6_/bih_1823_4-6__02.xml,https://weburn.kb.se/riks/ståndsriksdagen/pdf/bih_1823_4-6_/bih_1823_4-6__02.pdf,https://weburn.kb.se/riks/metadata/93/21798193.html,1823
bih_1823_4-6__03,Om riksdagstrycket,bihang,1823,1823,https://weburn.kb.se/riks/ståndsriksdagen/xml/bih_1823_4-6_/bih_1823_4-6__03.xml,https://weburn.kb.se/riks/ståndsriksdagen/pdf/bih_1823_4-6_/bih_1823_4-6__03.pdf,https://weburn.kb.se/riks/metadata/93/21798193.html,1823
bih_1823_4-5__01,Om riksdagstrycket,bihang,1823,1823,https://weburn.kb.se/riks/ståndsriksdagen/xml/bih_1823_4-5_/bih_1823_4-5__01.xml,https://weburn.kb.se/riks/ståndsriksdagen/pdf/bih_1823_4-5_/bih_1823_4-5__01.pdf,https://weburn.kb.se/riks/metadata/91/21798191.html,1823
bih_1823_4-5__02,Om riksdagstrycket,bihang,1823,1823,https://weburn.kb.se/riks/ståndsriksdagen/xml/bih_1823_4-5_/bih_1823_4-5__02.xml,https://weburn.kb.se/riks/ståndsriksdagen/pdf/bih_1823_4-5_/bih_1823_4-5__02.pdf,https://weburn.kb.se/riks/metadata/91/21798191.html,1823
bih_1823_4-5__03,Om riksdagstrycket,bihang,1823,1823,https://weburn.kb.se/riks/ståndsriksdagen/xml/bih_1823_4-5_/bih_1823_4-5__03.xml,https://weburn.kb.se/riks/ståndsriksdagen/pdf/bih_1823_4-5_/bih_1823_4-5__03.pdf,https://weburn.kb.se/riks/metadata/91/21798191.html,1823
bih_1823_5-1-2__01,Om riksdagstrycket,bihang,1823,1823,https://weburn.kb.se/riks/ståndsriksdagen/xml/bih_1823_5-1-2_/bih_1823_5-1-2__01.xml,https://weburn.kb.se/riks/ståndsriksdagen/pdf/bih_1823_5-1-2_/bih_1823_5-1-2__01.pdf,https://weburn.kb.se/riks/metadata/94/21798194.html,1823
bih_1823_5-1-2__02,Om riksdagstrycket,bihang,1823,1823,https://weburn.kb.se/riks/ståndsriksdagen/xml/bih_1823_5-1-2_/bih_1823_5-1-2__02.xml,https://weburn.kb.se/riks/ståndsriksdagen/pdf/bih_1823_5-1-2_/bih_1823_5-1-2__02.pdf,https://weburn.kb.se/riks/metadata/94/21798194.html,1823
bih_1823_5-1-2__03,Om riksdagstrycket,bihang,1823,1823,https://weburn.kb.se/riks/ståndsriksdagen/xml/bih_1823_5-1-2_/bih_1823_5-1-2__03.xml,https://weburn.kb.se/riks/ståndsriksdagen/pdf/bih_1823_5-1-2_/bih_1823_5-1-2__03.pdf,https://weburn.kb.se/riks/metadata/94/21798194.html,1823
bih_1823_5-1-2__04,Om riksdagstrycket,bihang,1823,1823,https://weburn.kb.se/riks/ståndsriksdagen/xml/bih_1823_5-1-2_/bih_1823_5-1-2__04.xml,https://weburn.kb.se/riks/ståndsriksdagen/pdf/bih_1823_5-1-2_/bih_1823_5-1-2__04.pdf,https://weburn.kb.se/riks/metadata/97/21798197.html,1823
bih_1823_6-1-2__01,Om riksdagstrycket,bihang,1823,1823,https://weburn.kb.se/riks/ståndsriksdagen/xml/bih_1823_6-1-2_/bih_1823_6-1-2__01.xml,https://weburn.kb.se/riks/ståndsriksdagen/pdf/bih_1823_6-1-2_/bih_1823_6-1-2__01.pdf,https://weburn.kb.se/riks/metadata/00/21798200.html,1823
bih_1823_6-1-2__02,Om riksdagstrycket,bihang,1823,1823,https://weburn.kb.se/riks/ståndsriksdagen/xml/bih_1823_6-1-2_/bih_1823_6-1-2__02.xml,https://weburn.kb.se/riks/ståndsriksdagen/pdf/bih_1823_6-1-2_/bih_1823_6-1-2__02.pdf,https://weburn.kb.se/riks/metadata/00/21798200.html,1823
bih_1823_6-1-2__03,Om riksdagstrycket,bihang,1823,1823,https://weburn.kb.se/riks/ståndsriksdagen/xml/bih_1823_6-1-2_/bih_1823_6-1-2__03.xml,https://weburn.kb.se/riks/ståndsriksdagen/pdf/bih_1823_6-1-2_/bih_1823_6-1-2__03.pdf,https://weburn.kb.se/riks/metadata/00/21798200.html,1823
bih_1823_6-1-2__04,Om riksdagstrycket,bihang,1823,1823,https://weburn.kb.se/riks/ståndsriksdagen/xml/bih_1823_6-1-2_/bih_1823_6-1-2__04.xml,https://weburn.kb.se/riks/ståndsriksdagen/pdf/bih_1823_6-1-2_/bih_1823_6-1-2__04.pdf,https://weburn.kb.se/riks/metadata/00/21798200.html,1823
bih_1823_6-2__01,Om riksdagstrycket,bihang,1823,1823,https://weburn.kb.se/riks/ståndsriksdagen/xml/bih_1823_6-2_/bih_1823_6-2__01.xml,https://weburn.kb.se/riks/ståndsriksdagen/pdf/bih_1823_6-2_/bih_1823_6-2__01.pdf,https://weburn.kb.se/riks/metadata/01/21798201.html,1823
bih_1823_6-2__02,Om riksdagstrycket,bihang,1823,1823,https://weburn.kb.se/riks/ståndsriksdagen/xml/bih_1823_6-2_/bih_1823_6-2__02.xml,https://weburn.kb.se/riks/ståndsriksdagen/pdf/bih_1823_6-2_/bih_1823_6-2__02.pdf,https://weburn.kb.se/riks/metadata/01/21798201.html,1823
bih_1823_1-1__01,Om riksdagstrycket,bihang,1823,1823,https://weburn.kb.se/riks/ståndsriksdagen/xml/bih_1823_1-1_/bih_1823_1-1__01.xml,https://weburn.kb.se/riks/ståndsriksdagen/pdf/bih_1823_1-1_/bih_1823_1-1__01.pdf,https://weburn.kb.se/riks/metadata/79/21798179.html,1823
bih_1823_1-1__02,Om riksdagstrycket,bihang,1823,1823,https://weburn.kb.se/riks/ståndsriksdagen/xml/bih_1823_1-1_/bih_1823_1-1__02.xml,https://weburn.kb.se/riks/ståndsriksdagen/pdf/bih_1823_1-1_/bih_1823_1-1__02.pdf,https://weburn.kb.se/riks/metadata/79/21798179.html,1823
bih_1823_2-1__01,Om riksdagstrycket,bihang,1823,1823,https://weburn.kb.se/riks/ståndsriksdagen/xml/bih_1823_2-1_/bih_1823_2-1__01.xml,https://weburn.kb.se/riks/ståndsriksdagen/pdf/bih_1823_2-1_/bih_1823_2-1__01.pdf,https://weburn.kb.se/riks/metadata/83/21798183.html,1823
bih_1823_2-1__02,Om riksdagstrycket,bihang,1823,1823,https://weburn.kb.se/riks/ståndsriksdagen/xml/bih_1823_2-1_/bih_1823_2-1__02.xml,https://weburn.kb.se/riks/ståndsriksdagen/pdf/bih_1823_2-1_/bih_1823_2-1__02.pdf,https://weburn.kb.se/riks/metadata/83/21798183.html,1823
bih_1823_2-1__03,Om riksdagstrycket,bihang,1823,1823,https://weburn.kb.se/riks/ståndsriksdagen/xml/bih_1823_2-1_/bih_1823_2-1__03.xml,https://weburn.kb.se/riks/ståndsriksdagen/pdf/bih_1823_2-1_/bih_1823_2-1__03.pdf,https://weburn.kb.se/riks/metadata/83/21798183.html,1823
bih_1823_2-2__01,Om riksdagstrycket,bihang,1823,1823,https://weburn.kb.se/riks/ståndsriksdagen/xml/bih_1823_2-2_/bih_1823_2-2__01.xml,https://weburn.kb.se/riks/ståndsriksdagen/pdf/bih_1823_2-2_/bih_1823_2-2__01.pdf,https://weburn.kb.se/riks/metadata/84/21798184.html,1823
bih_1823_2-2__02,Om riksdagstrycket,bihang,1823,1823,https://weburn.kb.se/riks/ståndsriksdagen/xml/bih_1823_2-2_/bih_1823_2-2__02.xml,https://weburn.kb.se/riks/ståndsriksdagen/pdf/bih_1823_2-2_/bih_1823_2-2__02.pdf,https://weburn.kb.se/riks/metadata/84/21798184.html,1823
bih_1823_2-2__03,Om riksdagstrycket,bihang,1823,1823,https://weburn.kb.se/riks/ståndsriksdagen/xml/bih_1823_2-2_/bih_1823_2-2__03.xml,https://weburn.kb.se/riks/ståndsriksdagen/pdf/bih_1823_2-2_/bih_1823_2-2__03.pdf,https://weburn.kb.se/riks/metadata/84/21798184.html,1823
bih_1823_4-1__01,Om riksdagstrycket,bihang,1823,1823,https://weburn.kb.se/riks/ståndsriksdagen/xml/bih_1823_4-1_/bih_1823_4-1__01.xml,https://weburn.kb.se/riks/ståndsriksdagen/pdf/bih_1823_4-1_/bih_1823_4-1__01.pdf,https://weburn.kb.se/riks/metadata/86/21798186.html,1823
bih_1823_4-1__02,Om riksdagstrycket,bihang,1823,1823,https://weburn.kb.se/riks/ståndsriksdagen/xml/bih_1823_4-1_/bih_1823_4-1__02.xml,https://weburn.kb.se/riks/ståndsriksdagen/pdf/bih_1823_4-1_/bih_1823_4-1__02.pdf,https://weburn.kb.se/riks/metadata/86/21798186.html,1823
bih_1823_4-1__03,Om riksdagstrycket,bihang,1823,1823,https://weburn.kb.se/riks/ståndsriksdagen/xml/bih_1823_4-1_/bih_1823_4-1__03.xml,https://weburn.kb.se/riks/ståndsriksdagen/pdf/bih_1823_4-1_/bih_1823_4-1__03.pdf,https://weburn.kb.se/riks/metadata/86/21798186.html,1823
bih_1823_4-2__01,Om riksdagstrycket,bihang,1823,1823,https://weburn.kb.se/riks/ståndsriksdagen/xml/bih_1823_4-2_/bih_1823_4-2__01.xml,https://weburn.kb.se/riks/ståndsriksdagen/pdf/bih_1823_4-2_/bih_1823_4-2__01.pdf,https://weburn.kb.se/riks/metadata/87/21798187.html,1823
bih_1823_4-2__02,Om riksdagstrycket,bihang,1823,1823,https://weburn.kb.se/riks/ståndsriksdagen/xml/bih_1823_4-2_/bih_1823_4-2__02.xml,https://weburn.kb.se/riks/ståndsriksdagen/pdf/bih_1823_4-2_/bih_1823_4-2__02.pdf,https://weburn.kb.se/riks/metadata/87/21798187.html,1823
bih_1823_4-2__03,Om riksdagstrycket,bihang,1823,1823,https://weburn.kb.se/riks/ståndsriksdagen/xml/bih_1823_4-2_/bih_1823_4-2__03.xml,https://weburn.kb.se/riks/ståndsriksdagen/pdf/bih_1823_4-2_/bih_1823_4-2__03.pdf,https://weburn.kb.se/riks/metadata/87/21798187.html,1823
bih_1823_4-3-add_,Om riksdagstrycket,bihang,1823,1823,https://weburn.kb.se/riks/ståndsriksdagen/xml/bih_1823_4-3-add_/bih_1823_4-3-add_.xml,https://weburn.kb.se/riks/ståndsriksdagen/pdf/bih_1823_4-3-add_/bih_1823_4-3-add_.pdf,https://weburn.kb.se/riks/metadata/88/21798188.html,1823
bih_1823_4-3__01,Om riksdagstrycket,bihang,1823,1823,https://weburn.kb.se/riks/ståndsriksdagen/xml/bih_1823_4-3_/bih_1823_4-3__01.xml,https://weburn.kb.se/riks/ståndsriksdagen/pdf/bih_1823_4-3_/bih_1823_4-3__01.pdf,https://weburn.kb.se/riks/metadata/88/21798188.html,1823
bih_1823_4-3__02,Om riksdagstrycket,bihang,1823,1823,https://weburn.kb.se/riks/ståndsriksdagen/xml/bih_1823_4-3_/bih_1823_4-3__02.xml,https://weburn.kb.se/riks/ståndsriksdagen/pdf/bih_1823_4-3_/bih_1823_4-3__02.pdf,https://weburn.kb.se/riks/metadata/88/21798188.html,1823
bih_1823_1-1-2_,Om riksdagstrycket,bihang,1823,1823,https://weburn.kb.se/riks/ståndsriksdagen/xml/bih_1823_1-1-2_/bih_1823_1-1-2_.xml,https://weburn.kb.se/riks/ståndsriksdagen/pdf/bih_1823_1-1-2_/bih_1823_1-1-2_.pdf,https://weburn.kb.se/riks/metadata/82/21798182.html,1823
bih_1823_7-1__01,Om riksdagstrycket,bihang,1823,1823,https://weburn.kb.se/riks/ståndsriksdagen/xml/bih_1823_7-1_/bih_1823_7-1__01.xml,https://weburn.kb.se/riks/ståndsriksdagen/pdf/bih_1823_7-1_/bih_1823_7-1__01.pdf,https://weburn.kb.se/riks/metadata/02/21798202.html,1823
bih_1823_7-1__02,Om riksdagstrycket,bihang,1823,1823,https://weburn.kb.se/riks/ståndsriksdagen/xml/bih_1823_7-1_/bih_1823_7-1__02.xml,https://weburn.kb.se/riks/ståndsriksdagen/pdf/bih_1823_7-1_/bih_1823_7-1__02.pdf,https://weburn.kb.se/riks/metadata/02/21798202.html,1823
bih_1823_7-1__03,Om riksdagstrycket,bihang,1823,1823,https://weburn.kb.se/riks/ståndsriksdagen/xml/bih_1823_7-1_/bih_1823_7-1__03.xml,https://weburn.kb.se/riks/ståndsriksdagen/pdf/bih_1823_7-1_/bih_1823_7-1__03.pdf,https://weburn.kb.se/riks/metadata/02/21798202.html,1823
bih_1823_7-2_3__01,Om riksdagstrycket,bihang,1823,1823,https://weburn.kb.se/riks/ståndsriksdagen/xml/bih_1823_7-2_3_/bih_1823_7-2_3__01.xml,https://weburn.kb.se/riks/ståndsriksdagen/pdf/bih_1823_7-2_3_/bih_1823_7-2_3__01.pdf,https://weburn.kb.se/riks/metadata/04/21798204.html,1823
bih_1823_7-2_3__02,Om riksdagstrycket,bihang,1823,1823,https://weburn.kb.se/riks/ståndsriksdagen/xml/bih_1823_7-2_3_/bih_1823_7-2_3__02.xml,https://weburn.kb.se/riks/ståndsriksdagen/pdf/bih_1823_7-2_3_/bih_1823_7-2_3__02.pdf,https://weburn.kb.se/riks/metadata/04/21798204.html,1823
bih_1823_7-2_3__03,Om riksdagstrycket,bihang,1823,1823,https://weburn.kb.se/riks/ståndsriksdagen/xml/bih_1823_7-2_3_/bih_1823_7-2_3__03.xml,https://weburn.kb.se/riks/ståndsriksdagen/pdf/bih_1823_7-2_3_/bih_1823_7-2_3__03.pdf,https://weburn.kb.se/riks/metadata/04/21798204.html,1823
bih_1823_7-3_,Om riksdagstrycket,bihang,1823,1823,https://weburn.kb.se/riks/ståndsriksdagen/xml/bih_1823_7-3_/bih_1823_7-3_.xml,https://weburn.kb.se/riks/ståndsriksdagen/pdf/bih_1823_7-3_/bih_1823_7-3_.pdf,https://weburn.kb.se/riks/metadata/05/21798205.html,1823
bih_1823_8-1__01,Om riksdagstrycket,bihang,1823,1823,https://weburn.kb.se/riks/ståndsriksdagen/xml/bih_1823_8-1_/bih_1823_8-1__01.xml,https://weburn.kb.se/riks/ståndsriksdagen/pdf/bih_1823_8-1_/bih_1823_8-1__01.pdf,https://weburn.kb.se/riks/metadata/07/21798207.html,1823
bih_1823_8-1__02,Om riksdagstrycket,bihang,1823,1823,https://weburn.kb.se/riks/ståndsriksdagen/xml/bih_1823_8-1_/bih_1823_8-1__02.xml,https://weburn.kb.se/riks/ståndsriksdagen/pdf/bih_1823_8-1_/bih_1823_8-1__02.pdf,https://weburn.kb.se/riks/metadata/07/21798207.html,1823
bih_1823_8-1__03,Om riksdagstrycket,bihang,1823,1823,https://weburn.kb.se/riks/ståndsriksdagen/xml/bih_1823_8-1_/bih_1823_8-1__03.xml,https://weburn.kb.se/riks/ståndsriksdagen/pdf/bih_1823_8-1_/bih_1823_8-1__03.pdf,https://weburn.kb.se/riks/metadata/07/21798207.html,1823
bih_1823_8-2__01,Om riksdagstrycket,bihang,1823,1823,https://weburn.kb.se/riks/ståndsriksdagen/xml/bih_1823_8-2_/bih_1823_8-2__01.xml,https://weburn.kb.se/riks/ståndsriksdagen/pdf/bih_1823_8-2_/bih_1823_8-2__01.pdf,https://weburn.kb.se/riks/metadata/10/21798210.html,1823
bih_1823_8-2__02,Om riksdagstrycket,bihang,1823,1823,https://weburn.kb.se/riks/ståndsriksdagen/xml/bih_1823_8-2_/bih_1823_8-2__02.xml,https://weburn.kb.se/riks/ståndsriksdagen/pdf/bih_1823_8-2_/bih_1823_8-2__02.pdf,https://weburn.kb.se/riks/metadata/10/21798210.html,1823
bih_1823_9-1__01,Om riksdagstrycket,bihang,1823,1823,https://weburn.kb.se/riks/ståndsriksdagen/xml/bih_1823_9-1_/bih_1823_9-1__01.xml,https://weburn.kb.se/riks/ståndsriksdagen/pdf/bih_1823_9-1_/bih_1823_9-1__01.pdf,https://weburn.kb.se/riks/metadata/13/21798213.html,1823
bih_1823_9-1__02,Om riksdagstrycket,bihang,1823,1823,https://weburn.kb.se/riks/ståndsriksdagen/xml/bih_1823_9-1_/bih_1823_9-1__02.xml,https://weburn.kb.se/riks/ståndsriksdagen/pdf/bih_1823_9-1_/bih_1823_9-1__02.pdf,https://weburn.kb.se/riks/metadata/13/21798213.html,1823
bih_1823_9-1__03,Om riksdagstrycket,bihang,1823,1823,https://weburn.kb.se/riks/ståndsriksdagen/xml/bih_1823_9-1_/bih_1823_9-1__03.xml,https://weburn.kb.se/riks/ståndsriksdagen/pdf/bih_1823_9-1_/bih_1823_9-1__03.pdf,https://weburn.kb.se/riks/metadata/13/21798213.html,1823
bih_1823_9-2__01,Om riksdagstrycket,bihang,1823,1823,https://weburn.kb.se/riks/ståndsriksdagen/xml/bih_1823_9-2_/bih_1823_9-2__01.xml,https://weburn.kb.se/riks/ståndsriksdagen/pdf/bih_1823_9-2_/bih_1823_9-2__01.pdf,https://weburn.kb.se/riks/metadata/15/21798215.html,1823
bih_1823_9-2__02,Om riksdagstrycket,bihang,1823,1823,https://weburn.kb.se/riks/ståndsriksdagen/xml/bih_1823_9-2_/bih_1823_9-2__02.xml,https://weburn.kb.se/riks/ståndsriksdagen/pdf/bih_1823_9-2_/bih_1823_9-2__02.pdf,https://weburn.kb.se/riks/metadata/15/21798215.html,1823
bih_1823_9-3__01,Om riksdagstrycket,bihang,1823,1823,https://weburn.kb.se/riks/ståndsriksdagen/xml/bih_1823_9-3_/bih_1823_9-3__01.xml,https://weburn.kb.se/riks/ståndsriksdagen/pdf/bih_1823_9-3_/bih_1823_9-3__01.pdf,https://weburn.kb.se/riks/metadata/17/21798217.html,1823
bih_1823_9-3__02,Om riksdagstrycket,bihang,1823,1823,https://weburn.kb.se/riks/ståndsriksdagen/xml/bih_1823_9-3_/bih_1823_9-3__02.xml,https://weburn.kb.se/riks/ståndsriksdagen/pdf/bih_1823_9-3_/bih_1823_9-3__02.pdf,https://weburn.kb.se/riks/metadata/17/21798217.html,1823
bih_1823_9-3__03,Om riksdagstrycket,bihang,1823,1823,https://weburn.kb.se/riks/ståndsriksdagen/xml/bih_1823_9-3_/bih_1823_9-3__03.xml,https://weburn.kb.se/riks/ståndsriksdagen/pdf/bih_1823_9-3_/bih_1823_9-3__03.pdf,https://weburn.kb.se/riks/metadata/17/21798217.html,1823
bih_1823_10-1__01,Om riksdagstrycket,bihang,1823,1823,https://weburn.kb.se/riks/ståndsriksdagen/xml/bih_1823_10-1_/bih_1823_10-1__01.xml,https://weburn.kb.se/riks/ståndsriksdagen/pdf/bih_1823_10-1_/bih_1823_10-1__01.pdf,https://weburn.kb.se/riks/metadata/67/21798167.html,1823
bih_1823_10-1__02,Om riksdagstrycket,bihang,1823,1823,https://weburn.kb.se/riks/ståndsriksdagen/xml/bih_1823_10-1_/bih_1823_10-1__02.xml,https://weburn.kb.se/riks/ståndsriksdagen/pdf/bih_1823_10-1_/bih_1823_10-1__02.pdf,https://weburn.kb.se/riks/metadata/67/21798167.html,1823
bih_1823_10-1__03,Om riksdagstrycket,bihang,1823,1823,https://weburn.kb.se/riks/ståndsriksdagen/xml/bih_1823_10-1_/bih_1823_10-1__03.xml,https://weburn.kb.se/riks/ståndsriksdagen/pdf/bih_1823_10-1_/bih_1823_10-1__03.pdf,https://weburn.kb.se/riks/metadata/67/21798167.html,1823
bih_1823_10-2-1_,Om riksdagstrycket,bihang,1823,1823,https://weburn.kb.se/riks/ståndsriksdagen/xml/bih_1823_10-2-1_/bih_1823_10-2-1_.xml,https://weburn.kb.se/riks/ståndsriksdagen/pdf/bih_1823_10-2-1_/bih_1823_10-2-1_.pdf,https://weburn.kb.se/riks/metadata/73/21798173.html,1823
bih_1823_10-2_3__01,Om riksdagstrycket,bihang,1823,1823,https://weburn.kb.se/riks/ståndsriksdagen/xml/bih_1823_10-2_3_/bih_1823_10-2_3__01.xml,https://weburn.kb.se/riks/ståndsriksdagen/pdf/bih_1823_10-2_3_/bih_1823_10-2_3__01.pdf,https://weburn.kb.se/riks/metadata/69/21798169.html,1823
bih_1823_10-2_3__02,Om riksdagstrycket,bihang,1823,1823,https://weburn.kb.se/riks/ståndsriksdagen/xml/bih_1823_10-2_3_/bih_1823_10-2_3__02.xml,https://weburn.kb.se/riks/ståndsriksdagen/pdf/bih_1823_10-2_3_/bih_1823_10-2_3__02.pdf,https://weburn.kb.se/riks/metadata/69/21798169.html,1823
bih_1823_11_,Om riksdagstrycket,bihang,1823,1823,https://weburn.kb.se/riks/ståndsriksdagen/xml/bih_1823_11_/bih_1823_11_.xml,https://weburn.kb.se/riks/ståndsriksdagen/pdf/bih_1823_11_/bih_1823_11_.pdf,https://weburn.kb.se/riks/metadata/76/21798176.html,1823
bih_1823_tab_,Om riksdagstrycket,bihang,1823,1823,https://weburn.kb.se/riks/ståndsriksdagen/xml/bih_1823_tab_/bih_1823_tab_.xml,https://weburn.kb.se/riks/ståndsriksdagen/pdf/bih_1823_tab_/bih_1823_tab_.pdf,https://weburn.kb.se/riks/metadata/76/21798176.html,1823
bih_1823_3__01,Om riksdagstrycket,bihang,1823,1823,https://weburn.kb.se/riks/ståndsriksdagen/xml/bih_1823_3_/bih_1823_3__01.xml,https://weburn.kb.se/riks/ståndsriksdagen/pdf/bih_1823_3_/bih_1823_3__01.pdf,https://weburn.kb.se/riks/metadata/85/21798185.html,1823
bih_1823_3__02,Om riksdagstrycket,bihang,1823,1823,https://weburn.kb.se/riks/ståndsriksdagen/xml/bih_1823_3_/bih_1823_3__02.xml,https://weburn.kb.se/riks/ståndsriksdagen/pdf/bih_1823_3_/bih_1823_3__02.pdf,https://weburn.kb.se/riks/metadata/85/21798185.html,1823
bih_1823_3_reg__01,Om riksdagstrycket,bihang,1823,1823,https://weburn.kb.se/riks/ståndsriksdagen/xml/bih_1823_3_reg_/bih_1823_3_reg__01.xml,https://weburn.kb.se/riks/ståndsriksdagen/pdf/bih_1823_3_reg_/bih_1823_3_reg__01.pdf,https://weburn.kb.se/riks/metadata/85/21798185.html,1823
bih_1823_3_reg__02,Om riksdagstrycket,bihang,1823,1823,https://weburn.kb.se/riks/ståndsriksdagen/xml/bih_1823_3_reg_/bih_1823_3_reg__02.xml,https://weburn.kb.se/riks/ståndsriksdagen/pdf/bih_1823_3_reg_/bih_1823_3_reg__02.pdf,https://weburn.kb.se/riks/metadata/85/21798185.html,1823
bih_1823_4-4__01,Om riksdagstrycket,bihang,1823,1823,https://weburn.kb.se/riks/ståndsriksdagen/xml/bih_1823_4-4_/bih_1823_4-4__01.xml,https://weburn.kb.se/riks/ståndsriksdagen/pdf/bih_1823_4-4_/bih_1823_4-4__01.pdf,https://weburn.kb.se/riks/metadata/90/21798190.html,1823
bih_1823_4-4__02,Om riksdagstrycket,bihang,1823,1823,https://weburn.kb.se/riks/ståndsriksdagen/xml/bih_1823_4-4_/bih_1823_4-4__02.xml,https://weburn.kb.se/riks/ståndsriksdagen/pdf/bih_1823_4-4_/bih_1823_4-4__02.pdf,https://weburn.kb.se/riks/metadata/90/21798190.html,1823
bih_1823_4-4__03,Om riksdagstrycket,bihang,1823,1823,https://weburn.kb.se/riks/ståndsriksdagen/xml/bih_1823_4-4_/bih_1823_4-4__03.xml,https://weburn.kb.se/riks/ståndsriksdagen/pdf/bih_1823_4-4_/bih_1823_4-4__03.pdf,https://weburn.kb.se/riks/metadata/90/21798190.html,1823
roa_1823_10-2__01,Om riksdagstrycket,adel,1823,1823,https://weburn.kb.se/riks/ståndsriksdagen/xml/roa_1823_10-2_/roa_1823_10-2__01.xml,https://weburn.kb.se/riks/ståndsriksdagen/pdf/roa_1823_10-2_/roa_1823_10-2__01.pdf,https://weburn.kb.se/riks/metadata/48/21799348.html,1823
roa_1823_10-2__03,Om riksdagstrycket,adel,1823,1823,https://weburn.kb.se/riks/ståndsriksdagen/xml/roa_1823_10-2_/roa_1823_10-2__03.xml,https://weburn.kb.se/riks/ståndsriksdagen/pdf/roa_1823_10-2_/roa_1823_10-2__03.pdf,https://weburn.kb.se/riks/metadata/48/21799348.html,1823
roa_1823_11-1__03,Om riksdagstrycket,adel,1823,1823,https://weburn.kb.se/riks/ståndsriksdagen/xml/roa_1823_11-1_/roa_1823_11-1__03.xml,https://weburn.kb.se/riks/ståndsriksdagen/pdf/roa_1823_11-1_/roa_1823_11-1__03.pdf,https://weburn.kb.se/riks/metadata/50/21799350.html,1823
roa_1823_11-2__02,Om riksdagstrycket,adel,1823,1823,https://weburn.kb.se/riks/ståndsriksdagen/xml/roa_1823_11-2_/roa_1823_11-2__02.xml,https://weburn.kb.se/riks/ståndsriksdagen/pdf/roa_1823_11-2_/roa_1823_11-2__02.pdf,https://weburn.kb.se/riks/metadata/50/21799350.html,1823
roa_1823_1__01,Om riksdagstrycket,adel,1823,1823,https://weburn.kb.se/riks/ståndsriksdagen/xml/roa_1823_1_/roa_1823_1__01.xml,https://weburn.kb.se/riks/ståndsriksdagen/pdf/roa_1823_1_/roa_1823_1__01.pdf,https://weburn.kb.se/riks/metadata/45/21799345.html,1823
roa_1823_1__03,Om riksdagstrycket,adel,1823,1823,https://weburn.kb.se/riks/ståndsriksdagen/xml/roa_1823_1_/roa_1823_1__03.xml,https://weburn.kb.se/riks/ståndsriksdagen/pdf/roa_1823_1_/roa_1823_1__03.pdf,https://weburn.kb.se/riks/metadata/45/21799345.html,1823
roa_1823_1__04,Om riksdagstrycket,adel,1823,1823,https://weburn.kb.se/riks/ståndsriksdagen/xml/roa_1823_1_/roa_1823_1__04.xml,https://weburn.kb.se/riks/ståndsriksdagen/pdf/roa_1823_1_/roa_1823_1__04.pdf,https://weburn.kb.se/riks/metadata/45/21799345.html,1823
roa_1823_1__05,Om riksdagstrycket,adel,1823,1823,https://weburn.kb.se/riks/ståndsriksdagen/xml/roa_1823_1_/roa_1823_1__05.xml,https://weburn.kb.se/riks/ståndsriksdagen/pdf/roa_1823_1_/roa_1823_1__05.pdf,https://weburn.kb.se/riks/metadata/45/21799345.html,1823
roa_1823_1__06,Om riksdagstrycket,adel,1823,1823,https://weburn.kb.se/riks/ståndsriksdagen/xml/roa_1823_1_/roa_1823_1__06.xml,https://weburn.kb.se/riks/ståndsriksdagen/pdf/roa_1823_1_/roa_1823_1__06.pdf,https://weburn.kb.se/riks/metadata/45/21799345.html,1823
roa_bil_1823_1__01,Om riksdagstrycket,adel,1823,1823,https://weburn.kb.se/riks/ståndsriksdagen/xml/roa_bil_1823_1_/roa_bil_1823_1__01.xml,https://weburn.kb.se/riks/ståndsriksdagen/pdf/roa_bil_1823_1_/roa_bil_1823_1__01.pdf,https://weburn.kb.se/riks/metadata/45/21799345.html,1823
roa_bil_1823_1__02,Om riksdagstrycket,adel,1823,1823,https://weburn.kb.se/riks/ståndsriksdagen/xml/roa_bil_1823_1_/roa_bil_1823_1__02.xml,https://weburn.kb.se/riks/ståndsriksdagen/pdf/roa_bil_1823_1_/roa_bil_1823_1__02.pdf,https://weburn.kb.se/riks/metadata/45/21799345.html,1823
roa_bil_1823_1__03,Om riksdagstrycket,adel,1823,1823,https://weburn.kb.se/riks/ståndsriksdagen/xml/roa_bil_1823_1_/roa_bil_1823_1__03.xml,https://weburn.kb.se/riks/ståndsriksdagen/pdf/roa_bil_1823_1_/roa_bil_1823_1__03.pdf,https://weburn.kb.se/riks/metadata/45/21799345.html,1823
roa_bil_1823_1__04,Om riksdagstrycket,adel,1823,1823,https://weburn.kb.se/riks/ståndsriksdagen/xml/roa_bil_1823_1_/roa_bil_1823_1__04.xml,https://weburn.kb.se/riks/ståndsriksdagen/pdf/roa_bil_1823_1_/roa_bil_1823_1__04.pdf,https://weburn.kb.se/riks/metadata/45/21799345.html,1823
roa_1823_2__01,Om riksdagstrycket,adel,1823,1823,https://weburn.kb.se/riks/ståndsriksdagen/xml/roa_1823_2_/roa_1823_2__01.xml,https://weburn.kb.se/riks/ståndsriksdagen/pdf/roa_1823_2_/roa_1823_2__01.pdf,https://weburn.kb.se/riks/metadata/53/21799353.html,1823
roa_1823_2__03,Om riksdagstrycket,adel,1823,1823,https://weburn.kb.se/riks/ståndsriksdagen/xml/roa_1823_2_/roa_1823_2__03.xml,https://weburn.kb.se/riks/ståndsriksdagen/pdf/roa_1823_2_/roa_1823_2__03.pdf,https://weburn.kb.se/riks/metadata/53/21799353.html,1823
roa_1823_2__04,Om riksdagstrycket,adel,1823,1823,https://weburn.kb.se/riks/ståndsriksdagen/xml/roa_1823_2_/roa_1823_2__04.xml,https://weburn.kb.se/riks/ståndsriksdagen/pdf/roa_1823_2_/roa_1823_2__04.pdf,https://weburn.kb.se/riks/metadata/53/21799353.html,1823
roa_1823_2__05,Om riksdagstrycket,adel,1823,1823,https://weburn.kb.se/riks/ståndsriksdagen/xml/roa_1823_2_/roa_1823_2__05.xml,https://weburn.kb.se/riks/ståndsriksdagen/pdf/roa_1823_2_/roa_1823_2__05.pdf,https://weburn.kb.se/riks/metadata/53/21799353.html,1823
roa_1823_2__06,Om riksdagstrycket,adel,1823,1823,https://weburn.kb.se/riks/ståndsriksdagen/xml/roa_1823_2_/roa_1823_2__06.xml,https://weburn.kb.se/riks/ståndsriksdagen/pdf/roa_1823_2_/roa_1823_2__06.pdf,https://weburn.kb.se/riks/metadata/53/21799353.html,1823
roa_bil_1823_2__01,Om riksdagstrycket,adel,1823,1823,https://weburn.kb.se/riks/ståndsriksdagen/xml/roa_bil_1823_2_/roa_bil_1823_2__01.xml,https://weburn.kb.se/riks/ståndsriksdagen/pdf/roa_bil_1823_2_/roa_bil_1823_2__01.pdf,https://weburn.kb.se/riks/metadata/53/21799353.html,1823
roa_bil_1823_2__02,Om riksdagstrycket,adel,1823,1823,https://weburn.kb.se/riks/ståndsriksdagen/xml/roa_bil_1823_2_/roa_bil_1823_2__02.xml,https://weburn.kb.se/riks/ståndsriksdagen/pdf/roa_bil_1823_2_/roa_bil_1823_2__02.pdf,https://weburn.kb.se/riks/metadata/53/21799353.html,1823
roa_bil_1823_2__03,Om riksdagstrycket,adel,1823,1823,https://weburn.kb.se/riks/ståndsriksdagen/xml/roa_bil_1823_2_/roa_bil_1823_2__03.xml,https://weburn.kb.se/riks/ståndsriksdagen/pdf/roa_bil_1823_2_/roa_bil_1823_2__03.pdf,https://weburn.kb.se/riks/metadata/53/21799353.html,1823
roa_1823_3__01,Om riksdagstrycket,adel,1823,1823,https://weburn.kb.se/riks/ståndsriksdagen/xml/roa_1823_3_/roa_1823_3__01.xml,https://weburn.kb.se/riks/ståndsriksdagen/pdf/roa_1823_3_/roa_1823_3__01.pdf,https://weburn.kb.se/riks/metadata/55/21799355.html,1823
roa_1823_3__03,Om riksdagstrycket,adel,1823,1823,https://weburn.kb.se/riks/ståndsriksdagen/xml/roa_1823_3_/roa_1823_3__03.xml,https://weburn.kb.se/riks/ståndsriksdagen/pdf/roa_1823_3_/roa_1823_3__03.pdf,https://weburn.kb.se/riks/metadata/55/21799355.html,1823
roa_1823_3__04,Om riksdagstrycket,adel,1823,1823,https://weburn.kb.se/riks/ståndsriksdagen/xml/roa_1823_3_/roa_1823_3__04.xml,https://weburn.kb.se/riks/ståndsriksdagen/pdf/roa_1823_3_/roa_1823_3__04.pdf,https://weburn.kb.se/riks/metadata/55/21799355.html,1823
roa_bil_1823_3__01,Om riksdagstrycket,adel,1823,1823,https://weburn.kb.se/riks/ståndsriksdagen/xml/roa_bil_1823_3_/roa_bil_1823_3__01.xml,https://weburn.kb.se/riks/ståndsriksdagen/pdf/roa_bil_1823_3_/roa_bil_1823_3__01.pdf,https://weburn.kb.se/riks/metadata/55/21799355.html,1823
roa_bil_1823_3__02,Om riksdagstrycket,adel,1823,1823,https://weburn.kb.se/riks/ståndsriksdagen/xml/roa_bil_1823_3_/roa_bil_1823_3__02.xml,https://weburn.kb.se/riks/ståndsriksdagen/pdf/roa_bil_1823_3_/roa_bil_1823_3__02.pdf,https://weburn.kb.se/riks/metadata/55/21799355.html,1823
roa_1823_4__01,Om riksdagstrycket,adel,1823,1823,https://weburn.kb.se/riks/ståndsriksdagen/xml/roa_1823_4_/roa_1823_4__01.xml,https://weburn.kb.se/riks/ståndsriksdagen/pdf/roa_1823_4_/roa_1823_4__01.pdf,https://weburn.kb.se/riks/metadata/57/21799357.html,1823
roa_1823_4__03,Om riksdagstrycket,adel,1823,1823,https://weburn.kb.se/riks/ståndsriksdagen/xml/roa_1823_4_/roa_1823_4__03.xml,https://weburn.kb.se/riks/ståndsriksdagen/pdf/roa_1823_4_/roa_1823_4__03.pdf,https://weburn.kb.se/riks/metadata/57/21799357.html,1823
roa_1823_4__04,Om riksdagstrycket,adel,1823,1823,https://weburn.kb.se/riks/ståndsriksdagen/xml/roa_1823_4_/roa_1823_4__04.xml,https://weburn.kb.se/riks/ståndsriksdagen/pdf/roa_1823_4_/roa_1823_4__04.pdf,https://weburn.kb.se/riks/metadata/57/21799357.html,1823
roa_bil_1823_4_,Om riksdagstrycket,adel,1823,1823,https://weburn.kb.se/riks/ståndsriksdagen/xml/roa_bil_1823_4_/roa_bil_1823_4_.xml,https://weburn.kb.se/riks/ståndsriksdagen/pdf/roa_bil_1823_4_/roa_bil_1823_4_.pdf,https://weburn.kb.se/riks/metadata/57/21799357.html,1823
roa_1823_5__01,Om riksdagstrycket,adel,1823,1823,https://weburn.kb.se/riks/ståndsriksdagen/xml/roa_1823_5_/roa_1823_5__01.xml,https://weburn.kb.se/riks/ståndsriksdagen/pdf/roa_1823_5_/roa_1823_5__01.pdf,https://weburn.kb.se/riks/metadata/59/21799359.html,1823
roa_1823_5__03,Om riksdagstrycket,adel,1823,1823,https://weburn.kb.se/riks/ståndsriksdagen/xml/roa_1823_5_/roa_1823_5__03.xml,https://weburn.kb.se/riks/ståndsriksdagen/pdf/roa_1823_5_/roa_1823_5__03.pdf,https://weburn.kb.se/riks/metadata/59/21799359.html,1823
roa_1823_5__04,Om riksdagstrycket,adel,1823,1823,https://weburn.kb.se/riks/ståndsriksdagen/xml/roa_1823_5_/roa_1823_5__04.xml,https://weburn.kb.se/riks/ståndsriksdagen/pdf/roa_1823_5_/roa_1823_5__04.pdf,https://weburn.kb.se/riks/metadata/59/21799359.html,1823
roa_bil_1823_5_,Om riksdagstrycket,adel,1823,1823,https://weburn.kb.se/riks/ståndsriksdagen/xml/roa_bil_1823_5_/roa_bil_1823_5_.xml,https://weburn.kb.se/riks/ståndsriksdagen/pdf/roa_bil_1823_5_/roa_bil_1823_5_.pdf,https://weburn.kb.se/riks/metadata/59/21799359.html,1823
roa_1823_6__03,Om riksdagstrycket,adel,1823,1823,https://weburn.kb.se/riks/ståndsriksdagen/xml/roa_1823_6_/roa_1823_6__03.xml,https://weburn.kb.se/riks/ståndsriksdagen/pdf/roa_1823_6_/roa_1823_6__03.pdf,https://weburn.kb.se/riks/metadata/61/21799361.html,1823
roa_1823_6__05,Om riksdagstrycket,adel,1823,1823,https://weburn.kb.se/riks/ståndsriksdagen/xml/roa_1823_6_/roa_1823_6__05.xml,https://weburn.kb.se/riks/ståndsriksdagen/pdf/roa_1823_6_/roa_1823_6__05.pdf,https://weburn.kb.se/riks/metadata/61/21799361.html,1823
roa_1823_6__06,Om riksdagstrycket,adel,1823,1823,https://weburn.kb.se/riks/ståndsriksdagen/xml/roa_1823_6_/roa_1823_6__06.xml,https://weburn.kb.se/riks/ståndsriksdagen/pdf/roa_1823_6_/roa_1823_6__06.pdf,https://weburn.kb.se/riks/metadata/61/21799361.html,1823
roa_bil_1823_6__01,Om riksdagstrycket,adel,1823,1823,https://weburn.kb.se/riks/ståndsriksdagen/xml/roa_bil_1823_6_/roa_bil_1823_6__01.xml,https://weburn.kb.se/riks/ståndsriksdagen/pdf/roa_bil_1823_6_/roa_bil_1823_6__01.pdf,https://weburn.kb.se/riks/metadata/61/21799361.html,1823
roa_bil_1823_6__02,Om riksdagstrycket,adel,1823,1823,https://weburn.kb.se/riks/ståndsriksdagen/xml/roa_bil_1823_6_/roa_bil_1823_6__02.xml,https://weburn.kb.se/riks/ståndsriksdagen/pdf/roa_bil_1823_6_/roa_bil_1823_6__02.pdf,https://weburn.kb.se/riks/metadata/61/21799361.html,1823
roa_1823_7__03,Om riksdagstrycket,adel,1823,1823,https://weburn.kb.se/riks/ståndsriksdagen/xml/roa_1823_7_/roa_1823_7__03.xml,https://weburn.kb.se/riks/ståndsriksdagen/pdf/roa_1823_7_/roa_1823_7__03.pdf,https://weburn.kb.se/riks/metadata/64/21799364.html,1823
roa_1823_7__05,Om riksdagstrycket,adel,1823,1823,https://weburn.kb.se/riks/ståndsriksdagen/xml/roa_1823_7_/roa_1823_7__05.xml,https://weburn.kb.se/riks/ståndsriksdagen/pdf/roa_1823_7_/roa_1823_7__05.pdf,https://weburn.kb.se/riks/metadata/64/21799364.html,1823
roa_1823_7__06,Om riksdagstrycket,adel,1823,1823,https://weburn.kb.se/riks/ståndsriksdagen/xml/roa_1823_7_/roa_1823_7__06.xml,https://weburn.kb.se/riks/ståndsriksdagen/pdf/roa_1823_7_/roa_1823_7__06.pdf,https://weburn.kb.se/riks/metadata/64/21799364.html,1823
roa_1823_7__07,Om riksdagstrycket,adel,1823,1823,https://weburn.kb.se/riks/ståndsriksdagen/xml/roa_1823_7_/roa_1823_7__07.xml,https://weburn.kb.se/riks/ståndsriksdagen/pdf/roa_1823_7_/roa_1823_7__07.pdf,https://weburn.kb.se/riks/metadata/64/21799364.html,1823
roa_bil_1823_7_,Om riksdagstrycket,adel,1823,1823,https://weburn.kb.se/riks/ståndsriksdagen/xml/roa_bil_1823_7_/roa_bil_1823_7_.xml,https://weburn.kb.se/riks/ståndsriksdagen/pdf/roa_bil_1823_7_/roa_bil_1823_7_.pdf,https://weburn.kb.se/riks/metadata/64/21799364.html,1823
roa_1823_8_1__03,Om riksdagstrycket,adel,1823,1823,https://weburn.kb.se/riks/ståndsriksdagen/xml/roa_1823_8_1_/roa_1823_8_1__03.xml,https://weburn.kb.se/riks/ståndsriksdagen/pdf/roa_1823_8_1_/roa_1823_8_1__03.pdf,https://weburn.kb.se/riks/metadata/66/21799366.html,1823
roa_1823_8_2__02,Om riksdagstrycket,adel,1823,1823,https://weburn.kb.se/riks/ståndsriksdagen/xml/roa_1823_8_2_/roa_1823_8_2__02.xml,https://weburn.kb.se/riks/ståndsriksdagen/pdf/roa_1823_8_2_/roa_1823_8_2__02.pdf,https://weburn.kb.se/riks/metadata/66/21799366.html,1823
roa_1823_8_2__03,Om riksdagstrycket,adel,1823,1823,https://weburn.kb.se/riks/ståndsriksdagen/xml/roa_1823_8_2_/roa_1823_8_2__03.xml,https://weburn.kb.se/riks/ståndsriksdagen/pdf/roa_1823_8_2_/roa_1823_8_2__03.pdf,https://weburn.kb.se/riks/metadata/66/21799366.html,1823
roa_bil_1823_8_,Om riksdagstrycket,adel,1823,1823,https://weburn.kb.se/riks/ståndsriksdagen/xml/roa_bil_1823_8_/roa_bil_1823_8_.xml,https://weburn.kb.se/riks/ståndsriksdagen/pdf/roa_bil_1823_8_/roa_bil_1823_8_.pdf,https://weburn.kb.se/riks/metadata/66/21799366.html,1823
roa_1823_9__02,Om riksdagstrycket,adel,1823,1823,https://weburn.kb.se/riks/ståndsriksdagen/xml/roa_1823_9_/roa_1823_9__02.xml,https://weburn.kb.se/riks/ståndsriksdagen/pdf/roa_1823_9_/roa_1823_9__02.pdf,https://weburn.kb.se/riks/metadata/70/21799370.html,1823
roa_1823_9__04,Om riksdagstrycket,adel,1823,1823,https://weburn.kb.se/riks/ståndsriksdagen/xml/roa_1823_9_/roa_1823_9__04.xml,https://weburn.kb.se/riks/ståndsriksdagen/pdf/roa_1823_9_/roa_1823_9__04.pdf,https://weburn.kb.se/riks/metadata/70/21799370.html,1823
roa_bil_1823_9_,Om riksdagstrycket,adel,1823,1823,https://weburn.kb.se/riks/ståndsriksdagen/xml/roa_bil_1823_9_/roa_bil_1823_9_.xml,https://weburn.kb.se/riks/ståndsriksdagen/pdf/roa_bil_1823_9_/roa_bil_1823_9_.pdf,https://weburn.kb.se/riks/metadata/70/21799370.html,1823
bg_1823_bil__01,Om riksdagstrycket,borgare,1823,1823,https://weburn.kb.se/riks/ståndsriksdagen/xml/bg_1823_bil_/bg_1823_bil__01.xml,https://weburn.kb.se/riks/ståndsriksdagen/pdf/bg_1823_bil_/bg_1823_bil__01.pdf,https://weburn.kb.se/riks/metadata/81/21797881.html,1823
bg_1823_bil__02,Om riksdagstrycket,borgare,1823,1823,https://weburn.kb.se/riks/ståndsriksdagen/xml/bg_1823_bil_/bg_1823_bil__02.xml,https://weburn.kb.se/riks/ståndsriksdagen/pdf/bg_1823_bil_/bg_1823_bil__02.pdf,https://weburn.kb.se/riks/metadata/81/21797881.html,1823
bg_1823_bil__03,Om riksdagstrycket,borgare,1823,1823,https://weburn.kb.se/riks/ståndsriksdagen/xml/bg_1823_bil_/bg_1823_bil__03.xml,https://weburn.kb.se/riks/ståndsriksdagen/pdf/bg_1823_bil_/bg_1823_bil__03.pdf,https://weburn.kb.se/riks/metadata/81/21797881.html,1823
bn_1823_1__01,Om riksdagstrycket,bonder,1823,1823,https://weburn.kb.se/riks/ståndsriksdagen/xml/bn_1823_1_/bn_1823_1__01.xml,https://weburn.kb.se/riks/ståndsriksdagen/pdf/bn_1823_1_/bn_1823_1__01.pdf,https://weburn.kb.se/riks/metadata/79/21798779.html,1823
bn_1823_1__02,Om riksdagstrycket,bonder,1823,1823,https://weburn.kb.se/riks/ståndsriksdagen/xml/bn_1823_1_/bn_1823_1__02.xml,https://weburn.kb.se/riks/ståndsriksdagen/pdf/bn_1823_1_/bn_1823_1__02.pdf,https://weburn.kb.se/riks/metadata/79/21798779.html,1823
bn_1823_1__03,Om riksdagstrycket,bonder,1823,1823,https://weburn.kb.se/riks/ståndsriksdagen/xml/bn_1823_1_/bn_1823_1__03.xml,https://weburn.kb.se/riks/ståndsriksdagen/pdf/bn_1823_1_/bn_1823_1__03.pdf,https://weburn.kb.se/riks/metadata/79/21798779.html,1823
bn_1823_2__01,Om riksdagstrycket,bonder,1823,1823,https://weburn.kb.se/riks/ståndsriksdagen/xml/bn_1823_2_/bn_1823_2__01.xml,https://weburn.kb.se/riks/ståndsriksdagen/pdf/bn_1823_2_/bn_1823_2__01.pdf,https://weburn.kb.se/riks/metadata/80/21798780.html,1823
bn_1823_2__02,Om riksdagstrycket,bonder,1823,1823,https://weburn.kb.se/riks/ståndsriksdagen/xml/bn_1823_2_/bn_1823_2__02.xml,https://weburn.kb.se/riks/ståndsriksdagen/pdf/bn_1823_2_/bn_1823_2__02.pdf,https://weburn.kb.se/riks/metadata/80/21798780.html,1823
bn_1823_2__03,Om riksdagstrycket,bonder,1823,1823,https://weburn.kb.se/riks/ståndsriksdagen/xml/bn_1823_2_/bn_1823_2__03.xml,https://weburn.kb.se/riks/ståndsriksdagen/pdf/bn_1823_2_/bn_1823_2__03.pdf,https://weburn.kb.se/riks/metadata/80/21798780.html,1823
bn_1823_2__04,Om riksdagstrycket,bonder,1823,1823,https://weburn.kb.se/riks/ståndsriksdagen/xml/bn_1823_2_/bn_1823_2__04.xml,https://weburn.kb.se/riks/ståndsriksdagen/pdf/bn_1823_2_/bn_1823_2__04.pdf,https://weburn.kb.se/riks/metadata/80/21798780.html,1823
bn_1823_3__01,Om riksdagstrycket,bonder,1823,1823,https://weburn.kb.se/riks/ståndsriksdagen/xml/bn_1823_3_/bn_1823_3__01.xml,https://weburn.kb.se/riks/ståndsriksdagen/pdf/bn_1823_3_/bn_1823_3__01.pdf,https://weburn.kb.se/riks/metadata/81/21798781.html,1823
bn_1823_3__02,Om riksdagstrycket,bonder,1823,1823,https://weburn.kb.se/riks/ståndsriksdagen/xml/bn_1823_3_/bn_1823_3__02.xml,https://weburn.kb.se/riks/ståndsriksdagen/pdf/bn_1823_3_/bn_1823_3__02.pdf,https://weburn.kb.se/riks/metadata/81/21798781.html,1823
bn_1823_3__03,Om riksdagstrycket,bonder,1823,1823,https://weburn.kb.se/riks/ståndsriksdagen/xml/bn_1823_3_/bn_1823_3__03.xml,https://weburn.kb.se/riks/ståndsriksdagen/pdf/bn_1823_3_/bn_1823_3__03.pdf,https://weburn.kb.se/riks/metadata/81/21798781.html,1823
bn_1823_4__01,Om riksdagstrycket,bonder,1823,1823,https://weburn.kb.se/riks/ståndsriksdagen/xml/bn_1823_4_/bn_1823_4__01.xml,https://weburn.kb.se/riks/ståndsriksdagen/pdf/bn_1823_4_/bn_1823_4__01.pdf,https://weburn.kb.se/riks/metadata/82/21798782.html,1823
bn_1823_4__02,Om riksdagstrycket,bonder,1823,1823,https://weburn.kb.se/riks/ståndsriksdagen/xml/bn_1823_4_/bn_1823_4__02.xml,https://weburn.kb.se/riks/ståndsriksdagen/pdf/bn_1823_4_/bn_1823_4__02.pdf,https://weburn.kb.se/riks/metadata/82/21798782.html,1823
bn_1823_4__03,Om riksdagstrycket,bonder,1823,1823,https://weburn.kb.se/riks/ståndsriksdagen/xml/bn_1823_4_/bn_1823_4__03.xml,https://weburn.kb.se/riks/ståndsriksdagen/pdf/bn_1823_4_/bn_1823_4__03.pdf,https://weburn.kb.se/riks/metadata/82/21798782.html,1823
bn_1823_5__01,Om riksdagstrycket,bonder,1823,1823,https://weburn.kb.se/riks/ståndsriksdagen/xml/bn_1823_5_/bn_1823_5__01.xml,https://weburn.kb.se/riks/ståndsriksdagen/pdf/bn_1823_5_/bn_1823_5__01.pdf,https://weburn.kb.se/riks/metadata/83/21798783.html,1823
bn_1823_5__02,Om riksdagstrycket,bonder,1823,1823,https://weburn.kb.se/riks/ståndsriksdagen/xml/bn_1823_5_/bn_1823_5__02.xml,https://weburn.kb.se/riks/ståndsriksdagen/pdf/bn_1823_5_/bn_1823_5__02.pdf,https://weburn.kb.se/riks/metadata/83/21798783.html,1823
bn_1823_5__03,Om riksdagstrycket,bonder,1823,1823,https://weburn.kb.se/riks/ståndsriksdagen/xml/bn_1823_5_/bn_1823_5__03.xml,https://weburn.kb.se/riks/ståndsriksdagen/pdf/bn_1823_5_/bn_1823_5__03.pdf,https://weburn.kb.se/riks/metadata/83/21798783.html,1823
bn_1823_6_,Om riksdagstrycket,bonder,1823,1823,https://weburn.kb.se/riks/ståndsriksdagen/xml/bn_1823_6_/bn_1823_6_.xml,https://weburn.kb.se/riks/ståndsriksdagen/pdf/bn_1823_6_/bn_1823_6_.pdf,https://weburn.kb.se/riks/metadata/84/21798784.html,1823
roa_1823_8_2__01,Om riksdagstrycket,adel,1823,1823,https://weburn.kb.se/riks/ståndsriksdagen/xml/roa_1823_8_2_/roa_1823_8_2__01.xml,https://weburn.kb.se/riks/ståndsriksdagen/pdf/roa_1823_8_2_/roa_1823_8_2__01.pdf,https://weburn.kb.se/riks/metadata/67/21799367.html,1823
roa_1823_9__01,Om riksdagstrycket,adel,1823,1823,https://weburn.kb.se/riks/ståndsriksdagen/xml/roa_1823_9_/roa_1823_9__01.xml,https://weburn.kb.se/riks/ståndsriksdagen/pdf/roa_1823_9_/roa_1823_9__01.pdf,https://weburn.kb.se/riks/metadata/68/21799368.html,1823
roa_1823_9__03,Om riksdagstrycket,adel,1823,1823,https://weburn.kb.se/riks/ståndsriksdagen/xml/roa_1823_9_/roa_1823_9__03.xml,https://weburn.kb.se/riks/ståndsriksdagen/pdf/roa_1823_9_/roa_1823_9__03.pdf,https://weburn.kb.se/riks/metadata/69/21799369.html,1823
roa_1823_10-1__01,Om riksdagstrycket,adel,1823,1823,https://weburn.kb.se/riks/ståndsriksdagen/xml/roa_1823_10-1_/roa_1823_10-1__01.xml,https://weburn.kb.se/riks/ståndsriksdagen/pdf/roa_1823_10-1_/roa_1823_10-1__01.pdf,https://weburn.kb.se/riks/metadata/46/21799346.html,1823
roa_1823_10-1__02,Om riksdagstrycket,adel,1823,1823,https://weburn.kb.se/riks/ståndsriksdagen/xml/roa_1823_10-1_/roa_1823_10-1__02.xml,https://weburn.kb.se/riks/ståndsriksdagen/pdf/roa_1823_10-1_/roa_1823_10-1__02.pdf,https://weburn.kb.se/riks/metadata/46/21799346.html,1823
roa_1823_10-1__03,Om riksdagstrycket,adel,1823,1823,https://weburn.kb.se/riks/ståndsriksdagen/xml/roa_1823_10-1_/roa_1823_10-1__03.xml,https://weburn.kb.se/riks/ståndsriksdagen/pdf/roa_1823_10-1_/roa_1823_10-1__03.pdf,https://weburn.kb.se/riks/metadata/46/21799346.html,1823
roa_1823_10-2__02,Om riksdagstrycket,adel,1823,1823,https://weburn.kb.se/riks/ståndsriksdagen/xml/roa_1823_10-2_/roa_1823_10-2__02.xml,https://weburn.kb.se/riks/ståndsriksdagen/pdf/roa_1823_10-2_/roa_1823_10-2__02.pdf,https://weburn.kb.se/riks/metadata/47/21799347.html,1823
roa_1823_11-1__01,Om riksdagstrycket,adel,1823,1823,https://weburn.kb.se/riks/ståndsriksdagen/xml/roa_1823_11-1_/roa_1823_11-1__01.xml,https://weburn.kb.se/riks/ståndsriksdagen/pdf/roa_1823_11-1_/roa_1823_11-1__01.pdf,https://weburn.kb.se/riks/metadata/49/21799349.html,1823
roa_1823_11-1__02,Om riksdagstrycket,adel,1823,1823,https://weburn.kb.se/riks/ståndsriksdagen/xml/roa_1823_11-1_/roa_1823_11-1__02.xml,https://weburn.kb.se/riks/ståndsriksdagen/pdf/roa_1823_11-1_/roa_1823_11-1__02.pdf,https://weburn.kb.se/riks/metadata/49/21799349.html,1823
roa_1823_11-2__01,Om riksdagstrycket,adel,1823,1823,https://weburn.kb.se/riks/ståndsriksdagen/xml/roa_1823_11-2_/roa_1823_11-2__01.xml,https://weburn.kb.se/riks/ståndsriksdagen/pdf/roa_1823_11-2_/roa_1823_11-2__01.pdf,https://weburn.kb.se/riks/metadata/51/21799351.html,1823
roa_1823_1__02,Om riksdagstrycket,adel,1823,1823,https://weburn.kb.se/riks/ståndsriksdagen/xml/roa_1823_1_/roa_1823_1__02.xml,https://weburn.kb.se/riks/ståndsriksdagen/pdf/roa_1823_1_/roa_1823_1__02.pdf,https://weburn.kb.se/riks/metadata/44/21799344.html,1823
roa_1823_2__02,Om riksdagstrycket,adel,1823,1823,https://weburn.kb.se/riks/ståndsriksdagen/xml/roa_1823_2_/roa_1823_2__02.xml,https://weburn.kb.se/riks/ståndsriksdagen/pdf/roa_1823_2_/roa_1823_2__02.pdf,https://weburn.kb.se/riks/metadata/52/21799352.html,1823
roa_1823_3__02,Om riksdagstrycket,adel,1823,1823,https://weburn.kb.se/riks/ståndsriksdagen/xml/roa_1823_3_/roa_1823_3__02.xml,https://weburn.kb.se/riks/ståndsriksdagen/pdf/roa_1823_3_/roa_1823_3__02.pdf,https://weburn.kb.se/riks/metadata/54/21799354.html,1823
roa_1823_4__02,Om riksdagstrycket,adel,1823,1823,https://weburn.kb.se/riks/ståndsriksdagen/xml/roa_1823_4_/roa_1823_4__02.xml,https://weburn.kb.se/riks/ståndsriksdagen/pdf/roa_1823_4_/roa_1823_4__02.pdf,https://weburn.kb.se/riks/metadata/56/21799356.html,1823
roa_1823_5__02,Om riksdagstrycket,adel,1823,1823,https://weburn.kb.se/riks/ståndsriksdagen/xml/roa_1823_5_/roa_1823_5__02.xml,https://weburn.kb.se/riks/ståndsriksdagen/pdf/roa_1823_5_/roa_1823_5__02.pdf,https://weburn.kb.se/riks/metadata/58/21799358.html,1823
roa_1823_6__01,Om riksdagstrycket,adel,1823,1823,https://weburn.kb.se/riks/ståndsriksdagen/xml/roa_1823_6_/roa_1823_6__01.xml,https://weburn.kb.se/riks/ståndsriksdagen/pdf/roa_1823_6_/roa_1823_6__01.pdf,https://weburn.kb.se/riks/metadata/60/21799360.html,1823
roa_1823_6__02,Om riksdagstrycket,adel,1823,1823,https://weburn.kb.se/riks/ståndsriksdagen/xml/roa_1823_6_/roa_1823_6__02.xml,https://weburn.kb.se/riks/ståndsriksdagen/pdf/roa_1823_6_/roa_1823_6__02.pdf,https://weburn.kb.se/riks/metadata/60/21799360.html,1823
roa_1823_6__04,Om riksdagstrycket,adel,1823,1823,https://weburn.kb.se/riks/ståndsriksdagen/xml/roa_1823_6_/roa_1823_6__04.xml,https://weburn.kb.se/riks/ståndsriksdagen/pdf/roa_1823_6_/roa_1823_6__04.pdf,https://weburn.kb.se/riks/metadata/60/21799360.html,1823
roa_1823_7__01,Om riksdagstrycket,adel,1823,1823,https://weburn.kb.se/riks/ståndsriksdagen/xml/roa_1823_7_/roa_1823_7__01.xml,https://weburn.kb.se/riks/ståndsriksdagen/pdf/roa_1823_7_/roa_1823_7__01.pdf,https://weburn.kb.se/riks/metadata/62/21799362.html,1823
roa_1823_7__02,Om riksdagstrycket,adel,1823,1823,https://weburn.kb.se/riks/ståndsriksdagen/xml/roa_1823_7_/roa_1823_7__02.xml,https://weburn.kb.se/riks/ståndsriksdagen/pdf/roa_1823_7_/roa_1823_7__02.pdf,https://weburn.kb.se/riks/metadata/62/21799362.html,1823
roa_1823_7__04,Om riksdagstrycket,adel,1823,1823,https://weburn.kb.se/riks/ståndsriksdagen/xml/roa_1823_7_/roa_1823_7__04.xml,https://weburn.kb.se/riks/ståndsriksdagen/pdf/roa_1823_7_/roa_1823_7__04.pdf,https://weburn.kb.se/riks/metadata/62/21799362.html,1823
roa_1823_8_1__01,Om riksdagstrycket,adel,1823,1823,https://weburn.kb.se/riks/ståndsriksdagen/xml/roa_1823_8_1_/roa_1823_8_1__01.xml,https://weburn.kb.se/riks/ståndsriksdagen/pdf/roa_1823_8_1_/roa_1823_8_1__01.pdf,https://weburn.kb.se/riks/metadata/65/21799365.html,1823
roa_1823_8_1__02,Om riksdagstrycket,adel,1823,1823,https://weburn.kb.se/riks/ståndsriksdagen/xml/roa_1823_8_1_/roa_1823_8_1__02.xml,https://weburn.kb.se/riks/ståndsriksdagen/pdf/roa_1823_8_1_/roa_1823_8_1__02.pdf,https://weburn.kb.se/riks/metadata/65/21799365.html,1823
pr_1823_1__01,Om riksdagstrycket,praster,1823,1823,https://weburn.kb.se/riks/ståndsriksdagen/xml/pr_1823_1_/pr_1823_1__01.xml,https://weburn.kb.se/riks/ståndsriksdagen/pdf/pr_1823_1_/pr_1823_1__01.pdf,https://weburn.kb.se/riks/metadata/89/21798989.html,1823
pr_1823_1__02,Om riksdagstrycket,praster,1823,1823,https://weburn.kb.se/riks/ståndsriksdagen/xml/pr_1823_1_/pr_1823_1__02.xml,https://weburn.kb.se/riks/ståndsriksdagen/pdf/pr_1823_1_/pr_1823_1__02.pdf,https://weburn.kb.se/riks/metadata/89/21798989.html,1823
pr_1823_1__03,Om riksdagstrycket,praster,1823,1823,https://weburn.kb.se/riks/ståndsriksdagen/xml/pr_1823_1_/pr_1823_1__03.xml,https://weburn.kb.se/riks/ståndsriksdagen/pdf/pr_1823_1_/pr_1823_1__03.pdf,https://weburn.kb.se/riks/metadata/89/21798989.html,1823
pr_1823_2__01,Om riksdagstrycket,praster,1823,1823,https://weburn.kb.se/riks/ståndsriksdagen/xml/pr_1823_2_/pr_1823_2__01.xml,https://weburn.kb.se/riks/ståndsriksdagen/pdf/pr_1823_2_/pr_1823_2__01.pdf,https://weburn.kb.se/riks/metadata/92/21798992.html,1823
pr_1823_2__02,Om riksdagstrycket,praster,1823,1823,https://weburn.kb.se/riks/ståndsriksdagen/xml/pr_1823_2_/pr_1823_2__02.xml,https://weburn.kb.se/riks/ståndsriksdagen/pdf/pr_1823_2_/pr_1823_2__02.pdf,https://weburn.kb.se/riks/metadata/92/21798992.html,1823
pr_1823_3__01,Om riksdagstrycket,praster,1823,1823,https://weburn.kb.se/riks/ståndsriksdagen/xml/pr_1823_3_/pr_1823_3__01.xml,https://weburn.kb.se/riks/ståndsriksdagen/pdf/pr_1823_3_/pr_1823_3__01.pdf,https://weburn.kb.se/riks/metadata/95/21798995.html,1823
pr_1823_3__02,Om riksdagstrycket,praster,1823,1823,https://weburn.kb.se/riks/ståndsriksdagen/xml/pr_1823_3_/pr_1823_3__02.xml,https://weburn.kb.se/riks/ståndsriksdagen/pdf/pr_1823_3_/pr_1823_3__02.pdf,https://weburn.kb.se/riks/metadata/95/21798995.html,1823
pr_1823_3__03,Om riksdagstrycket,praster,1823,1823,https://weburn.kb.se/riks/ståndsriksdagen/xml/pr_1823_3_/pr_1823_3__03.xml,https://weburn.kb.se/riks/ståndsriksdagen/pdf/pr_1823_3_/pr_1823_3__03.pdf,https://weburn.kb.se/riks/metadata/95/21798995.html,1823
pr_1823_4__01,Om riksdagstrycket,praster,1823,1823,https://weburn.kb.se/riks/ståndsriksdagen/xml/pr_1823_4_/pr_1823_4__01.xml,https://weburn.kb.se/riks/ståndsriksdagen/pdf/pr_1823_4_/pr_1823_4__01.pdf,https://weburn.kb.se/riks/metadata/98/21798998.html,1823
pr_1823_4__02,Om riksdagstrycket,praster,1823,1823,https://weburn.kb.se/riks/ståndsriksdagen/xml/pr_1823_4_/pr_1823_4__02.xml,https://weburn.kb.se/riks/ståndsriksdagen/pdf/pr_1823_4_/pr_1823_4__02.pdf,https://weburn.kb.se/riks/metadata/98/21798998.html,1823
pr_1823_5__01,Om riksdagstrycket,praster,1823,1823,https://weburn.kb.se/riks/ståndsriksdagen/xml/pr_1823_5_/pr_1823_5__01.xml,https://weburn.kb.se/riks/ståndsriksdagen/pdf/pr_1823_5_/pr_1823_5__01.pdf,https://weburn.kb.se/riks/metadata/01/21799001.html,1823
pr_1823_5__02,Om riksdagstrycket,praster,1823,1823,https://weburn.kb.se/riks/ståndsriksdagen/xml/pr_1823_5_/pr_1823_5__02.xml,https://weburn.kb.se/riks/ståndsriksdagen/pdf/pr_1823_5_/pr_1823_5__02.pdf,https://weburn.kb.se/riks/metadata/01/21799001.html,1823
pr_1823_6__01,Om riksdagstrycket,praster,1823,1823,https://weburn.kb.se/riks/ståndsriksdagen/xml/pr_1823_6_/pr_1823_6__01.xml,https://weburn.kb.se/riks/ståndsriksdagen/pdf/pr_1823_6_/pr_1823_6__01.pdf,https://weburn.kb.se/riks/metadata/05/21799005.html,1823
pr_1823_6__02,Om riksdagstrycket,praster,1823,1823,https://weburn.kb.se/riks/ståndsriksdagen/xml/pr_1823_6_/pr_1823_6__02.xml,https://weburn.kb.se/riks/ståndsriksdagen/pdf/pr_1823_6_/pr_1823_6__02.pdf,https://weburn.kb.se/riks/metadata/05/21799005.html,1823
pr_1823_7__01,Om riksdagstrycket,praster,1823,1823,https://weburn.kb.se/riks/ståndsriksdagen/xml/pr_1823_7_/pr_1823_7__01.xml,https://weburn.kb.se/riks/ståndsriksdagen/pdf/pr_1823_7_/pr_1823_7__01.pdf,https://weburn.kb.se/riks/metadata/08/21799008.html,1823
pr_1823_7__02,Om riksdagstrycket,praster,1823,1823,https://weburn.kb.se/riks/ståndsriksdagen/xml/pr_1823_7_/pr_1823_7__02.xml,https://weburn.kb.se/riks/ståndsriksdagen/pdf/pr_1823_7_/pr_1823_7__02.pdf,https://weburn.kb.se/riks/metadata/08/21799008.html,1823
pr_1823_8__01,Om riksdagstrycket,praster,1823,1823,https://weburn.kb.se/riks/ståndsriksdagen/xml/pr_1823_8_/pr_1823_8__01.xml,https://weburn.kb.se/riks/ståndsriksdagen/pdf/pr_1823_8_/pr_1823_8__01.pdf,https://weburn.kb.se/riks/metadata/11/21799011.html,1823
pr_1823_8__02,Om riksdagstrycket,praster,1823,1823,https://weburn.kb.se/riks/ståndsriksdagen/xml/pr_1823_8_/pr_1823_8__02.xml,https://weburn.kb.se/riks/ståndsriksdagen/pdf/pr_1823_8_/pr_1823_8__02.pdf,https://weburn.kb.se/riks/metadata/11/21799011.html,1823
pr_1823_8__03,Om riksdagstrycket,praster,1823,1823,https://weburn.kb.se/riks/ståndsriksdagen/xml/pr_1823_8_/pr_1823_8__03.xml,https://weburn.kb.se/riks/ståndsriksdagen/pdf/pr_1823_8_/pr_1823_8__03.pdf,https://weburn.kb.se/riks/metadata/11/21799011.html,1823
pr_1823_9_,Om riksdagstrycket,praster,1823,1823,https://weburn.kb.se/riks/ståndsriksdagen/xml/pr_1823_9_/pr_1823_9_.xml,https://weburn.kb.se/riks/ståndsriksdagen/pdf/pr_1823_9_/pr_1823_9_.pdf,https://weburn.kb.se/riks/metadata/13/21799013.html,1823
bg_1823_1__01,Om riksdagstrycket,borgare,1823,1823,https://weburn.kb.se/riks/ståndsriksdagen/xml/bg_1823_1_/bg_1823_1__01.xml,https://weburn.kb.se/riks/ståndsriksdagen/pdf/bg_1823_1_/bg_1823_1__01.pdf,https://weburn.kb.se/riks/metadata/66/21797866.html,1823
bg_1823_1__02,Om riksdagstrycket,borgare,1823,1823,https://weburn.kb.se/riks/ståndsriksdagen/xml/bg_1823_1_/bg_1823_1__02.xml,https://weburn.kb.se/riks/ståndsriksdagen/pdf/bg_1823_1_/bg_1823_1__02.pdf,https://weburn.kb.se/riks/metadata/66/21797866.html,1823
bg_1823_1__03,Om riksdagstrycket,borgare,1823,1823,https://weburn.kb.se/riks/ståndsriksdagen/xml/bg_1823_1_/bg_1823_1__03.xml,https://weburn.kb.se/riks/ståndsriksdagen/pdf/bg_1823_1_/bg_1823_1__03.pdf,https://weburn.kb.se/riks/metadata/66/21797866.html,1823
bg_1823_2__01,Om riksdagstrycket,borgare,1823,1823,https://weburn.kb.se/riks/ståndsriksdagen/xml/bg_1823_2_/bg_1823_2__01.xml,https://weburn.kb.se/riks/ståndsriksdagen/pdf/bg_1823_2_/bg_1823_2__01.pdf,https://weburn.kb.se/riks/metadata/66/21797866.html,1823
bg_1823_2__02,Om riksdagstrycket,borgare,1823,1823,https://weburn.kb.se/riks/ståndsriksdagen/xml/bg_1823_2_/bg_1823_2__02.xml,https://weburn.kb.se/riks/ståndsriksdagen/pdf/bg_1823_2_/bg_1823_2__02.pdf,https://weburn.kb.se/riks/metadata/68/21797868.html,1823
bg_1823_2__03,Om riksdagstrycket,borgare,1823,1823,https://weburn.kb.se/riks/ståndsriksdagen/xml/bg_1823_2_/bg_1823_2__03.xml,https://weburn.kb.se/riks/ståndsriksdagen/pdf/bg_1823_2_/bg_1823_2__03.pdf,https://weburn.kb.se/riks/metadata/68/21797868.html,1823
bg_1823_3__01,Om riksdagstrycket,borgare,1823,1823,https://weburn.kb.se/riks/ståndsriksdagen/xml/bg_1823_3_/bg_1823_3__01.xml,https://weburn.kb.se/riks/ståndsriksdagen/pdf/bg_1823_3_/bg_1823_3__01.pdf,https://weburn.kb.se/riks/metadata/70/21797870.html,1823
bg_1823_3__02,Om riksdagstrycket,borgare,1823,1823,https://weburn.kb.se/riks/ståndsriksdagen/xml/bg_1823_3_/bg_1823_3__02.xml,https://weburn.kb.se/riks/ståndsriksdagen/pdf/bg_1823_3_/bg_1823_3__02.pdf,https://weburn.kb.se/riks/metadata/70/21797870.html,1823
bg_1823_3__03,Om riksdagstrycket,borgare,1823,1823,https://weburn.kb.se/riks/ståndsriksdagen/xml/bg_1823_3_/bg_1823_3__03.xml,https://weburn.kb.se/riks/ståndsriksdagen/pdf/bg_1823_3_/bg_1823_3__03.pdf,https://weburn.kb.se/riks/metadata/70/21797870.html,1823
bg_1823_4__01,Om riksdagstrycket,borgare,1823,1823,https://weburn.kb.se/riks/ståndsriksdagen/xml/bg_1823_4_/bg_1823_4__01.xml,https://weburn.kb.se/riks/ståndsriksdagen/pdf/bg_1823_4_/bg_1823_4__01.pdf,https://weburn.kb.se/riks/metadata/72/21797872.html,1823
bg_1823_4__02,Om riksdagstrycket,borgare,1823,1823,https://weburn.kb.se/riks/ståndsriksdagen/xml/bg_1823_4_/bg_1823_4__02.xml,https://weburn.kb.se/riks/ståndsriksdagen/pdf/bg_1823_4_/bg_1823_4__02.pdf,https://weburn.kb.se/riks/metadata/72/21797872.html,1823
bg_1823_5__01,Om riksdagstrycket,borgare,1823,1823,https://weburn.kb.se/riks/ståndsriksdagen/xml/bg_1823_5_/bg_1823_5__01.xml,https://weburn.kb.se/riks/ståndsriksdagen/pdf/bg_1823_5_/bg_1823_5__01.pdf,https://weburn.kb.se/riks/metadata/73/21797873.html,1823
bg_1823_5__02,Om riksdagstrycket,borgare,1823,1823,https://weburn.kb.se/riks/ståndsriksdagen/xml/bg_1823_5_/bg_1823_5__02.xml,https://weburn.kb.se/riks/ståndsriksdagen/pdf/bg_1823_5_/bg_1823_5__02.pdf,https://weburn.kb.se/riks/metadata/73/21797873.html,1823
bg_1823_6__01,Om riksdagstrycket,borgare,1823,1823,https://weburn.kb.se/riks/ståndsriksdagen/xml/bg_1823_6_/bg_1823_6__01.xml,https://weburn.kb.se/riks/ståndsriksdagen/pdf/bg_1823_6_/bg_1823_6__01.pdf,https://weburn.kb.se/riks/metadata/75/21797875.html,1823
bg_1823_6__02,Om riksdagstrycket,borgare,1823,1823,https://weburn.kb.se/riks/ståndsriksdagen/xml/bg_1823_6_/bg_1823_6__02.xml,https://weburn.kb.se/riks/ståndsriksdagen/pdf/bg_1823_6_/bg_1823_6__02.pdf,https://weburn.kb.se/riks/metadata/75/21797875.html,1823
bg_1823_6__03,Om riksdagstrycket,borgare,1823,1823,https://weburn.kb.se/riks/ståndsriksdagen/xml/bg_1823_6_/bg_1823_6__03.xml,https://weburn.kb.se/riks/ståndsriksdagen/pdf/bg_1823_6_/bg_1823_6__03.pdf,https://weburn.kb.se/riks/metadata/75/21797875.html,1823
bg_1823_7__01,Om riksdagstrycket,borgare,1823,1823,https://weburn.kb.se/riks/ståndsriksdagen/xml/bg_1823_7_/bg_1823_7__01.xml,https://weburn.kb.se/riks/ståndsriksdagen/pdf/bg_1823_7_/bg_1823_7__01.pdf,https://weburn.kb.se/riks/metadata/78/21797878.html,1823
bg_1823_7__02,Om riksdagstrycket,borgare,1823,1823,https://weburn.kb.se/riks/ståndsriksdagen/xml/bg_1823_7_/bg_1823_7__02.xml,https://weburn.kb.se/riks/ståndsriksdagen/pdf/bg_1823_7_/bg_1823_7__02.pdf,https://weburn.kb.se/riks/metadata/78/21797878.html,1823
bg_1823_7__03,Om riksdagstrycket,borgare,1823,1823,https://weburn.kb.se/riks/ståndsriksdagen/xml/bg_1823_7_/bg_1823_7__03.xml,https://weburn.kb.se/riks/ståndsriksdagen/pdf/bg_1823_7_/bg_1823_7__03.pdf,https://weburn.kb.se/riks/metadata/78/21797878.html,1823
roa_bil_1823_reg__01,Om riksdagstrycket,adel,1823,1823,https://weburn.kb.se/riks/ståndsriksdagen/xml/roa_bil_1823_reg_/roa_bil_1823_reg__01.xml,https://weburn.kb.se/riks/ståndsriksdagen/pdf/roa_bil_1823_reg_/roa_bil_1823_reg__01.pdf,https://weburn.kb.se/riks/metadata/75/21799675.html,1823
roa_bil_1823_reg__02,Om riksdagstrycket,adel,1823,1823,https://weburn.kb.se/riks/ståndsriksdagen/xml/roa_bil_1823_reg_/roa_bil_1823_reg__02.xml,https://weburn.kb.se/riks/ståndsriksdagen/pdf/roa_bil_1823_reg_/roa_bil_1823_reg__02.pdf,https://weburn.kb.se/riks/metadata/75/21799675.html,1823
bg_1823_reg_,Om riksdagstrycket,borgare,1823,1823,https://weburn.kb.se/riks/ståndsriksdagen/xml/bg_1823_reg_/bg_1823_reg_.xml,https://weburn.kb.se/riks/ståndsriksdagen/pdf/bg_1823_reg_/bg_1823_reg_.pdf,https://weburn.kb.se/riks/metadata/82/21797882.html,1823
bih_1828-30_reg_,Om riksdagstrycket,bihang,1828,1828,https://weburn.kb.se/riks/ståndsriksdagen/xml/bih_1828-30_reg_/bih_1828-30_reg_.xml,https://weburn.kb.se/riks/ståndsriksdagen/pdf/bih_1828-30_reg_/bih_1828-30_reg_.pdf,https://weburn.kb.se/riks/metadata/75/21798275.html,1828
bih_1828-30_10-1__01,Om riksdagstrycket,bihang,1828,1828,https://weburn.kb.se/riks/ståndsriksdagen/xml/bih_1828-30_10-1_/bih_1828-30_10-1__01.xml,https://weburn.kb.se/riks/ståndsriksdagen/pdf/bih_1828-30_10-1_/bih_1828-30_10-1__01.pdf,https://weburn.kb.se/riks/metadata/23/21798223.html,1828
bih_1828-30_10-1__02,Om riksdagstrycket,bihang,1828,1828,https://weburn.kb.se/riks/ståndsriksdagen/xml/bih_1828-30_10-1_/bih_1828-30_10-1__02.xml,https://weburn.kb.se/riks/ståndsriksdagen/pdf/bih_1828-30_10-1_/bih_1828-30_10-1__02.pdf,https://weburn.kb.se/riks/metadata/23/21798223.html,1828
bih_1828-30_10-2_,Om riksdagstrycket,bihang,1828,1828,https://weburn.kb.se/riks/ståndsriksdagen/xml/bih_1828-30_10-2_/bih_1828-30_10-2_.xml,https://weburn.kb.se/riks/ståndsriksdagen/pdf/bih_1828-30_10-2_/bih_1828-30_10-2_.pdf,https://weburn.kb.se/riks/metadata/24/21798224.html,1828
bih_1828-30_10-2__01,Om riksdagstrycket,bihang,1828,1828,https://weburn.kb.se/riks/ståndsriksdagen/xml/bih_1828-30_10-2_/bih_1828-30_10-2__01.xml,https://weburn.kb.se/riks/ståndsriksdagen/pdf/bih_1828-30_10-2_/bih_1828-30_10-2__01.pdf,https://weburn.kb.se/riks/metadata/24/21798224.html,1828
bih_1828-30_10-2__02,Om riksdagstrycket,bihang,1828,1828,https://weburn.kb.se/riks/ståndsriksdagen/xml/bih_1828-30_10-2_/bih_1828-30_10-2__02.xml,https://weburn.kb.se/riks/ståndsriksdagen/pdf/bih_1828-30_10-2_/bih_1828-30_10-2__02.pdf,https://weburn.kb.se/riks/metadata/24/21798224.html,1828
bih_1828-30_10-4_,Om riksdagstrycket,bihang,1828,1828,https://weburn.kb.se/riks/ståndsriksdagen/xml/bih_1828-30_10-4_/bih_1828-30_10-4_.xml,https://weburn.kb.se/riks/ståndsriksdagen/pdf/bih_1828-30_10-4_/bih_1828-30_10-4_.pdf,https://weburn.kb.se/riks/metadata/21/21798221.html,1828
bih_1828-30_10_,Om riksdagstrycket,bihang,1828,1828,https://weburn.kb.se/riks/ståndsriksdagen/xml/bih_1828-30_10_/bih_1828-30_10_.xml,https://weburn.kb.se/riks/ståndsriksdagen/pdf/bih_1828-30_10_/bih_1828-30_10_.pdf,https://weburn.kb.se/riks/metadata/21/21798221.html,1828
bih_1828-30_10-3__01,Om riksdagstrycket,bihang,1828,1828,https://weburn.kb.se/riks/ståndsriksdagen/xml/bih_1828-30_10-3_/bih_1828-30_10-3__01.xml,https://weburn.kb.se/riks/ståndsriksdagen/pdf/bih_1828-30_10-3_/bih_1828-30_10-3__01.pdf,https://weburn.kb.se/riks/metadata/26/21798226.html,1828
bih_1828-30_10-3__02,Om riksdagstrycket,bihang,1828,1828,https://weburn.kb.se/riks/ståndsriksdagen/xml/bih_1828-30_10-3_/bih_1828-30_10-3__02.xml,https://weburn.kb.se/riks/ståndsriksdagen/pdf/bih_1828-30_10-3_/bih_1828-30_10-3__02.pdf,https://weburn.kb.se/riks/metadata/26/21798226.html,1828
bih_1828-30_2-1-3_,Om riksdagstrycket,bihang,1828,1828,https://weburn.kb.se/riks/ståndsriksdagen/xml/bih_1828-30_2-1-3_/bih_1828-30_2-1-3_.xml,https://weburn.kb.se/riks/ståndsriksdagen/pdf/bih_1828-30_2-1-3_/bih_1828-30_2-1-3_.pdf,https://weburn.kb.se/riks/metadata/31/21798231.html,1828
bih_1828-30_8-1__01,Om riksdagstrycket,bihang,1828,1828,https://weburn.kb.se/riks/ståndsriksdagen/xml/bih_1828-30_8-1_/bih_1828-30_8-1__01.xml,https://weburn.kb.se/riks/ståndsriksdagen/pdf/bih_1828-30_8-1_/bih_1828-30_8-1__01.pdf,https://weburn.kb.se/riks/metadata/68/21798268.html,1828
bih_1828-30_8-1__02,Om riksdagstrycket,bihang,1828,1828,https://weburn.kb.se/riks/ståndsriksdagen/xml/bih_1828-30_8-1_/bih_1828-30_8-1__02.xml,https://weburn.kb.se/riks/ståndsriksdagen/pdf/bih_1828-30_8-1_/bih_1828-30_8-1__02.pdf,https://weburn.kb.se/riks/metadata/68/21798268.html,1828
bih_1828-30_8-2_,Om riksdagstrycket,bihang,1828,1828,https://weburn.kb.se/riks/ståndsriksdagen/xml/bih_1828-30_8-2_/bih_1828-30_8-2_.xml,https://weburn.kb.se/riks/ståndsriksdagen/pdf/bih_1828-30_8-2_/bih_1828-30_8-2_.pdf,https://weburn.kb.se/riks/metadata/70/21798270.html,1828
bih_1828-30_5-1-1_,Om riksdagstrycket,bihang,1828,1828,https://weburn.kb.se/riks/ståndsriksdagen/xml/bih_1828-30_5-1-1_/bih_1828-30_5-1-1_.xml,https://weburn.kb.se/riks/ståndsriksdagen/pdf/bih_1828-30_5-1-1_/bih_1828-30_5-1-1_.pdf,https://weburn.kb.se/riks/metadata/45/21798245.html,1828
bih_1828-30_5-2-1_,Om riksdagstrycket,bihang,1828,1828,https://weburn.kb.se/riks/ståndsriksdagen/xml/bih_1828-30_5-2-1_/bih_1828-30_5-2-1_.xml,https://weburn.kb.se/riks/ståndsriksdagen/pdf/bih_1828-30_5-2-1_/bih_1828-30_5-2-1_.pdf,https://weburn.kb.se/riks/metadata/51/21798251.html,1828
bih_1828-30_5-2a__01,Om riksdagstrycket,bihang,1828,1828,https://weburn.kb.se/riks/ståndsriksdagen/xml/bih_1828-30_5-2a_/bih_1828-30_5-2a__01.xml,https://weburn.kb.se/riks/ståndsriksdagen/pdf/bih_1828-30_5-2a_/bih_1828-30_5-2a__01.pdf,https://weburn.kb.se/riks/metadata/51/21798251.html,1828
bih_1828-30_5-2a__02,Om riksdagstrycket,bihang,1828,1828,https://weburn.kb.se/riks/ståndsriksdagen/xml/bih_1828-30_5-2a_/bih_1828-30_5-2a__02.xml,https://weburn.kb.se/riks/ståndsriksdagen/pdf/bih_1828-30_5-2a_/bih_1828-30_5-2a__02.pdf,https://weburn.kb.se/riks/metadata/51/21798251.html,1828
bih_1828-30_5-1-2__01,Om riksdagstrycket,bihang,1828,1828,https://weburn.kb.se/riks/ståndsriksdagen/xml/bih_1828-30_5-1-2_/bih_1828-30_5-1-2__01.xml,https://weburn.kb.se/riks/ståndsriksdagen/pdf/bih_1828-30_5-1-2_/bih_1828-30_5-1-2__01.pdf,https://weburn.kb.se/riks/metadata/47/21798247.html,1828
bih_1828-30_5-1-2__02,Om riksdagstrycket,bihang,1828,1828,https://weburn.kb.se/riks/ståndsriksdagen/xml/bih_1828-30_5-1-2_/bih_1828-30_5-1-2__02.xml,https://weburn.kb.se/riks/ståndsriksdagen/pdf/bih_1828-30_5-1-2_/bih_1828-30_5-1-2__02.pdf,https://weburn.kb.se/riks/metadata/47/21798247.html,1828
bih_1828-30_tab_,Om riksdagstrycket,bihang,1828,1828,https://weburn.kb.se/riks/ståndsriksdagen/xml/bih_1828-30_tab_/bih_1828-30_tab_.xml,https://weburn.kb.se/riks/ståndsriksdagen/pdf/bih_1828-30_tab_/bih_1828-30_tab_.pdf,https://weburn.kb.se/riks/metadata/47/21798247.html,1828
bih_1828-30_5-1-3_,Om riksdagstrycket,bihang,1828,1828,https://weburn.kb.se/riks/ståndsriksdagen/xml/bih_1828-30_5-1-3_/bih_1828-30_5-1-3_.xml,https://weburn.kb.se/riks/ståndsriksdagen/pdf/bih_1828-30_5-1-3_/bih_1828-30_5-1-3_.pdf,https://weburn.kb.se/riks/metadata/50/21798250.html,1828
bih_1828-30_1-2__01,Om riksdagstrycket,bihang,1828,1828,https://weburn.kb.se/riks/ståndsriksdagen/xml/bih_1828-30_1-2_/bih_1828-30_1-2__01.xml,https://weburn.kb.se/riks/ståndsriksdagen/pdf/bih_1828-30_1-2_/bih_1828-30_1-2__01.pdf,https://weburn.kb.se/riks/metadata/27/21798227.html,1828
bih_1828-30_1-2__02,Om riksdagstrycket,bihang,1828,1828,https://weburn.kb.se/riks/ståndsriksdagen/xml/bih_1828-30_1-2_/bih_1828-30_1-2__02.xml,https://weburn.kb.se/riks/ståndsriksdagen/pdf/bih_1828-30_1-2_/bih_1828-30_1-2__02.pdf,https://weburn.kb.se/riks/metadata/27/21798227.html,1828
bih_1828-30_1__01,Om riksdagstrycket,bihang,1828,1828,https://weburn.kb.se/riks/ståndsriksdagen/xml/bih_1828-30_1_/bih_1828-30_1__01.xml,https://weburn.kb.se/riks/ståndsriksdagen/pdf/bih_1828-30_1_/bih_1828-30_1__01.pdf,https://weburn.kb.se/riks/metadata/20/21798220.html,1828
bih_1828-30_1__02,Om riksdagstrycket,bihang,1828,1828,https://weburn.kb.se/riks/ståndsriksdagen/xml/bih_1828-30_1_/bih_1828-30_1__02.xml,https://weburn.kb.se/riks/ståndsriksdagen/pdf/bih_1828-30_1_/bih_1828-30_1__02.pdf,https://weburn.kb.se/riks/metadata/20/21798220.html,1828
bih_1828-30_1-3__01,Om riksdagstrycket,bihang,1828,1828,https://weburn.kb.se/riks/ståndsriksdagen/xml/bih_1828-30_1-3_/bih_1828-30_1-3__01.xml,https://weburn.kb.se/riks/ståndsriksdagen/pdf/bih_1828-30_1-3_/bih_1828-30_1-3__01.pdf,https://weburn.kb.se/riks/metadata/28/21798228.html,1828
bih_1828-30_1-3__02,Om riksdagstrycket,bihang,1828,1828,https://weburn.kb.se/riks/ståndsriksdagen/xml/bih_1828-30_1-3_/bih_1828-30_1-3__02.xml,https://weburn.kb.se/riks/ståndsriksdagen/pdf/bih_1828-30_1-3_/bih_1828-30_1-3__02.pdf,https://weburn.kb.se/riks/metadata/28/21798228.html,1828
bih_1828-30_9-2__01,Om riksdagstrycket,bihang,1828,1828,https://weburn.kb.se/riks/ståndsriksdagen/xml/bih_1828-30_9-2_/bih_1828-30_9-2__01.xml,https://weburn.kb.se/riks/ståndsriksdagen/pdf/bih_1828-30_9-2_/bih_1828-30_9-2__01.pdf,https://weburn.kb.se/riks/metadata/73/21798273.html,1828
bih_1828-30_9-2__02,Om riksdagstrycket,bihang,1828,1828,https://weburn.kb.se/riks/ståndsriksdagen/xml/bih_1828-30_9-2_/bih_1828-30_9-2__02.xml,https://weburn.kb.se/riks/ståndsriksdagen/pdf/bih_1828-30_9-2_/bih_1828-30_9-2__02.pdf,https://weburn.kb.se/riks/metadata/73/21798273.html,1828
bih_1828-30_9-2__03,Om riksdagstrycket,bihang,1828,1828,https://weburn.kb.se/riks/ståndsriksdagen/xml/bih_1828-30_9-2_/bih_1828-30_9-2__03.xml,https://weburn.kb.se/riks/ståndsriksdagen/pdf/bih_1828-30_9-2_/bih_1828-30_9-2__03.pdf,https://weburn.kb.se/riks/metadata/73/21798273.html,1828
bih_1828-30_9-1__01,Om riksdagstrycket,bihang,1828,1828,https://weburn.kb.se/riks/ståndsriksdagen/xml/bih_1828-30_9-1_/bih_1828-30_9-1__01.xml,https://weburn.kb.se/riks/ståndsriksdagen/pdf/bih_1828-30_9-1_/bih_1828-30_9-1__01.pdf,https://weburn.kb.se/riks/metadata/72/21798272.html,1828
bih_1828-30_9-1__02,Om riksdagstrycket,bihang,1828,1828,https://weburn.kb.se/riks/ståndsriksdagen/xml/bih_1828-30_9-1_/bih_1828-30_9-1__02.xml,https://weburn.kb.se/riks/ståndsriksdagen/pdf/bih_1828-30_9-1_/bih_1828-30_9-1__02.pdf,https://weburn.kb.se/riks/metadata/72/21798272.html,1828
bih_1828-30_9-1__03,Om riksdagstrycket,bihang,1828,1828,https://weburn.kb.se/riks/ståndsriksdagen/xml/bih_1828-30_9-1_/bih_1828-30_9-1__03.xml,https://weburn.kb.se/riks/ståndsriksdagen/pdf/bih_1828-30_9-1_/bih_1828-30_9-1__03.pdf,https://weburn.kb.se/riks/metadata/72/21798272.html,1828
bih_1828-30_6-2__01,Om riksdagstrycket,bihang,1828,1828,https://weburn.kb.se/riks/ståndsriksdagen/xml/bih_1828-30_6-2_/bih_1828-30_6-2__01.xml,https://weburn.kb.se/riks/ståndsriksdagen/pdf/bih_1828-30_6-2_/bih_1828-30_6-2__01.pdf,https://weburn.kb.se/riks/metadata/55/21798255.html,1828
bih_1828-30_6-2__02,Om riksdagstrycket,bihang,1828,1828,https://weburn.kb.se/riks/ståndsriksdagen/xml/bih_1828-30_6-2_/bih_1828-30_6-2__02.xml,https://weburn.kb.se/riks/ståndsriksdagen/pdf/bih_1828-30_6-2_/bih_1828-30_6-2__02.pdf,https://weburn.kb.se/riks/metadata/55/21798255.html,1828
bih_1828-30_6-1_,Om riksdagstrycket,bihang,1828,1828,https://weburn.kb.se/riks/ståndsriksdagen/xml/bih_1828-30_6-1_/bih_1828-30_6-1_.xml,https://weburn.kb.se/riks/ståndsriksdagen/pdf/bih_1828-30_6-1_/bih_1828-30_6-1_.pdf,https://weburn.kb.se/riks/metadata/52/21798252.html,1828
bih_1828-30_7-1-1__01,Om riksdagstrycket,bihang,1828,1828,https://weburn.kb.se/riks/ståndsriksdagen/xml/bih_1828-30_7-1-1_/bih_1828-30_7-1-1__01.xml,https://weburn.kb.se/riks/ståndsriksdagen/pdf/bih_1828-30_7-1-1_/bih_1828-30_7-1-1__01.pdf,https://weburn.kb.se/riks/metadata/57/21798257.html,1828
bih_1828-30_7-1-1__02,Om riksdagstrycket,bihang,1828,1828,https://weburn.kb.se/riks/ståndsriksdagen/xml/bih_1828-30_7-1-1_/bih_1828-30_7-1-1__02.xml,https://weburn.kb.se/riks/ståndsriksdagen/pdf/bih_1828-30_7-1-1_/bih_1828-30_7-1-1__02.pdf,https://weburn.kb.se/riks/metadata/57/21798257.html,1828
bih_1828-30_7-2-2_,Om riksdagstrycket,bihang,1828,1828,https://weburn.kb.se/riks/ståndsriksdagen/xml/bih_1828-30_7-2-2_/bih_1828-30_7-2-2_.xml,https://weburn.kb.se/riks/ståndsriksdagen/pdf/bih_1828-30_7-2-2_/bih_1828-30_7-2-2_.pdf,https://weburn.kb.se/riks/metadata/65/21798265.html,1828
bih_1828-30_7-2-1__01,Om riksdagstrycket,bihang,1828,1828,https://weburn.kb.se/riks/ståndsriksdagen/xml/bih_1828-30_7-2-1_/bih_1828-30_7-2-1__01.xml,https://weburn.kb.se/riks/ståndsriksdagen/pdf/bih_1828-30_7-2-1_/bih_1828-30_7-2-1__01.pdf,https://weburn.kb.se/riks/metadata/64/21798264.html,1828
bih_1828-30_7-2-1__02,Om riksdagstrycket,bihang,1828,1828,https://weburn.kb.se/riks/ståndsriksdagen/xml/bih_1828-30_7-2-1_/bih_1828-30_7-2-1__02.xml,https://weburn.kb.se/riks/ståndsriksdagen/pdf/bih_1828-30_7-2-1_/bih_1828-30_7-2-1__02.pdf,https://weburn.kb.se/riks/metadata/64/21798264.html,1828
bih_1828-30_7-2-1__03,Om riksdagstrycket,bihang,1828,1828,https://weburn.kb.se/riks/ståndsriksdagen/xml/bih_1828-30_7-2-1_/bih_1828-30_7-2-1__03.xml,https://weburn.kb.se/riks/ståndsriksdagen/pdf/bih_1828-30_7-2-1_/bih_1828-30_7-2-1__03.pdf,https://weburn.kb.se/riks/metadata/64/21798264.html,1828
bih_1828-30_7-1-2__01,Om riksdagstrycket,bihang,1828,1828,https://weburn.kb.se/riks/ståndsriksdagen/xml/bih_1828-30_7-1-2_/bih_1828-30_7-1-2__01.xml,https://weburn.kb.se/riks/ståndsriksdagen/pdf/bih_1828-30_7-1-2_/bih_1828-30_7-1-2__01.pdf,https://weburn.kb.se/riks/metadata/59/21798259.html,1828
bih_1828-30_7-1-2__02,Om riksdagstrycket,bihang,1828,1828,https://weburn.kb.se/riks/ståndsriksdagen/xml/bih_1828-30_7-1-2_/bih_1828-30_7-1-2__02.xml,https://weburn.kb.se/riks/ståndsriksdagen/pdf/bih_1828-30_7-1-2_/bih_1828-30_7-1-2__02.pdf,https://weburn.kb.se/riks/metadata/59/21798259.html,1828
bih_1828-30_7-1-2__03,Om riksdagstrycket,bihang,1828,1828,https://weburn.kb.se/riks/ståndsriksdagen/xml/bih_1828-30_7-1-2_/bih_1828-30_7-1-2__03.xml,https://weburn.kb.se/riks/ståndsriksdagen/pdf/bih_1828-30_7-1-2_/bih_1828-30_7-1-2__03.pdf,https://weburn.kb.se/riks/metadata/59/21798259.html,1828
bih_1828-30_7-1-3_,Om riksdagstrycket,bihang,1828,1828,https://weburn.kb.se/riks/ståndsriksdagen/xml/bih_1828-30_7-1-3_/bih_1828-30_7-1-3_.xml,https://weburn.kb.se/riks/ståndsriksdagen/pdf/bih_1828-30_7-1-3_/bih_1828-30_7-1-3_.pdf,https://weburn.kb.se/riks/metadata/61/21798261.html,1828
bih_1828-30_3__01,Om riksdagstrycket,bihang,1828,1828,https://weburn.kb.se/riks/ståndsriksdagen/xml/bih_1828-30_3_/bih_1828-30_3__01.xml,https://weburn.kb.se/riks/ståndsriksdagen/pdf/bih_1828-30_3_/bih_1828-30_3__01.pdf,https://weburn.kb.se/riks/metadata/32/21798232.html,1828
bih_1828-30_3__02,Om riksdagstrycket,bihang,1828,1828,https://weburn.kb.se/riks/ståndsriksdagen/xml/bih_1828-30_3_/bih_1828-30_3__02.xml,https://weburn.kb.se/riks/ståndsriksdagen/pdf/bih_1828-30_3_/bih_1828-30_3__02.pdf,https://weburn.kb.se/riks/metadata/32/21798232.html,1828
bih_1828-30_3__03,Om riksdagstrycket,bihang,1828,1828,https://weburn.kb.se/riks/ståndsriksdagen/xml/bih_1828-30_3_/bih_1828-30_3__03.xml,https://weburn.kb.se/riks/ståndsriksdagen/pdf/bih_1828-30_3_/bih_1828-30_3__03.pdf,https://weburn.kb.se/riks/metadata/32/21798232.html,1828
bih_1828-30_2_,Om riksdagstrycket,bihang,1828,1828,https://weburn.kb.se/riks/ståndsriksdagen/xml/bih_1828-30_2_/bih_1828-30_2_.xml,https://weburn.kb.se/riks/ståndsriksdagen/pdf/bih_1828-30_2_/bih_1828-30_2_.pdf,https://weburn.kb.se/riks/metadata/30/21798230.html,1828
bih_1828-30_6-3__01,Om riksdagstrycket,bihang,1828,1828,https://weburn.kb.se/riks/ståndsriksdagen/xml/bih_1828-30_6-3_/bih_1828-30_6-3__01.xml,https://weburn.kb.se/riks/ståndsriksdagen/pdf/bih_1828-30_6-3_/bih_1828-30_6-3__01.pdf,https://weburn.kb.se/riks/metadata/56/21798256.html,1828
bih_1828-30_6-3__02,Om riksdagstrycket,bihang,1828,1828,https://weburn.kb.se/riks/ståndsriksdagen/xml/bih_1828-30_6-3_/bih_1828-30_6-3__02.xml,https://weburn.kb.se/riks/ståndsriksdagen/pdf/bih_1828-30_6-3_/bih_1828-30_6-3__02.pdf,https://weburn.kb.se/riks/metadata/56/21798256.html,1828
bih_1828-30_6-3__03,Om riksdagstrycket,bihang,1828,1828,https://weburn.kb.se/riks/ståndsriksdagen/xml/bih_1828-30_6-3_/bih_1828-30_6-3__03.xml,https://weburn.kb.se/riks/ståndsriksdagen/pdf/bih_1828-30_6-3_/bih_1828-30_6-3__03.pdf,https://weburn.kb.se/riks/metadata/56/21798256.html,1828
bih_1828-30_9-3__01,Om riksdagstrycket,bihang,1828,1828,https://weburn.kb.se/riks/ståndsriksdagen/xml/bih_1828-30_9-3_/bih_1828-30_9-3__01.xml,https://weburn.kb.se/riks/ståndsriksdagen/pdf/bih_1828-30_9-3_/bih_1828-30_9-3__01.pdf,https://weburn.kb.se/riks/metadata/74/21798274.html,1828
bih_1828-30_9-3__02,Om riksdagstrycket,bihang,1828,1828,https://weburn.kb.se/riks/ståndsriksdagen/xml/bih_1828-30_9-3_/bih_1828-30_9-3__02.xml,https://weburn.kb.se/riks/ståndsriksdagen/pdf/bih_1828-30_9-3_/bih_1828-30_9-3__02.pdf,https://weburn.kb.se/riks/metadata/74/21798274.html,1828
bih_1828-30_9-3__03,Om riksdagstrycket,bihang,1828,1828,https://weburn.kb.se/riks/ståndsriksdagen/xml/bih_1828-30_9-3_/bih_1828-30_9-3__03.xml,https://weburn.kb.se/riks/ståndsriksdagen/pdf/bih_1828-30_9-3_/bih_1828-30_9-3__03.pdf,https://weburn.kb.se/riks/metadata/74/21798274.html,1828
bg_1828-30_8_,Om riksdagstrycket,borgare,1828,1828,https://weburn.kb.se/riks/ståndsriksdagen/xml/bg_1828-30_8_/bg_1828-30_8_.xml,https://weburn.kb.se/riks/ståndsriksdagen/pdf/bg_1828-30_8_/bg_1828-30_8_.pdf,https://weburn.kb.se/riks/metadata/00/21797900.html,1828
bg_1828-30_bil__01,Om riksdagstrycket,borgare,1828,1828,https://weburn.kb.se/riks/ståndsriksdagen/xml/bg_1828-30_bil_/bg_1828-30_bil__01.xml,https://weburn.kb.se/riks/ståndsriksdagen/pdf/bg_1828-30_bil_/bg_1828-30_bil__01.pdf,https://weburn.kb.se/riks/metadata/00/21797900.html,1828
bg_1828-30_bil__02,Om riksdagstrycket,borgare,1828,1828,https://weburn.kb.se/riks/ståndsriksdagen/xml/bg_1828-30_bil_/bg_1828-30_bil__02.xml,https://weburn.kb.se/riks/ståndsriksdagen/pdf/bg_1828-30_bil_/bg_1828-30_bil__02.pdf,https://weburn.kb.se/riks/metadata/00/21797900.html,1828
bn_1828-30_2__01,Om riksdagstrycket,bonder,1828,1828,https://weburn.kb.se/riks/ståndsriksdagen/xml/bn_1828-30_2_/bn_1828-30_2__01.xml,https://weburn.kb.se/riks/ståndsriksdagen/pdf/bn_1828-30_2_/bn_1828-30_2__01.pdf,https://weburn.kb.se/riks/metadata/89/21798789.html,1828
bn_1828-30_2__02,Om riksdagstrycket,bonder,1828,1828,https://weburn.kb.se/riks/ståndsriksdagen/xml/bn_1828-30_2_/bn_1828-30_2__02.xml,https://weburn.kb.se/riks/ståndsriksdagen/pdf/bn_1828-30_2_/bn_1828-30_2__02.pdf,https://weburn.kb.se/riks/metadata/89/21798789.html,1828
bn_1828-30_2__03,Om riksdagstrycket,bonder,1828,1828,https://weburn.kb.se/riks/ståndsriksdagen/xml/bn_1828-30_2_/bn_1828-30_2__03.xml,https://weburn.kb.se/riks/ståndsriksdagen/pdf/bn_1828-30_2_/bn_1828-30_2__03.pdf,https://weburn.kb.se/riks/metadata/89/21798789.html,1828
bn_1828-30_5__01,Om riksdagstrycket,bonder,1828,1828,https://weburn.kb.se/riks/ståndsriksdagen/xml/bn_1828-30_5_/bn_1828-30_5__01.xml,https://weburn.kb.se/riks/ståndsriksdagen/pdf/bn_1828-30_5_/bn_1828-30_5__01.pdf,https://weburn.kb.se/riks/metadata/92/21798792.html,1828
bn_1828-30_5__02,Om riksdagstrycket,bonder,1828,1828,https://weburn.kb.se/riks/ståndsriksdagen/xml/bn_1828-30_5_/bn_1828-30_5__02.xml,https://weburn.kb.se/riks/ståndsriksdagen/pdf/bn_1828-30_5_/bn_1828-30_5__02.pdf,https://weburn.kb.se/riks/metadata/92/21798792.html,1828
bn_1828-30_5__03,Om riksdagstrycket,bonder,1828,1828,https://weburn.kb.se/riks/ståndsriksdagen/xml/bn_1828-30_5_/bn_1828-30_5__03.xml,https://weburn.kb.se/riks/ståndsriksdagen/pdf/bn_1828-30_5_/bn_1828-30_5__03.pdf,https://weburn.kb.se/riks/metadata/92/21798792.html,1828
bn_1828-30_4__01,Om riksdagstrycket,bonder,1828,1828,https://weburn.kb.se/riks/ståndsriksdagen/xml/bn_1828-30_4_/bn_1828-30_4__01.xml,https://weburn.kb.se/riks/ståndsriksdagen/pdf/bn_1828-30_4_/bn_1828-30_4__01.pdf,https://weburn.kb.se/riks/metadata/91/21798791.html,1828
bn_1828-30_4__02,Om riksdagstrycket,bonder,1828,1828,https://weburn.kb.se/riks/ståndsriksdagen/xml/bn_1828-30_4_/bn_1828-30_4__02.xml,https://weburn.kb.se/riks/ståndsriksdagen/pdf/bn_1828-30_4_/bn_1828-30_4__02.pdf,https://weburn.kb.se/riks/metadata/91/21798791.html,1828
bn_1828-30_4__03,Om riksdagstrycket,bonder,1828,1828,https://weburn.kb.se/riks/ståndsriksdagen/xml/bn_1828-30_4_/bn_1828-30_4__03.xml,https://weburn.kb.se/riks/ståndsriksdagen/pdf/bn_1828-30_4_/bn_1828-30_4__03.pdf,https://weburn.kb.se/riks/metadata/91/21798791.html,1828
bn_1828-30_1__01,Om riksdagstrycket,bonder,1828,1828,https://weburn.kb.se/riks/ståndsriksdagen/xml/bn_1828-30_1_/bn_1828-30_1__01.xml,https://weburn.kb.se/riks/ståndsriksdagen/pdf/bn_1828-30_1_/bn_1828-30_1__01.pdf,https://weburn.kb.se/riks/metadata/85/21798785.html,1828
bn_1828-30_1__02,Om riksdagstrycket,bonder,1828,1828,https://weburn.kb.se/riks/ståndsriksdagen/xml/bn_1828-30_1_/bn_1828-30_1__02.xml,https://weburn.kb.se/riks/ståndsriksdagen/pdf/bn_1828-30_1_/bn_1828-30_1__02.pdf,https://weburn.kb.se/riks/metadata/85/21798785.html,1828
bn_1828-30_1__03,Om riksdagstrycket,bonder,1828,1828,https://weburn.kb.se/riks/ståndsriksdagen/xml/bn_1828-30_1_/bn_1828-30_1__03.xml,https://weburn.kb.se/riks/ståndsriksdagen/pdf/bn_1828-30_1_/bn_1828-30_1__03.pdf,https://weburn.kb.se/riks/metadata/85/21798785.html,1828
bn_1828-30_3__01,Om riksdagstrycket,bonder,1828,1828,https://weburn.kb.se/riks/ståndsriksdagen/xml/bn_1828-30_3_/bn_1828-30_3__01.xml,https://weburn.kb.se/riks/ståndsriksdagen/pdf/bn_1828-30_3_/bn_1828-30_3__01.pdf,https://weburn.kb.se/riks/metadata/90/21798790.html,1828
bn_1828-30_3__02,Om riksdagstrycket,bonder,1828,1828,https://weburn.kb.se/riks/ståndsriksdagen/xml/bn_1828-30_3_/bn_1828-30_3__02.xml,https://weburn.kb.se/riks/ståndsriksdagen/pdf/bn_1828-30_3_/bn_1828-30_3__02.pdf,https://weburn.kb.se/riks/metadata/90/21798790.html,1828
bn_1828-30_3__03,Om riksdagstrycket,bonder,1828,1828,https://weburn.kb.se/riks/ståndsriksdagen/xml/bn_1828-30_3_/bn_1828-30_3__03.xml,https://weburn.kb.se/riks/ståndsriksdagen/pdf/bn_1828-30_3_/bn_1828-30_3__03.pdf,https://weburn.kb.se/riks/metadata/90/21798790.html,1828
bn_1828-30_8__01,Om riksdagstrycket,bonder,1828,1828,https://weburn.kb.se/riks/ståndsriksdagen/xml/bn_1828-30_8_/bn_1828-30_8__01.xml,https://weburn.kb.se/riks/ståndsriksdagen/pdf/bn_1828-30_8_/bn_1828-30_8__01.pdf,https://weburn.kb.se/riks/metadata/95/21798795.html,1828
bn_1828-30_8__02,Om riksdagstrycket,bonder,1828,1828,https://weburn.kb.se/riks/ståndsriksdagen/xml/bn_1828-30_8_/bn_1828-30_8__02.xml,https://weburn.kb.se/riks/ståndsriksdagen/pdf/bn_1828-30_8_/bn_1828-30_8__02.pdf,https://weburn.kb.se/riks/metadata/95/21798795.html,1828
bn_1828-30_8__03,Om riksdagstrycket,bonder,1828,1828,https://weburn.kb.se/riks/ståndsriksdagen/xml/bn_1828-30_8_/bn_1828-30_8__03.xml,https://weburn.kb.se/riks/ståndsriksdagen/pdf/bn_1828-30_8_/bn_1828-30_8__03.pdf,https://weburn.kb.se/riks/metadata/95/21798795.html,1828
bn_1828-30_11__01,Om riksdagstrycket,bonder,1828,1828,https://weburn.kb.se/riks/ståndsriksdagen/xml/bn_1828-30_11_/bn_1828-30_11__01.xml,https://weburn.kb.se/riks/ståndsriksdagen/pdf/bn_1828-30_11_/bn_1828-30_11__01.pdf,https://weburn.kb.se/riks/metadata/87/21798787.html,1828
bn_1828-30_11__02,Om riksdagstrycket,bonder,1828,1828,https://weburn.kb.se/riks/ståndsriksdagen/xml/bn_1828-30_11_/bn_1828-30_11__02.xml,https://weburn.kb.se/riks/ståndsriksdagen/pdf/bn_1828-30_11_/bn_1828-30_11__02.pdf,https://weburn.kb.se/riks/metadata/87/21798787.html,1828
bn_1828-30_9__01,Om riksdagstrycket,bonder,1828,1828,https://weburn.kb.se/riks/ståndsriksdagen/xml/bn_1828-30_9_/bn_1828-30_9__01.xml,https://weburn.kb.se/riks/ståndsriksdagen/pdf/bn_1828-30_9_/bn_1828-30_9__01.pdf,https://weburn.kb.se/riks/metadata/96/21798796.html,1828
bn_1828-30_9__02,Om riksdagstrycket,bonder,1828,1828,https://weburn.kb.se/riks/ståndsriksdagen/xml/bn_1828-30_9_/bn_1828-30_9__02.xml,https://weburn.kb.se/riks/ståndsriksdagen/pdf/bn_1828-30_9_/bn_1828-30_9__02.pdf,https://weburn.kb.se/riks/metadata/96/21798796.html,1828
bn_1828-30_9__03,Om riksdagstrycket,bonder,1828,1828,https://weburn.kb.se/riks/ståndsriksdagen/xml/bn_1828-30_9_/bn_1828-30_9__03.xml,https://weburn.kb.se/riks/ståndsriksdagen/pdf/bn_1828-30_9_/bn_1828-30_9__03.pdf,https://weburn.kb.se/riks/metadata/96/21798796.html,1828
bn_1828-30_6__01,Om riksdagstrycket,bonder,1828,1828,https://weburn.kb.se/riks/ståndsriksdagen/xml/bn_1828-30_6_/bn_1828-30_6__01.xml,https://weburn.kb.se/riks/ståndsriksdagen/pdf/bn_1828-30_6_/bn_1828-30_6__01.pdf,https://weburn.kb.se/riks/metadata/93/21798793.html,1828
bn_1828-30_6__02,Om riksdagstrycket,bonder,1828,1828,https://weburn.kb.se/riks/ståndsriksdagen/xml/bn_1828-30_6_/bn_1828-30_6__02.xml,https://weburn.kb.se/riks/ståndsriksdagen/pdf/bn_1828-30_6_/bn_1828-30_6__02.pdf,https://weburn.kb.se/riks/metadata/93/21798793.html,1828
bn_1828-30_6__03,Om riksdagstrycket,bonder,1828,1828,https://weburn.kb.se/riks/ståndsriksdagen/xml/bn_1828-30_6_/bn_1828-30_6__03.xml,https://weburn.kb.se/riks/ståndsriksdagen/pdf/bn_1828-30_6_/bn_1828-30_6__03.pdf,https://weburn.kb.se/riks/metadata/93/21798793.html,1828
bn_1828-30_7__01,Om riksdagstrycket,bonder,1828,1828,https://weburn.kb.se/riks/ståndsriksdagen/xml/bn_1828-30_7_/bn_1828-30_7__01.xml,https://weburn.kb.se/riks/ståndsriksdagen/pdf/bn_1828-30_7_/bn_1828-30_7__01.pdf,https://weburn.kb.se/riks/metadata/94/21798794.html,1828
bn_1828-30_7__02,Om riksdagstrycket,bonder,1828,1828,https://weburn.kb.se/riks/ståndsriksdagen/xml/bn_1828-30_7_/bn_1828-30_7__02.xml,https://weburn.kb.se/riks/ståndsriksdagen/pdf/bn_1828-30_7_/bn_1828-30_7__02.pdf,https://weburn.kb.se/riks/metadata/94/21798794.html,1828
bn_1828-30_10__01,Om riksdagstrycket,bonder,1828,1828,https://weburn.kb.se/riks/ståndsriksdagen/xml/bn_1828-30_10_/bn_1828-30_10__01.xml,https://weburn.kb.se/riks/ståndsriksdagen/pdf/bn_1828-30_10_/bn_1828-30_10__01.pdf,https://weburn.kb.se/riks/metadata/86/21798786.html,1828
bn_1828-30_10__02,Om riksdagstrycket,bonder,1828,1828,https://weburn.kb.se/riks/ståndsriksdagen/xml/bn_1828-30_10_/bn_1828-30_10__02.xml,https://weburn.kb.se/riks/ståndsriksdagen/pdf/bn_1828-30_10_/bn_1828-30_10__02.pdf,https://weburn.kb.se/riks/metadata/86/21798786.html,1828
roa_1828-30_8__01,Om riksdagstrycket,adel,1828,1828,https://weburn.kb.se/riks/ståndsriksdagen/xml/roa_1828-30_8_/roa_1828-30_8__01.xml,https://weburn.kb.se/riks/ståndsriksdagen/pdf/roa_1828-30_8_/roa_1828-30_8__01.pdf,https://weburn.kb.se/riks/metadata/35/21799435.html,1828
roa_1828-30_8__02,Om riksdagstrycket,adel,1828,1828,https://weburn.kb.se/riks/ståndsriksdagen/xml/roa_1828-30_8_/roa_1828-30_8__02.xml,https://weburn.kb.se/riks/ståndsriksdagen/pdf/roa_1828-30_8_/roa_1828-30_8__02.pdf,https://weburn.kb.se/riks/metadata/35/21799435.html,1828
roa_1828-30_1__01,Om riksdagstrycket,adel,1828,1828,https://weburn.kb.se/riks/ståndsriksdagen/xml/roa_1828-30_1_/roa_1828-30_1__01.xml,https://weburn.kb.se/riks/ståndsriksdagen/pdf/roa_1828-30_1_/roa_1828-30_1__01.pdf,https://weburn.kb.se/riks/metadata/71/21799371.html,1828
roa_1828-30_1__02,Om riksdagstrycket,adel,1828,1828,https://weburn.kb.se/riks/ståndsriksdagen/xml/roa_1828-30_1_/roa_1828-30_1__02.xml,https://weburn.kb.se/riks/ståndsriksdagen/pdf/roa_1828-30_1_/roa_1828-30_1__02.pdf,https://weburn.kb.se/riks/metadata/71/21799371.html,1828
roa_1828-30_1__03,Om riksdagstrycket,adel,1828,1828,https://weburn.kb.se/riks/ståndsriksdagen/xml/roa_1828-30_1_/roa_1828-30_1__03.xml,https://weburn.kb.se/riks/ståndsriksdagen/pdf/roa_1828-30_1_/roa_1828-30_1__03.pdf,https://weburn.kb.se/riks/metadata/71/21799371.html,1828
roa_1828-30_2__01,Om riksdagstrycket,adel,1828,1828,https://weburn.kb.se/riks/ståndsriksdagen/xml/roa_1828-30_2_/roa_1828-30_2__01.xml,https://weburn.kb.se/riks/ståndsriksdagen/pdf/roa_1828-30_2_/roa_1828-30_2__01.pdf,https://weburn.kb.se/riks/metadata/82/21799382.html,1828
roa_1828-30_2__02,Om riksdagstrycket,adel,1828,1828,https://weburn.kb.se/riks/ståndsriksdagen/xml/roa_1828-30_2_/roa_1828-30_2__02.xml,https://weburn.kb.se/riks/ståndsriksdagen/pdf/roa_1828-30_2_/roa_1828-30_2__02.pdf,https://weburn.kb.se/riks/metadata/82/21799382.html,1828
roa_1828-30_3__01,Om riksdagstrycket,adel,1828,1828,https://weburn.kb.se/riks/ståndsriksdagen/xml/roa_1828-30_3_/roa_1828-30_3__01.xml,https://weburn.kb.se/riks/ståndsriksdagen/pdf/roa_1828-30_3_/roa_1828-30_3__01.pdf,https://weburn.kb.se/riks/metadata/93/21799393.html,1828
roa_1828-30_3__02,Om riksdagstrycket,adel,1828,1828,https://weburn.kb.se/riks/ståndsriksdagen/xml/roa_1828-30_3_/roa_1828-30_3__02.xml,https://weburn.kb.se/riks/ståndsriksdagen/pdf/roa_1828-30_3_/roa_1828-30_3__02.pdf,https://weburn.kb.se/riks/metadata/93/21799393.html,1828
roa_1828-30_4_,Om riksdagstrycket,adel,1828,1828,https://weburn.kb.se/riks/ståndsriksdagen/xml/roa_1828-30_4_/roa_1828-30_4_.xml,https://weburn.kb.se/riks/ståndsriksdagen/pdf/roa_1828-30_4_/roa_1828-30_4_.pdf,https://weburn.kb.se/riks/metadata/04/21799404.html,1828
roa_1828-30_5__01,Om riksdagstrycket,adel,1828,1828,https://weburn.kb.se/riks/ståndsriksdagen/xml/roa_1828-30_5_/roa_1828-30_5__01.xml,https://weburn.kb.se/riks/ståndsriksdagen/pdf/roa_1828-30_5_/roa_1828-30_5__01.pdf,https://weburn.kb.se/riks/metadata/15/21799415.html,1828
roa_1828-30_5__02,Om riksdagstrycket,adel,1828,1828,https://weburn.kb.se/riks/ståndsriksdagen/xml/roa_1828-30_5_/roa_1828-30_5__02.xml,https://weburn.kb.se/riks/ståndsriksdagen/pdf/roa_1828-30_5_/roa_1828-30_5__02.pdf,https://weburn.kb.se/riks/metadata/15/21799415.html,1828
roa_1828-30_6__01,Om riksdagstrycket,adel,1828,1828,https://weburn.kb.se/riks/ståndsriksdagen/xml/roa_1828-30_6_/roa_1828-30_6__01.xml,https://weburn.kb.se/riks/ståndsriksdagen/pdf/roa_1828-30_6_/roa_1828-30_6__01.pdf,https://weburn.kb.se/riks/metadata/26/21799426.html,1828
roa_1828-30_6__02,Om riksdagstrycket,adel,1828,1828,https://weburn.kb.se/riks/ståndsriksdagen/xml/roa_1828-30_6_/roa_1828-30_6__02.xml,https://weburn.kb.se/riks/ståndsriksdagen/pdf/roa_1828-30_6_/roa_1828-30_6__02.pdf,https://weburn.kb.se/riks/metadata/26/21799426.html,1828
roa_1828-30_7__01,Om riksdagstrycket,adel,1828,1828,https://weburn.kb.se/riks/ståndsriksdagen/xml/roa_1828-30_7_/roa_1828-30_7__01.xml,https://weburn.kb.se/riks/ståndsriksdagen/pdf/roa_1828-30_7_/roa_1828-30_7__01.pdf,https://weburn.kb.se/riks/metadata/34/21799434.html,1828
roa_1828-30_7__02,Om riksdagstrycket,adel,1828,1828,https://weburn.kb.se/riks/ståndsriksdagen/xml/roa_1828-30_7_/roa_1828-30_7__02.xml,https://weburn.kb.se/riks/ståndsriksdagen/pdf/roa_1828-30_7_/roa_1828-30_7__02.pdf,https://weburn.kb.se/riks/metadata/34/21799434.html,1828
roa_1828-30_18__01,Om riksdagstrycket,adel,1828,1828,https://weburn.kb.se/riks/ståndsriksdagen/xml/roa_1828-30_18_/roa_1828-30_18__01.xml,https://weburn.kb.se/riks/ståndsriksdagen/pdf/roa_1828-30_18_/roa_1828-30_18__01.pdf,https://weburn.kb.se/riks/metadata/80/21799380.html,1828
roa_1828-30_18__02,Om riksdagstrycket,adel,1828,1828,https://weburn.kb.se/riks/ståndsriksdagen/xml/roa_1828-30_18_/roa_1828-30_18__02.xml,https://weburn.kb.se/riks/ståndsriksdagen/pdf/roa_1828-30_18_/roa_1828-30_18__02.pdf,https://weburn.kb.se/riks/metadata/80/21799380.html,1828
roa_1828-30_11_,Om riksdagstrycket,adel,1828,1828,https://weburn.kb.se/riks/ståndsriksdagen/xml/roa_1828-30_11_/roa_1828-30_11_.xml,https://weburn.kb.se/riks/ståndsriksdagen/pdf/roa_1828-30_11_/roa_1828-30_11_.pdf,https://weburn.kb.se/riks/metadata/73/21799373.html,1828
roa_1828-30_50_,Om riksdagstrycket,adel,1828,1828,https://weburn.kb.se/riks/ståndsriksdagen/xml/roa_1828-30_50_/roa_1828-30_50_.xml,https://weburn.kb.se/riks/ståndsriksdagen/pdf/roa_1828-30_50_/roa_1828-30_50_.pdf,https://weburn.kb.se/riks/metadata/16/21799416.html,1828
roa_1828-30_52_,Om riksdagstrycket,adel,1828,1828,https://weburn.kb.se/riks/ståndsriksdagen/xml/roa_1828-30_52_/roa_1828-30_52_.xml,https://weburn.kb.se/riks/ståndsriksdagen/pdf/roa_1828-30_52_/roa_1828-30_52_.pdf,https://weburn.kb.se/riks/metadata/18/21799418.html,1828
roa_1828-30_54_,Om riksdagstrycket,adel,1828,1828,https://weburn.kb.se/riks/ståndsriksdagen/xml/roa_1828-30_54_/roa_1828-30_54_.xml,https://weburn.kb.se/riks/ståndsriksdagen/pdf/roa_1828-30_54_/roa_1828-30_54_.pdf,https://weburn.kb.se/riks/metadata/20/21799420.html,1828
roa_1828-30_51_,Om riksdagstrycket,adel,1828,1828,https://weburn.kb.se/riks/ståndsriksdagen/xml/roa_1828-30_51_/roa_1828-30_51_.xml,https://weburn.kb.se/riks/ståndsriksdagen/pdf/roa_1828-30_51_/roa_1828-30_51_.pdf,https://weburn.kb.se/riks/metadata/17/21799417.html,1828
roa_1828-30_53_,Om riksdagstrycket,adel,1828,1828,https://weburn.kb.se/riks/ståndsriksdagen/xml/roa_1828-30_53_/roa_1828-30_53_.xml,https://weburn.kb.se/riks/ståndsriksdagen/pdf/roa_1828-30_53_/roa_1828-30_53_.pdf,https://weburn.kb.se/riks/metadata/19/21799419.html,1828
roa_1828-30_15_,Om riksdagstrycket,adel,1828,1828,https://weburn.kb.se/riks/ståndsriksdagen/xml/roa_1828-30_15_/roa_1828-30_15_.xml,https://weburn.kb.se/riks/ståndsriksdagen/pdf/roa_1828-30_15_/roa_1828-30_15_.pdf,https://weburn.kb.se/riks/metadata/77/21799377.html,1828
roa_1828-30_14_,Om riksdagstrycket,adel,1828,1828,https://weburn.kb.se/riks/ståndsriksdagen/xml/roa_1828-30_14_/roa_1828-30_14_.xml,https://weburn.kb.se/riks/ståndsriksdagen/pdf/roa_1828-30_14_/roa_1828-30_14_.pdf,https://weburn.kb.se/riks/metadata/76/21799376.html,1828
roa_1828-30_40__01,Om riksdagstrycket,adel,1828,1828,https://weburn.kb.se/riks/ståndsriksdagen/xml/roa_1828-30_40_/roa_1828-30_40__01.xml,https://weburn.kb.se/riks/ståndsriksdagen/pdf/roa_1828-30_40_/roa_1828-30_40__01.pdf,https://weburn.kb.se/riks/metadata/05/21799405.html,1828
roa_1828-30_40__02,Om riksdagstrycket,adel,1828,1828,https://weburn.kb.se/riks/ståndsriksdagen/xml/roa_1828-30_40_/roa_1828-30_40__02.xml,https://weburn.kb.se/riks/ståndsriksdagen/pdf/roa_1828-30_40_/roa_1828-30_40__02.pdf,https://weburn.kb.se/riks/metadata/05/21799405.html,1828
roa_1828-30_42_,Om riksdagstrycket,adel,1828,1828,https://weburn.kb.se/riks/ståndsriksdagen/xml/roa_1828-30_42_/roa_1828-30_42_.xml,https://weburn.kb.se/riks/ståndsriksdagen/pdf/roa_1828-30_42_/roa_1828-30_42_.pdf,https://weburn.kb.se/riks/metadata/07/21799407.html,1828
roa_1828-30_45__01,Om riksdagstrycket,adel,1828,1828,https://weburn.kb.se/riks/ståndsriksdagen/xml/roa_1828-30_45_/roa_1828-30_45__01.xml,https://weburn.kb.se/riks/ståndsriksdagen/pdf/roa_1828-30_45_/roa_1828-30_45__01.pdf,https://weburn.kb.se/riks/metadata/10/21799410.html,1828
roa_1828-30_45__02,Om riksdagstrycket,adel,1828,1828,https://weburn.kb.se/riks/ståndsriksdagen/xml/roa_1828-30_45_/roa_1828-30_45__02.xml,https://weburn.kb.se/riks/ståndsriksdagen/pdf/roa_1828-30_45_/roa_1828-30_45__02.pdf,https://weburn.kb.se/riks/metadata/10/21799410.html,1828
roa_1828-30_44__01,Om riksdagstrycket,adel,1828,1828,https://weburn.kb.se/riks/ståndsriksdagen/xml/roa_1828-30_44_/roa_1828-30_44__01.xml,https://weburn.kb.se/riks/ståndsriksdagen/pdf/roa_1828-30_44_/roa_1828-30_44__01.pdf,https://weburn.kb.se/riks/metadata/09/21799409.html,1828
roa_1828-30_44__02,Om riksdagstrycket,adel,1828,1828,https://weburn.kb.se/riks/ståndsriksdagen/xml/roa_1828-30_44_/roa_1828-30_44__02.xml,https://weburn.kb.se/riks/ståndsriksdagen/pdf/roa_1828-30_44_/roa_1828-30_44__02.pdf,https://weburn.kb.se/riks/metadata/09/21799409.html,1828
roa_1828-30_41_,Om riksdagstrycket,adel,1828,1828,https://weburn.kb.se/riks/ståndsriksdagen/xml/roa_1828-30_41_/roa_1828-30_41_.xml,https://weburn.kb.se/riks/ståndsriksdagen/pdf/roa_1828-30_41_/roa_1828-30_41_.pdf,https://weburn.kb.se/riks/metadata/06/21799406.html,1828
roa_1828-30_49_,Om riksdagstrycket,adel,1828,1828,https://weburn.kb.se/riks/ståndsriksdagen/xml/roa_1828-30_49_/roa_1828-30_49_.xml,https://weburn.kb.se/riks/ståndsriksdagen/pdf/roa_1828-30_49_/roa_1828-30_49_.pdf,https://weburn.kb.se/riks/metadata/14/21799414.html,1828
roa_1828-30_46__01,Om riksdagstrycket,adel,1828,1828,https://weburn.kb.se/riks/ståndsriksdagen/xml/roa_1828-30_46_/roa_1828-30_46__01.xml,https://weburn.kb.se/riks/ståndsriksdagen/pdf/roa_1828-30_46_/roa_1828-30_46__01.pdf,https://weburn.kb.se/riks/metadata/11/21799411.html,1828
roa_1828-30_46__02,Om riksdagstrycket,adel,1828,1828,https://weburn.kb.se/riks/ståndsriksdagen/xml/roa_1828-30_46_/roa_1828-30_46__02.xml,https://weburn.kb.se/riks/ståndsriksdagen/pdf/roa_1828-30_46_/roa_1828-30_46__02.pdf,https://weburn.kb.se/riks/metadata/11/21799411.html,1828
roa_1828-30_47__01,Om riksdagstrycket,adel,1828,1828,https://weburn.kb.se/riks/ståndsriksdagen/xml/roa_1828-30_47_/roa_1828-30_47__01.xml,https://weburn.kb.se/riks/ståndsriksdagen/pdf/roa_1828-30_47_/roa_1828-30_47__01.pdf,https://weburn.kb.se/riks/metadata/12/21799412.html,1828
roa_1828-30_47__02,Om riksdagstrycket,adel,1828,1828,https://weburn.kb.se/riks/ståndsriksdagen/xml/roa_1828-30_47_/roa_1828-30_47__02.xml,https://weburn.kb.se/riks/ståndsriksdagen/pdf/roa_1828-30_47_/roa_1828-30_47__02.pdf,https://weburn.kb.se/riks/metadata/12/21799412.html,1828
roa_1828-30_43_,Om riksdagstrycket,adel,1828,1828,https://weburn.kb.se/riks/ståndsriksdagen/xml/roa_1828-30_43_/roa_1828-30_43_.xml,https://weburn.kb.se/riks/ståndsriksdagen/pdf/roa_1828-30_43_/roa_1828-30_43_.pdf,https://weburn.kb.se/riks/metadata/08/21799408.html,1828
roa_1828-30_48__01,Om riksdagstrycket,adel,1828,1828,https://weburn.kb.se/riks/ståndsriksdagen/xml/roa_1828-30_48_/roa_1828-30_48__01.xml,https://weburn.kb.se/riks/ståndsriksdagen/pdf/roa_1828-30_48_/roa_1828-30_48__01.pdf,https://weburn.kb.se/riks/metadata/13/21799413.html,1828
roa_1828-30_48__02,Om riksdagstrycket,adel,1828,1828,https://weburn.kb.se/riks/ståndsriksdagen/xml/roa_1828-30_48_/roa_1828-30_48__02.xml,https://weburn.kb.se/riks/ståndsriksdagen/pdf/roa_1828-30_48_/roa_1828-30_48__02.pdf,https://weburn.kb.se/riks/metadata/13/21799413.html,1828
roa_1828-30_9__01,Om riksdagstrycket,adel,1828,1828,https://weburn.kb.se/riks/ståndsriksdagen/xml/roa_1828-30_9_/roa_1828-30_9__01.xml,https://weburn.kb.se/riks/ståndsriksdagen/pdf/roa_1828-30_9_/roa_1828-30_9__01.pdf,https://weburn.kb.se/riks/metadata/36/21799436.html,1828
roa_1828-30_9__02,Om riksdagstrycket,adel,1828,1828,https://weburn.kb.se/riks/ståndsriksdagen/xml/roa_1828-30_9_/roa_1828-30_9__02.xml,https://weburn.kb.se/riks/ståndsriksdagen/pdf/roa_1828-30_9_/roa_1828-30_9__02.pdf,https://weburn.kb.se/riks/metadata/36/21799436.html,1828
roa_1828-30_19__01,Om riksdagstrycket,adel,1828,1828,https://weburn.kb.se/riks/ståndsriksdagen/xml/roa_1828-30_19_/roa_1828-30_19__01.xml,https://weburn.kb.se/riks/ståndsriksdagen/pdf/roa_1828-30_19_/roa_1828-30_19__01.pdf,https://weburn.kb.se/riks/metadata/81/21799381.html,1828
roa_1828-30_19__02,Om riksdagstrycket,adel,1828,1828,https://weburn.kb.se/riks/ståndsriksdagen/xml/roa_1828-30_19_/roa_1828-30_19__02.xml,https://weburn.kb.se/riks/ståndsriksdagen/pdf/roa_1828-30_19_/roa_1828-30_19__02.pdf,https://weburn.kb.se/riks/metadata/81/21799381.html,1828
roa_1828-30_16__01,Om riksdagstrycket,adel,1828,1828,https://weburn.kb.se/riks/ståndsriksdagen/xml/roa_1828-30_16_/roa_1828-30_16__01.xml,https://weburn.kb.se/riks/ståndsriksdagen/pdf/roa_1828-30_16_/roa_1828-30_16__01.pdf,https://weburn.kb.se/riks/metadata/78/21799378.html,1828
roa_1828-30_16__02,Om riksdagstrycket,adel,1828,1828,https://weburn.kb.se/riks/ståndsriksdagen/xml/roa_1828-30_16_/roa_1828-30_16__02.xml,https://weburn.kb.se/riks/ståndsriksdagen/pdf/roa_1828-30_16_/roa_1828-30_16__02.pdf,https://weburn.kb.se/riks/metadata/78/21799378.html,1828
roa_1828-30_17__01,Om riksdagstrycket,adel,1828,1828,https://weburn.kb.se/riks/ståndsriksdagen/xml/roa_1828-30_17_/roa_1828-30_17__01.xml,https://weburn.kb.se/riks/ståndsriksdagen/pdf/roa_1828-30_17_/roa_1828-30_17__01.pdf,https://weburn.kb.se/riks/metadata/79/21799379.html,1828
roa_1828-30_17__02,Om riksdagstrycket,adel,1828,1828,https://weburn.kb.se/riks/ståndsriksdagen/xml/roa_1828-30_17_/roa_1828-30_17__02.xml,https://weburn.kb.se/riks/ståndsriksdagen/pdf/roa_1828-30_17_/roa_1828-30_17__02.pdf,https://weburn.kb.se/riks/metadata/79/21799379.html,1828
roa_1828-30_10__01,Om riksdagstrycket,adel,1828,1828,https://weburn.kb.se/riks/ståndsriksdagen/xml/roa_1828-30_10_/roa_1828-30_10__01.xml,https://weburn.kb.se/riks/ståndsriksdagen/pdf/roa_1828-30_10_/roa_1828-30_10__01.pdf,https://weburn.kb.se/riks/metadata/72/21799372.html,1828
roa_1828-30_10__02,Om riksdagstrycket,adel,1828,1828,https://weburn.kb.se/riks/ståndsriksdagen/xml/roa_1828-30_10_/roa_1828-30_10__02.xml,https://weburn.kb.se/riks/ståndsriksdagen/pdf/roa_1828-30_10_/roa_1828-30_10__02.pdf,https://weburn.kb.se/riks/metadata/72/21799372.html,1828
roa_1828-30_20_,Om riksdagstrycket,adel,1828,1828,https://weburn.kb.se/riks/ståndsriksdagen/xml/roa_1828-30_20_/roa_1828-30_20_.xml,https://weburn.kb.se/riks/ståndsriksdagen/pdf/roa_1828-30_20_/roa_1828-30_20_.pdf,https://weburn.kb.se/riks/metadata/83/21799383.html,1828
roa_1828-30_22_,Om riksdagstrycket,adel,1828,1828,https://weburn.kb.se/riks/ståndsriksdagen/xml/roa_1828-30_22_/roa_1828-30_22_.xml,https://weburn.kb.se/riks/ståndsriksdagen/pdf/roa_1828-30_22_/roa_1828-30_22_.pdf,https://weburn.kb.se/riks/metadata/85/21799385.html,1828
roa_1828-30_25_,Om riksdagstrycket,adel,1828,1828,https://weburn.kb.se/riks/ståndsriksdagen/xml/roa_1828-30_25_/roa_1828-30_25_.xml,https://weburn.kb.se/riks/ståndsriksdagen/pdf/roa_1828-30_25_/roa_1828-30_25_.pdf,https://weburn.kb.se/riks/metadata/88/21799388.html,1828
roa_1828-30_24__01,Om riksdagstrycket,adel,1828,1828,https://weburn.kb.se/riks/ståndsriksdagen/xml/roa_1828-30_24_/roa_1828-30_24__01.xml,https://weburn.kb.se/riks/ståndsriksdagen/pdf/roa_1828-30_24_/roa_1828-30_24__01.pdf,https://weburn.kb.se/riks/metadata/87/21799387.html,1828
roa_1828-30_24__02,Om riksdagstrycket,adel,1828,1828,https://weburn.kb.se/riks/ståndsriksdagen/xml/roa_1828-30_24_/roa_1828-30_24__02.xml,https://weburn.kb.se/riks/ståndsriksdagen/pdf/roa_1828-30_24_/roa_1828-30_24__02.pdf,https://weburn.kb.se/riks/metadata/87/21799387.html,1828
roa_1828-30_21_,Om riksdagstrycket,adel,1828,1828,https://weburn.kb.se/riks/ståndsriksdagen/xml/roa_1828-30_21_/roa_1828-30_21_.xml,https://weburn.kb.se/riks/ståndsriksdagen/pdf/roa_1828-30_21_/roa_1828-30_21_.pdf,https://weburn.kb.se/riks/metadata/84/21799384.html,1828
roa_1828-30_29_,Om riksdagstrycket,adel,1828,1828,https://weburn.kb.se/riks/ståndsriksdagen/xml/roa_1828-30_29_/roa_1828-30_29_.xml,https://weburn.kb.se/riks/ståndsriksdagen/pdf/roa_1828-30_29_/roa_1828-30_29_.pdf,https://weburn.kb.se/riks/metadata/92/21799392.html,1828
roa_1828-30_26__01,Om riksdagstrycket,adel,1828,1828,https://weburn.kb.se/riks/ståndsriksdagen/xml/roa_1828-30_26_/roa_1828-30_26__01.xml,https://weburn.kb.se/riks/ståndsriksdagen/pdf/roa_1828-30_26_/roa_1828-30_26__01.pdf,https://weburn.kb.se/riks/metadata/89/21799389.html,1828
roa_1828-30_26__02,Om riksdagstrycket,adel,1828,1828,https://weburn.kb.se/riks/ståndsriksdagen/xml/roa_1828-30_26_/roa_1828-30_26__02.xml,https://weburn.kb.se/riks/ståndsriksdagen/pdf/roa_1828-30_26_/roa_1828-30_26__02.pdf,https://weburn.kb.se/riks/metadata/89/21799389.html,1828
roa_1828-30_27__01,Om riksdagstrycket,adel,1828,1828,https://weburn.kb.se/riks/ståndsriksdagen/xml/roa_1828-30_27_/roa_1828-30_27__01.xml,https://weburn.kb.se/riks/ståndsriksdagen/pdf/roa_1828-30_27_/roa_1828-30_27__01.pdf,https://weburn.kb.se/riks/metadata/90/21799390.html,1828
roa_1828-30_27__02,Om riksdagstrycket,adel,1828,1828,https://weburn.kb.se/riks/ståndsriksdagen/xml/roa_1828-30_27_/roa_1828-30_27__02.xml,https://weburn.kb.se/riks/ståndsriksdagen/pdf/roa_1828-30_27_/roa_1828-30_27__02.pdf,https://weburn.kb.se/riks/metadata/90/21799390.html,1828
roa_1828-30_23_,Om riksdagstrycket,adel,1828,1828,https://weburn.kb.se/riks/ståndsriksdagen/xml/roa_1828-30_23_/roa_1828-30_23_.xml,https://weburn.kb.se/riks/ståndsriksdagen/pdf/roa_1828-30_23_/roa_1828-30_23_.pdf,https://weburn.kb.se/riks/metadata/86/21799386.html,1828
roa_1828-30_28__01,Om riksdagstrycket,adel,1828,1828,https://weburn.kb.se/riks/ståndsriksdagen/xml/roa_1828-30_28_/roa_1828-30_28__01.xml,https://weburn.kb.se/riks/ståndsriksdagen/pdf/roa_1828-30_28_/roa_1828-30_28__01.pdf,https://weburn.kb.se/riks/metadata/91/21799391.html,1828
roa_1828-30_28__02,Om riksdagstrycket,adel,1828,1828,https://weburn.kb.se/riks/ståndsriksdagen/xml/roa_1828-30_28_/roa_1828-30_28__02.xml,https://weburn.kb.se/riks/ståndsriksdagen/pdf/roa_1828-30_28_/roa_1828-30_28__02.pdf,https://weburn.kb.se/riks/metadata/91/21799391.html,1828
roa_1828-30_12__01,Om riksdagstrycket,adel,1828,1828,https://weburn.kb.se/riks/ståndsriksdagen/xml/roa_1828-30_12_/roa_1828-30_12__01.xml,https://weburn.kb.se/riks/ståndsriksdagen/pdf/roa_1828-30_12_/roa_1828-30_12__01.pdf,https://weburn.kb.se/riks/metadata/74/21799374.html,1828
roa_1828-30_12__02,Om riksdagstrycket,adel,1828,1828,https://weburn.kb.se/riks/ståndsriksdagen/xml/roa_1828-30_12_/roa_1828-30_12__02.xml,https://weburn.kb.se/riks/ståndsriksdagen/pdf/roa_1828-30_12_/roa_1828-30_12__02.pdf,https://weburn.kb.se/riks/metadata/74/21799374.html,1828
roa_1828-30_30_,Om riksdagstrycket,adel,1828,1828,https://weburn.kb.se/riks/ståndsriksdagen/xml/roa_1828-30_30_/roa_1828-30_30_.xml,https://weburn.kb.se/riks/ståndsriksdagen/pdf/roa_1828-30_30_/roa_1828-30_30_.pdf,https://weburn.kb.se/riks/metadata/74/22075274.html,1828
roa_1828-30_32_,Om riksdagstrycket,adel,1828,1828,https://weburn.kb.se/riks/ståndsriksdagen/xml/roa_1828-30_32_/roa_1828-30_32_.xml,https://weburn.kb.se/riks/ståndsriksdagen/pdf/roa_1828-30_32_/roa_1828-30_32_.pdf,https://weburn.kb.se/riks/metadata/96/21799396.html,1828
roa_1828-30_35_,Om riksdagstrycket,adel,1828,1828,https://weburn.kb.se/riks/ståndsriksdagen/xml/roa_1828-30_35_/roa_1828-30_35_.xml,https://weburn.kb.se/riks/ståndsriksdagen/pdf/roa_1828-30_35_/roa_1828-30_35_.pdf,https://weburn.kb.se/riks/metadata/99/21799399.html,1828
roa_1828-30_34_,Om riksdagstrycket,adel,1828,1828,https://weburn.kb.se/riks/ståndsriksdagen/xml/roa_1828-30_34_/roa_1828-30_34_.xml,https://weburn.kb.se/riks/ståndsriksdagen/pdf/roa_1828-30_34_/roa_1828-30_34_.pdf,https://weburn.kb.se/riks/metadata/98/21799398.html,1828
roa_1828-30_31_,Om riksdagstrycket,adel,1828,1828,https://weburn.kb.se/riks/ståndsriksdagen/xml/roa_1828-30_31_/roa_1828-30_31_.xml,https://weburn.kb.se/riks/ståndsriksdagen/pdf/roa_1828-30_31_/roa_1828-30_31_.pdf,https://weburn.kb.se/riks/metadata/95/21799395.html,1828
roa_1828-30_39_,Om riksdagstrycket,adel,1828,1828,https://weburn.kb.se/riks/ståndsriksdagen/xml/roa_1828-30_39_/roa_1828-30_39_.xml,https://weburn.kb.se/riks/ståndsriksdagen/pdf/roa_1828-30_39_/roa_1828-30_39_.pdf,https://weburn.kb.se/riks/metadata/03/21799403.html,1828
roa_1828-30_36_,Om riksdagstrycket,adel,1828,1828,https://weburn.kb.se/riks/ståndsriksdagen/xml/roa_1828-30_36_/roa_1828-30_36_.xml,https://weburn.kb.se/riks/ståndsriksdagen/pdf/roa_1828-30_36_/roa_1828-30_36_.pdf,https://weburn.kb.se/riks/metadata/00/21799400.html,1828
roa_1828-30_37_,Om riksdagstrycket,adel,1828,1828,https://weburn.kb.se/riks/ståndsriksdagen/xml/roa_1828-30_37_/roa_1828-30_37_.xml,https://weburn.kb.se/riks/ståndsriksdagen/pdf/roa_1828-30_37_/roa_1828-30_37_.pdf,https://weburn.kb.se/riks/metadata/01/21799401.html,1828
roa_1828-30_33__01,Om riksdagstrycket,adel,1828,1828,https://weburn.kb.se/riks/ståndsriksdagen/xml/roa_1828-30_33_/roa_1828-30_33__01.xml,https://weburn.kb.se/riks/ståndsriksdagen/pdf/roa_1828-30_33_/roa_1828-30_33__01.pdf,https://weburn.kb.se/riks/metadata/97/21799397.html,1828
roa_1828-30_33__02,Om riksdagstrycket,adel,1828,1828,https://weburn.kb.se/riks/ståndsriksdagen/xml/roa_1828-30_33_/roa_1828-30_33__02.xml,https://weburn.kb.se/riks/ståndsriksdagen/pdf/roa_1828-30_33_/roa_1828-30_33__02.pdf,https://weburn.kb.se/riks/metadata/97/21799397.html,1828
roa_1828-30_38_,Om riksdagstrycket,adel,1828,1828,https://weburn.kb.se/riks/ståndsriksdagen/xml/roa_1828-30_38_/roa_1828-30_38_.xml,https://weburn.kb.se/riks/ståndsriksdagen/pdf/roa_1828-30_38_/roa_1828-30_38_.pdf,https://weburn.kb.se/riks/metadata/02/21799402.html,1828
roa_1828-30_13_,Om riksdagstrycket,adel,1828,1828,https://weburn.kb.se/riks/ståndsriksdagen/xml/roa_1828-30_13_/roa_1828-30_13_.xml,https://weburn.kb.se/riks/ståndsriksdagen/pdf/roa_1828-30_13_/roa_1828-30_13_.pdf,https://weburn.kb.se/riks/metadata/75/21799375.html,1828
roa_1828-30_55_,Om riksdagstrycket,adel,1828,1828,https://weburn.kb.se/riks/ståndsriksdagen/xml/roa_1828-30_55_/roa_1828-30_55_.xml,https://weburn.kb.se/riks/ståndsriksdagen/pdf/roa_1828-30_55_/roa_1828-30_55_.pdf,https://weburn.kb.se/riks/metadata/21/21799421.html,1828
roa_1828-30_59__01,Om riksdagstrycket,adel,1828,1828,https://weburn.kb.se/riks/ståndsriksdagen/xml/roa_1828-30_59_/roa_1828-30_59__01.xml,https://weburn.kb.se/riks/ståndsriksdagen/pdf/roa_1828-30_59_/roa_1828-30_59__01.pdf,https://weburn.kb.se/riks/metadata/25/21799425.html,1828
roa_1828-30_59__02,Om riksdagstrycket,adel,1828,1828,https://weburn.kb.se/riks/ståndsriksdagen/xml/roa_1828-30_59_/roa_1828-30_59__02.xml,https://weburn.kb.se/riks/ståndsriksdagen/pdf/roa_1828-30_59_/roa_1828-30_59__02.pdf,https://weburn.kb.se/riks/metadata/25/21799425.html,1828
roa_1828-30_56_,Om riksdagstrycket,adel,1828,1828,https://weburn.kb.se/riks/ståndsriksdagen/xml/roa_1828-30_56_/roa_1828-30_56_.xml,https://weburn.kb.se/riks/ståndsriksdagen/pdf/roa_1828-30_56_/roa_1828-30_56_.pdf,https://weburn.kb.se/riks/metadata/22/21799422.html,1828
roa_1828-30_57_,Om riksdagstrycket,adel,1828,1828,https://weburn.kb.se/riks/ståndsriksdagen/xml/roa_1828-30_57_/roa_1828-30_57_.xml,https://weburn.kb.se/riks/ståndsriksdagen/pdf/roa_1828-30_57_/roa_1828-30_57_.pdf,https://weburn.kb.se/riks/metadata/23/21799423.html,1828
roa_1828-30_58__01,Om riksdagstrycket,adel,1828,1828,https://weburn.kb.se/riks/ståndsriksdagen/xml/roa_1828-30_58_/roa_1828-30_58__01.xml,https://weburn.kb.se/riks/ståndsriksdagen/pdf/roa_1828-30_58_/roa_1828-30_58__01.pdf,https://weburn.kb.se/riks/metadata/24/21799424.html,1828
roa_1828-30_58__02,Om riksdagstrycket,adel,1828,1828,https://weburn.kb.se/riks/ståndsriksdagen/xml/roa_1828-30_58_/roa_1828-30_58__02.xml,https://weburn.kb.se/riks/ståndsriksdagen/pdf/roa_1828-30_58_/roa_1828-30_58__02.pdf,https://weburn.kb.se/riks/metadata/24/21799424.html,1828
roa_1828-30_60_,Om riksdagstrycket,adel,1828,1828,https://weburn.kb.se/riks/ståndsriksdagen/xml/roa_1828-30_60_/roa_1828-30_60_.xml,https://weburn.kb.se/riks/ståndsriksdagen/pdf/roa_1828-30_60_/roa_1828-30_60_.pdf,https://weburn.kb.se/riks/metadata/27/21799427.html,1828
roa_1828-30_62_,Om riksdagstrycket,adel,1828,1828,https://weburn.kb.se/riks/ståndsriksdagen/xml/roa_1828-30_62_/roa_1828-30_62_.xml,https://weburn.kb.se/riks/ståndsriksdagen/pdf/roa_1828-30_62_/roa_1828-30_62_.pdf,https://weburn.kb.se/riks/metadata/29/21799429.html,1828
roa_1828-30_65__01,Om riksdagstrycket,adel,1828,1828,https://weburn.kb.se/riks/ståndsriksdagen/xml/roa_1828-30_65_/roa_1828-30_65__01.xml,https://weburn.kb.se/riks/ståndsriksdagen/pdf/roa_1828-30_65_/roa_1828-30_65__01.pdf,https://weburn.kb.se/riks/metadata/32/21799432.html,1828
roa_1828-30_65__02,Om riksdagstrycket,adel,1828,1828,https://weburn.kb.se/riks/ståndsriksdagen/xml/roa_1828-30_65_/roa_1828-30_65__02.xml,https://weburn.kb.se/riks/ståndsriksdagen/pdf/roa_1828-30_65_/roa_1828-30_65__02.pdf,https://weburn.kb.se/riks/metadata/32/21799432.html,1828
roa_1828-30_64__01,Om riksdagstrycket,adel,1828,1828,https://weburn.kb.se/riks/ståndsriksdagen/xml/roa_1828-30_64_/roa_1828-30_64__01.xml,https://weburn.kb.se/riks/ståndsriksdagen/pdf/roa_1828-30_64_/roa_1828-30_64__01.pdf,https://weburn.kb.se/riks/metadata/31/21799431.html,1828
roa_1828-30_64__02,Om riksdagstrycket,adel,1828,1828,https://weburn.kb.se/riks/ståndsriksdagen/xml/roa_1828-30_64_/roa_1828-30_64__02.xml,https://weburn.kb.se/riks/ståndsriksdagen/pdf/roa_1828-30_64_/roa_1828-30_64__02.pdf,https://weburn.kb.se/riks/metadata/31/21799431.html,1828
roa_1828-30_61__01,Om riksdagstrycket,adel,1828,1828,https://weburn.kb.se/riks/ståndsriksdagen/xml/roa_1828-30_61_/roa_1828-30_61__01.xml,https://weburn.kb.se/riks/ståndsriksdagen/pdf/roa_1828-30_61_/roa_1828-30_61__01.pdf,https://weburn.kb.se/riks/metadata/28/21799428.html,1828
roa_1828-30_61__02,Om riksdagstrycket,adel,1828,1828,https://weburn.kb.se/riks/ståndsriksdagen/xml/roa_1828-30_61_/roa_1828-30_61__02.xml,https://weburn.kb.se/riks/ståndsriksdagen/pdf/roa_1828-30_61_/roa_1828-30_61__02.pdf,https://weburn.kb.se/riks/metadata/28/21799428.html,1828
roa_1828-30_66__01,Om riksdagstrycket,adel,1828,1828,https://weburn.kb.se/riks/ståndsriksdagen/xml/roa_1828-30_66_/roa_1828-30_66__01.xml,https://weburn.kb.se/riks/ståndsriksdagen/pdf/roa_1828-30_66_/roa_1828-30_66__01.pdf,https://weburn.kb.se/riks/metadata/33/21799433.html,1828
roa_1828-30_66__02,Om riksdagstrycket,adel,1828,1828,https://weburn.kb.se/riks/ståndsriksdagen/xml/roa_1828-30_66_/roa_1828-30_66__02.xml,https://weburn.kb.se/riks/ståndsriksdagen/pdf/roa_1828-30_66_/roa_1828-30_66__02.pdf,https://weburn.kb.se/riks/metadata/33/21799433.html,1828
roa_1828-30_63_,Om riksdagstrycket,adel,1828,1828,https://weburn.kb.se/riks/ståndsriksdagen/xml/roa_1828-30_63_/roa_1828-30_63_.xml,https://weburn.kb.se/riks/ståndsriksdagen/pdf/roa_1828-30_63_/roa_1828-30_63_.pdf,https://weburn.kb.se/riks/metadata/30/21799430.html,1828
pr_1828-30_1__01,Om riksdagstrycket,praster,1828,1828,https://weburn.kb.se/riks/ståndsriksdagen/xml/pr_1828-30_1_/pr_1828-30_1__01.xml,https://weburn.kb.se/riks/ståndsriksdagen/pdf/pr_1828-30_1_/pr_1828-30_1__01.pdf,https://weburn.kb.se/riks/metadata/16/21799016.html,1828
pr_1828-30_1__02,Om riksdagstrycket,praster,1828,1828,https://weburn.kb.se/riks/ståndsriksdagen/xml/pr_1828-30_1_/pr_1828-30_1__02.xml,https://weburn.kb.se/riks/ståndsriksdagen/pdf/pr_1828-30_1_/pr_1828-30_1__02.pdf,https://weburn.kb.se/riks/metadata/16/21799016.html,1828
pr_1828-30_1__03,Om riksdagstrycket,praster,1828,1828,https://weburn.kb.se/riks/ståndsriksdagen/xml/pr_1828-30_1_/pr_1828-30_1__03.xml,https://weburn.kb.se/riks/ståndsriksdagen/pdf/pr_1828-30_1_/pr_1828-30_1__03.pdf,https://weburn.kb.se/riks/metadata/16/21799016.html,1828
pr_1828-30_2__01,Om riksdagstrycket,praster,1828,1828,https://weburn.kb.se/riks/ståndsriksdagen/xml/pr_1828-30_2_/pr_1828-30_2__01.xml,https://weburn.kb.se/riks/ståndsriksdagen/pdf/pr_1828-30_2_/pr_1828-30_2__01.pdf,https://weburn.kb.se/riks/metadata/30/21799030.html,1828
pr_1828-30_2__02,Om riksdagstrycket,praster,1828,1828,https://weburn.kb.se/riks/ståndsriksdagen/xml/pr_1828-30_2_/pr_1828-30_2__02.xml,https://weburn.kb.se/riks/ståndsriksdagen/pdf/pr_1828-30_2_/pr_1828-30_2__02.pdf,https://weburn.kb.se/riks/metadata/30/21799030.html,1828
pr_1828-30_2__03,Om riksdagstrycket,praster,1828,1828,https://weburn.kb.se/riks/ståndsriksdagen/xml/pr_1828-30_2_/pr_1828-30_2__03.xml,https://weburn.kb.se/riks/ståndsriksdagen/pdf/pr_1828-30_2_/pr_1828-30_2__03.pdf,https://weburn.kb.se/riks/metadata/30/21799030.html,1828
pr_1828-30_8_,Om riksdagstrycket,praster,1828,1828,https://weburn.kb.se/riks/ståndsriksdagen/xml/pr_1828-30_8_/pr_1828-30_8_.xml,https://weburn.kb.se/riks/ståndsriksdagen/pdf/pr_1828-30_8_/pr_1828-30_8_.pdf,https://weburn.kb.se/riks/metadata/36/21799036.html,1828
pr_1828-30_11_,Om riksdagstrycket,praster,1828,1828,https://weburn.kb.se/riks/ståndsriksdagen/xml/pr_1828-30_11_/pr_1828-30_11_.xml,https://weburn.kb.se/riks/ståndsriksdagen/pdf/pr_1828-30_11_/pr_1828-30_11_.pdf,https://weburn.kb.se/riks/metadata/21/21799021.html,1828
pr_1828-30_5__01,Om riksdagstrycket,praster,1828,1828,https://weburn.kb.se/riks/ståndsriksdagen/xml/pr_1828-30_5_/pr_1828-30_5__01.xml,https://weburn.kb.se/riks/ståndsriksdagen/pdf/pr_1828-30_5_/pr_1828-30_5__01.pdf,https://weburn.kb.se/riks/metadata/33/21799033.html,1828
pr_1828-30_5__02,Om riksdagstrycket,praster,1828,1828,https://weburn.kb.se/riks/ståndsriksdagen/xml/pr_1828-30_5_/pr_1828-30_5__02.xml,https://weburn.kb.se/riks/ståndsriksdagen/pdf/pr_1828-30_5_/pr_1828-30_5__02.pdf,https://weburn.kb.se/riks/metadata/33/21799033.html,1828
pr_1828-30_4__01,Om riksdagstrycket,praster,1828,1828,https://weburn.kb.se/riks/ståndsriksdagen/xml/pr_1828-30_4_/pr_1828-30_4__01.xml,https://weburn.kb.se/riks/ståndsriksdagen/pdf/pr_1828-30_4_/pr_1828-30_4__01.pdf,https://weburn.kb.se/riks/metadata/32/21799032.html,1828
pr_1828-30_4__02,Om riksdagstrycket,praster,1828,1828,https://weburn.kb.se/riks/ståndsriksdagen/xml/pr_1828-30_4_/pr_1828-30_4__02.xml,https://weburn.kb.se/riks/ståndsriksdagen/pdf/pr_1828-30_4_/pr_1828-30_4__02.pdf,https://weburn.kb.se/riks/metadata/32/21799032.html,1828
pr_1828-30_9__01,Om riksdagstrycket,praster,1828,1828,https://weburn.kb.se/riks/ståndsriksdagen/xml/pr_1828-30_9_/pr_1828-30_9__01.xml,https://weburn.kb.se/riks/ståndsriksdagen/pdf/pr_1828-30_9_/pr_1828-30_9__01.pdf,https://weburn.kb.se/riks/metadata/37/21799037.html,1828
pr_1828-30_9__02,Om riksdagstrycket,praster,1828,1828,https://weburn.kb.se/riks/ståndsriksdagen/xml/pr_1828-30_9_/pr_1828-30_9__02.xml,https://weburn.kb.se/riks/ståndsriksdagen/pdf/pr_1828-30_9_/pr_1828-30_9__02.pdf,https://weburn.kb.se/riks/metadata/37/21799037.html,1828
pr_1828-30_6__01,Om riksdagstrycket,praster,1828,1828,https://weburn.kb.se/riks/ståndsriksdagen/xml/pr_1828-30_6_/pr_1828-30_6__01.xml,https://weburn.kb.se/riks/ståndsriksdagen/pdf/pr_1828-30_6_/pr_1828-30_6__01.pdf,https://weburn.kb.se/riks/metadata/34/21799034.html,1828
pr_1828-30_6__02,Om riksdagstrycket,praster,1828,1828,https://weburn.kb.se/riks/ståndsriksdagen/xml/pr_1828-30_6_/pr_1828-30_6__02.xml,https://weburn.kb.se/riks/ståndsriksdagen/pdf/pr_1828-30_6_/pr_1828-30_6__02.pdf,https://weburn.kb.se/riks/metadata/34/21799034.html,1828
pr_1828-30_7__01,Om riksdagstrycket,praster,1828,1828,https://weburn.kb.se/riks/ståndsriksdagen/xml/pr_1828-30_7_/pr_1828-30_7__01.xml,https://weburn.kb.se/riks/ståndsriksdagen/pdf/pr_1828-30_7_/pr_1828-30_7__01.pdf,https://weburn.kb.se/riks/metadata/35/21799035.html,1828
pr_1828-30_7__02,Om riksdagstrycket,praster,1828,1828,https://weburn.kb.se/riks/ståndsriksdagen/xml/pr_1828-30_7_/pr_1828-30_7__02.xml,https://weburn.kb.se/riks/ståndsriksdagen/pdf/pr_1828-30_7_/pr_1828-30_7__02.pdf,https://weburn.kb.se/riks/metadata/35/21799035.html,1828
pr_1828-30_10__01,Om riksdagstrycket,praster,1828,1828,https://weburn.kb.se/riks/ståndsriksdagen/xml/pr_1828-30_10_/pr_1828-30_10__01.xml,https://weburn.kb.se/riks/ståndsriksdagen/pdf/pr_1828-30_10_/pr_1828-30_10__01.pdf,https://weburn.kb.se/riks/metadata/17/21799017.html,1828
pr_1828-30_10__02,Om riksdagstrycket,praster,1828,1828,https://weburn.kb.se/riks/ståndsriksdagen/xml/pr_1828-30_10_/pr_1828-30_10__02.xml,https://weburn.kb.se/riks/ståndsriksdagen/pdf/pr_1828-30_10_/pr_1828-30_10__02.pdf,https://weburn.kb.se/riks/metadata/17/21799017.html,1828
pr_1828-30_10__03,Om riksdagstrycket,praster,1828,1828,https://weburn.kb.se/riks/ståndsriksdagen/xml/pr_1828-30_10_/pr_1828-30_10__03.xml,https://weburn.kb.se/riks/ståndsriksdagen/pdf/pr_1828-30_10_/pr_1828-30_10__03.pdf,https://weburn.kb.se/riks/metadata/17/21799017.html,1828
pr_1828-30_12__01,Om riksdagstrycket,praster,1828,1828,https://weburn.kb.se/riks/ståndsriksdagen/xml/pr_1828-30_12_/pr_1828-30_12__01.xml,https://weburn.kb.se/riks/ståndsriksdagen/pdf/pr_1828-30_12_/pr_1828-30_12__01.pdf,https://weburn.kb.se/riks/metadata/24/21799024.html,1828
pr_1828-30_12__02,Om riksdagstrycket,praster,1828,1828,https://weburn.kb.se/riks/ståndsriksdagen/xml/pr_1828-30_12_/pr_1828-30_12__02.xml,https://weburn.kb.se/riks/ståndsriksdagen/pdf/pr_1828-30_12_/pr_1828-30_12__02.pdf,https://weburn.kb.se/riks/metadata/24/21799024.html,1828
pr_1828-30_3__01,Om riksdagstrycket,praster,1828,1828,https://weburn.kb.se/riks/ståndsriksdagen/xml/pr_1828-30_3_/pr_1828-30_3__01.xml,https://weburn.kb.se/riks/ståndsriksdagen/pdf/pr_1828-30_3_/pr_1828-30_3__01.pdf,https://weburn.kb.se/riks/metadata/31/21799031.html,1828
pr_1828-30_3__02,Om riksdagstrycket,praster,1828,1828,https://weburn.kb.se/riks/ståndsriksdagen/xml/pr_1828-30_3_/pr_1828-30_3__02.xml,https://weburn.kb.se/riks/ståndsriksdagen/pdf/pr_1828-30_3_/pr_1828-30_3__02.pdf,https://weburn.kb.se/riks/metadata/31/21799031.html,1828
pr_1828-30_15__01,Om riksdagstrycket,praster,1828,1828,https://weburn.kb.se/riks/ståndsriksdagen/xml/pr_1828-30_15_/pr_1828-30_15__01.xml,https://weburn.kb.se/riks/ståndsriksdagen/pdf/pr_1828-30_15_/pr_1828-30_15__01.pdf,https://weburn.kb.se/riks/metadata/28/21799028.html,1828
pr_1828-30_15__02,Om riksdagstrycket,praster,1828,1828,https://weburn.kb.se/riks/ståndsriksdagen/xml/pr_1828-30_15_/pr_1828-30_15__02.xml,https://weburn.kb.se/riks/ståndsriksdagen/pdf/pr_1828-30_15_/pr_1828-30_15__02.pdf,https://weburn.kb.se/riks/metadata/28/21799028.html,1828
pr_1828-30_14__01,Om riksdagstrycket,praster,1828,1828,https://weburn.kb.se/riks/ståndsriksdagen/xml/pr_1828-30_14_/pr_1828-30_14__01.xml,https://weburn.kb.se/riks/ståndsriksdagen/pdf/pr_1828-30_14_/pr_1828-30_14__01.pdf,https://weburn.kb.se/riks/metadata/27/21799027.html,1828
pr_1828-30_14__02,Om riksdagstrycket,praster,1828,1828,https://weburn.kb.se/riks/ståndsriksdagen/xml/pr_1828-30_14_/pr_1828-30_14__02.xml,https://weburn.kb.se/riks/ståndsriksdagen/pdf/pr_1828-30_14_/pr_1828-30_14__02.pdf,https://weburn.kb.se/riks/metadata/27/21799027.html,1828
pr_1828-30_13__01,Om riksdagstrycket,praster,1828,1828,https://weburn.kb.se/riks/ståndsriksdagen/xml/pr_1828-30_13_/pr_1828-30_13__01.xml,https://weburn.kb.se/riks/ståndsriksdagen/pdf/pr_1828-30_13_/pr_1828-30_13__01.pdf,https://weburn.kb.se/riks/metadata/26/21799026.html,1828
pr_1828-30_13__02,Om riksdagstrycket,praster,1828,1828,https://weburn.kb.se/riks/ståndsriksdagen/xml/pr_1828-30_13_/pr_1828-30_13__02.xml,https://weburn.kb.se/riks/ståndsriksdagen/pdf/pr_1828-30_13_/pr_1828-30_13__02.pdf,https://weburn.kb.se/riks/metadata/26/21799026.html,1828
bg_1828-30_2__01,Om riksdagstrycket,borgare,1828,1828,https://weburn.kb.se/riks/ståndsriksdagen/xml/bg_1828-30_2_/bg_1828-30_2__01.xml,https://weburn.kb.se/riks/ståndsriksdagen/pdf/bg_1828-30_2_/bg_1828-30_2__01.pdf,https://weburn.kb.se/riks/metadata/87/21797887.html,1828
bg_1828-30_2__02,Om riksdagstrycket,borgare,1828,1828,https://weburn.kb.se/riks/ståndsriksdagen/xml/bg_1828-30_2_/bg_1828-30_2__02.xml,https://weburn.kb.se/riks/ståndsriksdagen/pdf/bg_1828-30_2_/bg_1828-30_2__02.pdf,https://weburn.kb.se/riks/metadata/87/21797887.html,1828
bg_1828-30_2__03,Om riksdagstrycket,borgare,1828,1828,https://weburn.kb.se/riks/ståndsriksdagen/xml/bg_1828-30_2_/bg_1828-30_2__03.xml,https://weburn.kb.se/riks/ståndsriksdagen/pdf/bg_1828-30_2_/bg_1828-30_2__03.pdf,https://weburn.kb.se/riks/metadata/87/21797887.html,1828
bg_1828-30_4__01,Om riksdagstrycket,borgare,1828,1828,https://weburn.kb.se/riks/ståndsriksdagen/xml/bg_1828-30_4_/bg_1828-30_4__01.xml,https://weburn.kb.se/riks/ståndsriksdagen/pdf/bg_1828-30_4_/bg_1828-30_4__01.pdf,https://weburn.kb.se/riks/metadata/91/21797891.html,1828
bg_1828-30_4__02,Om riksdagstrycket,borgare,1828,1828,https://weburn.kb.se/riks/ståndsriksdagen/xml/bg_1828-30_4_/bg_1828-30_4__02.xml,https://weburn.kb.se/riks/ståndsriksdagen/pdf/bg_1828-30_4_/bg_1828-30_4__02.pdf,https://weburn.kb.se/riks/metadata/91/21797891.html,1828
bg_1828-30_4__03,Om riksdagstrycket,borgare,1828,1828,https://weburn.kb.se/riks/ståndsriksdagen/xml/bg_1828-30_4_/bg_1828-30_4__03.xml,https://weburn.kb.se/riks/ståndsriksdagen/pdf/bg_1828-30_4_/bg_1828-30_4__03.pdf,https://weburn.kb.se/riks/metadata/91/21797891.html,1828
bg_1828-30_4__04,Om riksdagstrycket,borgare,1828,1828,https://weburn.kb.se/riks/ståndsriksdagen/xml/bg_1828-30_4_/bg_1828-30_4__04.xml,https://weburn.kb.se/riks/ståndsriksdagen/pdf/bg_1828-30_4_/bg_1828-30_4__04.pdf,https://weburn.kb.se/riks/metadata/91/21797891.html,1828
bg_1828-30_1__01,Om riksdagstrycket,borgare,1828,1828,https://weburn.kb.se/riks/ståndsriksdagen/xml/bg_1828-30_1_/bg_1828-30_1__01.xml,https://weburn.kb.se/riks/ståndsriksdagen/pdf/bg_1828-30_1_/bg_1828-30_1__01.pdf,https://weburn.kb.se/riks/metadata/85/21797885.html,1828
bg_1828-30_1__02,Om riksdagstrycket,borgare,1828,1828,https://weburn.kb.se/riks/ståndsriksdagen/xml/bg_1828-30_1_/bg_1828-30_1__02.xml,https://weburn.kb.se/riks/ståndsriksdagen/pdf/bg_1828-30_1_/bg_1828-30_1__02.pdf,https://weburn.kb.se/riks/metadata/85/21797885.html,1828
bg_1828-30_1__03,Om riksdagstrycket,borgare,1828,1828,https://weburn.kb.se/riks/ståndsriksdagen/xml/bg_1828-30_1_/bg_1828-30_1__03.xml,https://weburn.kb.se/riks/ståndsriksdagen/pdf/bg_1828-30_1_/bg_1828-30_1__03.pdf,https://weburn.kb.se/riks/metadata/85/21797885.html,1828
bg_1828-30_1__04,Om riksdagstrycket,borgare,1828,1828,https://weburn.kb.se/riks/ståndsriksdagen/xml/bg_1828-30_1_/bg_1828-30_1__04.xml,https://weburn.kb.se/riks/ståndsriksdagen/pdf/bg_1828-30_1_/bg_1828-30_1__04.pdf,https://weburn.kb.se/riks/metadata/85/21797885.html,1828
bg_1828-30_3__01,Om riksdagstrycket,borgare,1828,1828,https://weburn.kb.se/riks/ståndsriksdagen/xml/bg_1828-30_3_/bg_1828-30_3__01.xml,https://weburn.kb.se/riks/ståndsriksdagen/pdf/bg_1828-30_3_/bg_1828-30_3__01.pdf,https://weburn.kb.se/riks/metadata/90/21797890.html,1828
bg_1828-30_3__02,Om riksdagstrycket,borgare,1828,1828,https://weburn.kb.se/riks/ståndsriksdagen/xml/bg_1828-30_3_/bg_1828-30_3__02.xml,https://weburn.kb.se/riks/ståndsriksdagen/pdf/bg_1828-30_3_/bg_1828-30_3__02.pdf,https://weburn.kb.se/riks/metadata/90/21797890.html,1828
bg_1828-30_3__03,Om riksdagstrycket,borgare,1828,1828,https://weburn.kb.se/riks/ståndsriksdagen/xml/bg_1828-30_3_/bg_1828-30_3__03.xml,https://weburn.kb.se/riks/ståndsriksdagen/pdf/bg_1828-30_3_/bg_1828-30_3__03.pdf,https://weburn.kb.se/riks/metadata/90/21797890.html,1828
bg_1828-30_3__04,Om riksdagstrycket,borgare,1828,1828,https://weburn.kb.se/riks/ståndsriksdagen/xml/bg_1828-30_3_/bg_1828-30_3__04.xml,https://weburn.kb.se/riks/ståndsriksdagen/pdf/bg_1828-30_3_/bg_1828-30_3__04.pdf,https://weburn.kb.se/riks/metadata/90/21797890.html,1828
bg_1828-30_7__01,Om riksdagstrycket,borgare,1828,1828,https://weburn.kb.se/riks/ståndsriksdagen/xml/bg_1828-30_7_/bg_1828-30_7__01.xml,https://weburn.kb.se/riks/ståndsriksdagen/pdf/bg_1828-30_7_/bg_1828-30_7__01.pdf,https://weburn.kb.se/riks/metadata/99/21797899.html,1828
bg_1828-30_7__02,Om riksdagstrycket,borgare,1828,1828,https://weburn.kb.se/riks/ståndsriksdagen/xml/bg_1828-30_7_/bg_1828-30_7__02.xml,https://weburn.kb.se/riks/ståndsriksdagen/pdf/bg_1828-30_7_/bg_1828-30_7__02.pdf,https://weburn.kb.se/riks/metadata/99/21797899.html,1828
bg_1828-30_7__03,Om riksdagstrycket,borgare,1828,1828,https://weburn.kb.se/riks/ståndsriksdagen/xml/bg_1828-30_7_/bg_1828-30_7__03.xml,https://weburn.kb.se/riks/ståndsriksdagen/pdf/bg_1828-30_7_/bg_1828-30_7__03.pdf,https://weburn.kb.se/riks/metadata/99/21797899.html,1828
bg_1828-30_7__04,Om riksdagstrycket,borgare,1828,1828,https://weburn.kb.se/riks/ståndsriksdagen/xml/bg_1828-30_7_/bg_1828-30_7__04.xml,https://weburn.kb.se/riks/ståndsriksdagen/pdf/bg_1828-30_7_/bg_1828-30_7__04.pdf,https://weburn.kb.se/riks/metadata/99/21797899.html,1828
bg_1828-30_7__05,Om riksdagstrycket,borgare,1828,1828,https://weburn.kb.se/riks/ståndsriksdagen/xml/bg_1828-30_7_/bg_1828-30_7__05.xml,https://weburn.kb.se/riks/ståndsriksdagen/pdf/bg_1828-30_7_/bg_1828-30_7__05.pdf,https://weburn.kb.se/riks/metadata/99/21797899.html,1828
bg_1828-30_5__01,Om riksdagstrycket,borgare,1828,1828,https://weburn.kb.se/riks/ståndsriksdagen/xml/bg_1828-30_5_/bg_1828-30_5__01.xml,https://weburn.kb.se/riks/ståndsriksdagen/pdf/bg_1828-30_5_/bg_1828-30_5__01.pdf,https://weburn.kb.se/riks/metadata/94/21797894.html,1828
bg_1828-30_5__02,Om riksdagstrycket,borgare,1828,1828,https://weburn.kb.se/riks/ståndsriksdagen/xml/bg_1828-30_5_/bg_1828-30_5__02.xml,https://weburn.kb.se/riks/ståndsriksdagen/pdf/bg_1828-30_5_/bg_1828-30_5__02.pdf,https://weburn.kb.se/riks/metadata/94/21797894.html,1828
bg_1828-30_5__03,Om riksdagstrycket,borgare,1828,1828,https://weburn.kb.se/riks/ståndsriksdagen/xml/bg_1828-30_5_/bg_1828-30_5__03.xml,https://weburn.kb.se/riks/ståndsriksdagen/pdf/bg_1828-30_5_/bg_1828-30_5__03.pdf,https://weburn.kb.se/riks/metadata/94/21797894.html,1828
bg_1828-30_5__04,Om riksdagstrycket,borgare,1828,1828,https://weburn.kb.se/riks/ståndsriksdagen/xml/bg_1828-30_5_/bg_1828-30_5__04.xml,https://weburn.kb.se/riks/ståndsriksdagen/pdf/bg_1828-30_5_/bg_1828-30_5__04.pdf,https://weburn.kb.se/riks/metadata/94/21797894.html,1828
bg_1828-30_5__05,Om riksdagstrycket,borgare,1828,1828,https://weburn.kb.se/riks/ståndsriksdagen/xml/bg_1828-30_5_/bg_1828-30_5__05.xml,https://weburn.kb.se/riks/ståndsriksdagen/pdf/bg_1828-30_5_/bg_1828-30_5__05.pdf,https://weburn.kb.se/riks/metadata/94/21797894.html,1828
bg_1828-30_6__01,Om riksdagstrycket,borgare,1828,1828,https://weburn.kb.se/riks/ståndsriksdagen/xml/bg_1828-30_6_/bg_1828-30_6__01.xml,https://weburn.kb.se/riks/ståndsriksdagen/pdf/bg_1828-30_6_/bg_1828-30_6__01.pdf,https://weburn.kb.se/riks/metadata/97/21797897.html,1828
bg_1828-30_6__02,Om riksdagstrycket,borgare,1828,1828,https://weburn.kb.se/riks/ståndsriksdagen/xml/bg_1828-30_6_/bg_1828-30_6__02.xml,https://weburn.kb.se/riks/ståndsriksdagen/pdf/bg_1828-30_6_/bg_1828-30_6__02.pdf,https://weburn.kb.se/riks/metadata/97/21797897.html,1828
bg_1828-30_6__03,Om riksdagstrycket,borgare,1828,1828,https://weburn.kb.se/riks/ståndsriksdagen/xml/bg_1828-30_6_/bg_1828-30_6__03.xml,https://weburn.kb.se/riks/ståndsriksdagen/pdf/bg_1828-30_6_/bg_1828-30_6__03.pdf,https://weburn.kb.se/riks/metadata/97/21797897.html,1828
roa_1828-30_reg__01,Om riksdagstrycket,adel,1828,1828,https://weburn.kb.se/riks/ståndsriksdagen/xml/roa_1828-30_reg_/roa_1828-30_reg__01.xml,https://weburn.kb.se/riks/ståndsriksdagen/pdf/roa_1828-30_reg_/roa_1828-30_reg__01.pdf,https://weburn.kb.se/riks/metadata/37/21799437.html,1828
roa_1828-30_reg__02,Om riksdagstrycket,adel,1828,1828,https://weburn.kb.se/riks/ståndsriksdagen/xml/roa_1828-30_reg_/roa_1828-30_reg__02.xml,https://weburn.kb.se/riks/ståndsriksdagen/pdf/roa_1828-30_reg_/roa_1828-30_reg__02.pdf,https://weburn.kb.se/riks/metadata/37/21799437.html,1828
bg_1828-30_reg_,Om riksdagstrycket,borgare,1828,1828,https://weburn.kb.se/riks/ståndsriksdagen/xml/bg_1828-30_reg_/bg_1828-30_reg_.xml,https://weburn.kb.se/riks/ståndsriksdagen/pdf/bg_1828-30_reg_/bg_1828-30_reg_.pdf,https://weburn.kb.se/riks/metadata/02/21797902.html,1828
bn_1828-30_12__01,Om riksdagstrycket,bonder,1828,1828,https://weburn.kb.se/riks/ståndsriksdagen/xml/bn_1828-30_12_/bn_1828-30_12__01.xml,https://weburn.kb.se/riks/ståndsriksdagen/pdf/bn_1828-30_12_/bn_1828-30_12__01.pdf,https://weburn.kb.se/riks/metadata/88/21798788.html,1828
bn_1828-30_12__02,Om riksdagstrycket,bonder,1828,1828,https://weburn.kb.se/riks/ståndsriksdagen/xml/bn_1828-30_12_/bn_1828-30_12__02.xml,https://weburn.kb.se/riks/ståndsriksdagen/pdf/bn_1828-30_12_/bn_1828-30_12__02.pdf,https://weburn.kb.se/riks/metadata/88/21798788.html,1828
bn_1828-30_reg_,Om riksdagstrycket,bonder,1828,1828,https://weburn.kb.se/riks/ståndsriksdagen/xml/bn_1828-30_reg_/bn_1828-30_reg_.xml,https://weburn.kb.se/riks/ståndsriksdagen/pdf/bn_1828-30_reg_/bn_1828-30_reg_.pdf,https://weburn.kb.se/riks/metadata/88/21798788.html,1828
bih_1828-30_4-2-2__01,Om riksdagstrycket,bihang,1828,1828,https://weburn.kb.se/riks/ståndsriksdagen/xml/bih_1828-30_4-2-2_/bih_1828-30_4-2-2__01.xml,https://weburn.kb.se/riks/ståndsriksdagen/pdf/bih_1828-30_4-2-2_/bih_1828-30_4-2-2__01.pdf,https://weburn.kb.se/riks/metadata/44/21798244.html,1828
bih_1828-30_4-2-2__02,Om riksdagstrycket,bihang,1828,1828,https://weburn.kb.se/riks/ståndsriksdagen/xml/bih_1828-30_4-2-2_/bih_1828-30_4-2-2__02.xml,https://weburn.kb.se/riks/ståndsriksdagen/pdf/bih_1828-30_4-2-2_/bih_1828-30_4-2-2__02.pdf,https://weburn.kb.se/riks/metadata/44/21798244.html,1828
bih_1828-30_4-2-2__03,Om riksdagstrycket,bihang,1828,1828,https://weburn.kb.se/riks/ståndsriksdagen/xml/bih_1828-30_4-2-2_/bih_1828-30_4-2-2__03.xml,https://weburn.kb.se/riks/ståndsriksdagen/pdf/bih_1828-30_4-2-2_/bih_1828-30_4-2-2__03.pdf,https://weburn.kb.se/riks/metadata/44/21798244.html,1828
bih_1828-30_4-1-2__01,Om riksdagstrycket,bihang,1828,1828,https://weburn.kb.se/riks/ståndsriksdagen/xml/bih_1828-30_4-1-2_/bih_1828-30_4-1-2__01.xml,https://weburn.kb.se/riks/ståndsriksdagen/pdf/bih_1828-30_4-1-2_/bih_1828-30_4-1-2__01.pdf,https://weburn.kb.se/riks/metadata/34/21798234.html,1828
bih_1828-30_4-1-2__02,Om riksdagstrycket,bihang,1828,1828,https://weburn.kb.se/riks/ståndsriksdagen/xml/bih_1828-30_4-1-2_/bih_1828-30_4-1-2__02.xml,https://weburn.kb.se/riks/ståndsriksdagen/pdf/bih_1828-30_4-1-2_/bih_1828-30_4-1-2__02.pdf,https://weburn.kb.se/riks/metadata/34/21798234.html,1828
bih_1828-30_4-1-2__03,Om riksdagstrycket,bihang,1828,1828,https://weburn.kb.se/riks/ståndsriksdagen/xml/bih_1828-30_4-1-2_/bih_1828-30_4-1-2__03.xml,https://weburn.kb.se/riks/ståndsriksdagen/pdf/bih_1828-30_4-1-2_/bih_1828-30_4-1-2__03.pdf,https://weburn.kb.se/riks/metadata/34/21798234.html,1828
bih_1828-30_4-2-1__01,Om riksdagstrycket,bihang,1828,1828,https://weburn.kb.se/riks/ståndsriksdagen/xml/bih_1828-30_4-2-1_/bih_1828-30_4-2-1__01.xml,https://weburn.kb.se/riks/ståndsriksdagen/pdf/bih_1828-30_4-2-1_/bih_1828-30_4-2-1__01.pdf,https://weburn.kb.se/riks/metadata/34/21798234.html,1828
bih_1828-30_4-2-1__02,Om riksdagstrycket,bihang,1828,1828,https://weburn.kb.se/riks/ståndsriksdagen/xml/bih_1828-30_4-2-1_/bih_1828-30_4-2-1__02.xml,https://weburn.kb.se/riks/ståndsriksdagen/pdf/bih_1828-30_4-2-1_/bih_1828-30_4-2-1__02.pdf,https://weburn.kb.se/riks/metadata/34/21798234.html,1828
bih_1828-30_4-2-1__03,Om riksdagstrycket,bihang,1828,1828,https://weburn.kb.se/riks/ståndsriksdagen/xml/bih_1828-30_4-2-1_/bih_1828-30_4-2-1__03.xml,https://weburn.kb.se/riks/ståndsriksdagen/pdf/bih_1828-30_4-2-1_/bih_1828-30_4-2-1__03.pdf,https://weburn.kb.se/riks/metadata/34/21798234.html,1828
bih_1828-30_4-1-5__01,Om riksdagstrycket,bihang,1828,1828,https://weburn.kb.se/riks/ståndsriksdagen/xml/bih_1828-30_4-1-5_/bih_1828-30_4-1-5__01.xml,https://weburn.kb.se/riks/ståndsriksdagen/pdf/bih_1828-30_4-1-5_/bih_1828-30_4-1-5__01.pdf,https://weburn.kb.se/riks/metadata/41/21798241.html,1828
bih_1828-30_4-1-5__02,Om riksdagstrycket,bihang,1828,1828,https://weburn.kb.se/riks/ståndsriksdagen/xml/bih_1828-30_4-1-5_/bih_1828-30_4-1-5__02.xml,https://weburn.kb.se/riks/ståndsriksdagen/pdf/bih_1828-30_4-1-5_/bih_1828-30_4-1-5__02.pdf,https://weburn.kb.se/riks/metadata/41/21798241.html,1828
bih_1828-30_4-1-5__03,Om riksdagstrycket,bihang,1828,1828,https://weburn.kb.se/riks/ståndsriksdagen/xml/bih_1828-30_4-1-5_/bih_1828-30_4-1-5__03.xml,https://weburn.kb.se/riks/ståndsriksdagen/pdf/bih_1828-30_4-1-5_/bih_1828-30_4-1-5__03.pdf,https://weburn.kb.se/riks/metadata/41/21798241.html,1828
bih_1828-30_4-5__01,Om riksdagstrycket,bihang,1828,1828,https://weburn.kb.se/riks/ståndsriksdagen/xml/bih_1828-30_4-5_/bih_1828-30_4-5__01.xml,https://weburn.kb.se/riks/ståndsriksdagen/pdf/bih_1828-30_4-5_/bih_1828-30_4-5__01.pdf,https://weburn.kb.se/riks/metadata/41/21798241.html,1828
bih_1828-30_4-5__02,Om riksdagstrycket,bihang,1828,1828,https://weburn.kb.se/riks/ståndsriksdagen/xml/bih_1828-30_4-5_/bih_1828-30_4-5__02.xml,https://weburn.kb.se/riks/ståndsriksdagen/pdf/bih_1828-30_4-5_/bih_1828-30_4-5__02.pdf,https://weburn.kb.se/riks/metadata/41/21798241.html,1828
bih_1828-30_4-5__03,Om riksdagstrycket,bihang,1828,1828,https://weburn.kb.se/riks/ståndsriksdagen/xml/bih_1828-30_4-5_/bih_1828-30_4-5__03.xml,https://weburn.kb.se/riks/ståndsriksdagen/pdf/bih_1828-30_4-5_/bih_1828-30_4-5__03.pdf,https://weburn.kb.se/riks/metadata/41/21798241.html,1828
bih_1828-30_4-1-4__01,Om riksdagstrycket,bihang,1828,1828,https://weburn.kb.se/riks/ståndsriksdagen/xml/bih_1828-30_4-1-4_/bih_1828-30_4-1-4__01.xml,https://weburn.kb.se/riks/ståndsriksdagen/pdf/bih_1828-30_4-1-4_/bih_1828-30_4-1-4__01.pdf,https://weburn.kb.se/riks/metadata/39/21798239.html,1828
bih_1828-30_4-1-4__02,Om riksdagstrycket,bihang,1828,1828,https://weburn.kb.se/riks/ståndsriksdagen/xml/bih_1828-30_4-1-4_/bih_1828-30_4-1-4__02.xml,https://weburn.kb.se/riks/ståndsriksdagen/pdf/bih_1828-30_4-1-4_/bih_1828-30_4-1-4__02.pdf,https://weburn.kb.se/riks/metadata/39/21798239.html,1828
bih_1828-30_4-1-4__03,Om riksdagstrycket,bihang,1828,1828,https://weburn.kb.se/riks/ståndsriksdagen/xml/bih_1828-30_4-1-4_/bih_1828-30_4-1-4__03.xml,https://weburn.kb.se/riks/ståndsriksdagen/pdf/bih_1828-30_4-1-4_/bih_1828-30_4-1-4__03.pdf,https://weburn.kb.se/riks/metadata/39/21798239.html,1828
bih_1828-30_4-4__01,Om riksdagstrycket,bihang,1828,1828,https://weburn.kb.se/riks/ståndsriksdagen/xml/bih_1828-30_4-4_/bih_1828-30_4-4__01.xml,https://weburn.kb.se/riks/ståndsriksdagen/pdf/bih_1828-30_4-4_/bih_1828-30_4-4__01.pdf,https://weburn.kb.se/riks/metadata/39/21798239.html,1828
bih_1828-30_4-4__02,Om riksdagstrycket,bihang,1828,1828,https://weburn.kb.se/riks/ståndsriksdagen/xml/bih_1828-30_4-4_/bih_1828-30_4-4__02.xml,https://weburn.kb.se/riks/ståndsriksdagen/pdf/bih_1828-30_4-4_/bih_1828-30_4-4__02.pdf,https://weburn.kb.se/riks/metadata/39/21798239.html,1828
bih_1828-30_4-4__03,Om riksdagstrycket,bihang,1828,1828,https://weburn.kb.se/riks/ståndsriksdagen/xml/bih_1828-30_4-4_/bih_1828-30_4-4__03.xml,https://weburn.kb.se/riks/ståndsriksdagen/pdf/bih_1828-30_4-4_/bih_1828-30_4-4__03.pdf,https://weburn.kb.se/riks/metadata/39/21798239.html,1828
bih_1828-30_4-1-1__01,Om riksdagstrycket,bihang,1828,1828,https://weburn.kb.se/riks/ståndsriksdagen/xml/bih_1828-30_4-1-1_/bih_1828-30_4-1-1__01.xml,https://weburn.kb.se/riks/ståndsriksdagen/pdf/bih_1828-30_4-1-1_/bih_1828-30_4-1-1__01.pdf,https://weburn.kb.se/riks/metadata/33/21798233.html,1828
bih_1828-30_4-1-1__02,Om riksdagstrycket,bihang,1828,1828,https://weburn.kb.se/riks/ståndsriksdagen/xml/bih_1828-30_4-1-1_/bih_1828-30_4-1-1__02.xml,https://weburn.kb.se/riks/ståndsriksdagen/pdf/bih_1828-30_4-1-1_/bih_1828-30_4-1-1__02.pdf,https://weburn.kb.se/riks/metadata/33/21798233.html,1828
bih_1828-30_4-1__01,Om riksdagstrycket,bihang,1828,1828,https://weburn.kb.se/riks/ståndsriksdagen/xml/bih_1828-30_4-1_/bih_1828-30_4-1__01.xml,https://weburn.kb.se/riks/ståndsriksdagen/pdf/bih_1828-30_4-1_/bih_1828-30_4-1__01.pdf,https://weburn.kb.se/riks/metadata/33/21798233.html,1828
bih_1828-30_4-1__02,Om riksdagstrycket,bihang,1828,1828,https://weburn.kb.se/riks/ståndsriksdagen/xml/bih_1828-30_4-1_/bih_1828-30_4-1__02.xml,https://weburn.kb.se/riks/ståndsriksdagen/pdf/bih_1828-30_4-1_/bih_1828-30_4-1__02.pdf,https://weburn.kb.se/riks/metadata/33/21798233.html,1828
bih_1828-30_4-1-3__01,Om riksdagstrycket,bihang,1828,1828,https://weburn.kb.se/riks/ståndsriksdagen/xml/bih_1828-30_4-1-3_/bih_1828-30_4-1-3__01.xml,https://weburn.kb.se/riks/ståndsriksdagen/pdf/bih_1828-30_4-1-3_/bih_1828-30_4-1-3__01.pdf,https://weburn.kb.se/riks/metadata/36/21798236.html,1828
bih_1828-30_4-1-3__02,Om riksdagstrycket,bihang,1828,1828,https://weburn.kb.se/riks/ståndsriksdagen/xml/bih_1828-30_4-1-3_/bih_1828-30_4-1-3__02.xml,https://weburn.kb.se/riks/ståndsriksdagen/pdf/bih_1828-30_4-1-3_/bih_1828-30_4-1-3__02.pdf,https://weburn.kb.se/riks/metadata/36/21798236.html,1828
bih_1828-30_4-3__01,Om riksdagstrycket,bihang,1828,1828,https://weburn.kb.se/riks/ståndsriksdagen/xml/bih_1828-30_4-3_/bih_1828-30_4-3__01.xml,https://weburn.kb.se/riks/ståndsriksdagen/pdf/bih_1828-30_4-3_/bih_1828-30_4-3__01.pdf,https://weburn.kb.se/riks/metadata/36/21798236.html,1828
bih_1828-30_4-3__02,Om riksdagstrycket,bihang,1828,1828,https://weburn.kb.se/riks/ståndsriksdagen/xml/bih_1828-30_4-3_/bih_1828-30_4-3__02.xml,https://weburn.kb.se/riks/ståndsriksdagen/pdf/bih_1828-30_4-3_/bih_1828-30_4-3__02.pdf,https://weburn.kb.se/riks/metadata/36/21798236.html,1828
bih_1834-35_reg_,Om riksdagstrycket,bihang,1834,1834,https://weburn.kb.se/riks/ståndsriksdagen/xml/bih_1834-35_reg_/bih_1834-35_reg_.xml,https://weburn.kb.se/riks/ståndsriksdagen/pdf/bih_1834-35_reg_/bih_1834-35_reg_.pdf,https://weburn.kb.se/riks/metadata/16/21798316.html,1834
bih_1834-35_2-1-2__01,Om riksdagstrycket,bihang,1834,1834,https://weburn.kb.se/riks/ståndsriksdagen/xml/bih_1834-35_2-1-2_/bih_1834-35_2-1-2__01.xml,https://weburn.kb.se/riks/ståndsriksdagen/pdf/bih_1834-35_2-1-2_/bih_1834-35_2-1-2__01.pdf,https://weburn.kb.se/riks/metadata/87/21798287.html,1834
bih_1834-35_2-1-2__02,Om riksdagstrycket,bihang,1834,1834,https://weburn.kb.se/riks/ståndsriksdagen/xml/bih_1834-35_2-1-2_/bih_1834-35_2-1-2__02.xml,https://weburn.kb.se/riks/ståndsriksdagen/pdf/bih_1834-35_2-1-2_/bih_1834-35_2-1-2__02.pdf,https://weburn.kb.se/riks/metadata/87/21798287.html,1834
bih_1834-35_2-1-2__03,Om riksdagstrycket,bihang,1834,1834,https://weburn.kb.se/riks/ståndsriksdagen/xml/bih_1834-35_2-1-2_/bih_1834-35_2-1-2__03.xml,https://weburn.kb.se/riks/ståndsriksdagen/pdf/bih_1834-35_2-1-2_/bih_1834-35_2-1-2__03.pdf,https://weburn.kb.se/riks/metadata/87/21798287.html,1834
bih_1834-35_2-1-1__01,Om riksdagstrycket,bihang,1834,1834,https://weburn.kb.se/riks/ståndsriksdagen/xml/bih_1834-35_2-1-1_/bih_1834-35_2-1-1__01.xml,https://weburn.kb.se/riks/ståndsriksdagen/pdf/bih_1834-35_2-1-1_/bih_1834-35_2-1-1__01.pdf,https://weburn.kb.se/riks/metadata/85/21798285.html,1834
bih_1834-35_2-1-1__02,Om riksdagstrycket,bihang,1834,1834,https://weburn.kb.se/riks/ståndsriksdagen/xml/bih_1834-35_2-1-1_/bih_1834-35_2-1-1__02.xml,https://weburn.kb.se/riks/ståndsriksdagen/pdf/bih_1834-35_2-1-1_/bih_1834-35_2-1-1__02.pdf,https://weburn.kb.se/riks/metadata/85/21798285.html,1834
bih_1834-35_2-2-1_,Om riksdagstrycket,bihang,1834,1834,https://weburn.kb.se/riks/ståndsriksdagen/xml/bih_1834-35_2-2-1_/bih_1834-35_2-2-1_.xml,https://weburn.kb.se/riks/ståndsriksdagen/pdf/bih_1834-35_2-2-1_/bih_1834-35_2-2-1_.pdf,https://weburn.kb.se/riks/metadata/88/21798288.html,1834
bih_1834-35_2-2-1__01,Om riksdagstrycket,bihang,1834,1834,https://weburn.kb.se/riks/ståndsriksdagen/xml/bih_1834-35_2-2-1_/bih_1834-35_2-2-1__01.xml,https://weburn.kb.se/riks/ståndsriksdagen/pdf/bih_1834-35_2-2-1_/bih_1834-35_2-2-1__01.pdf,https://weburn.kb.se/riks/metadata/88/21798288.html,1834
bih_1834-35_2-2-1__010001,Om riksdagstrycket,bihang,1834,1834,https://weburn.kb.se/riks/ståndsriksdagen/xml/bih_1834-35_2-2-1_/bih_1834-35_2-2-1__010001.xml,https://weburn.kb.se/riks/ståndsriksdagen/pdf/bih_1834-35_2-2-1_/bih_1834-35_2-2-1__010001.pdf,https://weburn.kb.se/riks/metadata/88/21798288.html,1834
bih_1834-35_2-2-2_,Om riksdagstrycket,bihang,1834,1834,https://weburn.kb.se/riks/ståndsriksdagen/xml/bih_1834-35_2-2-2_/bih_1834-35_2-2-2_.xml,https://weburn.kb.se/riks/ståndsriksdagen/pdf/bih_1834-35_2-2-2_/bih_1834-35_2-2-2_.pdf,https://weburn.kb.se/riks/metadata/89/21798289.html,1834
bih_1834-35_2-2-2__01,Om riksdagstrycket,bihang,1834,1834,https://weburn.kb.se/riks/ståndsriksdagen/xml/bih_1834-35_2-2-2_/bih_1834-35_2-2-2__01.xml,https://weburn.kb.se/riks/ståndsriksdagen/pdf/bih_1834-35_2-2-2_/bih_1834-35_2-2-2__01.pdf,https://weburn.kb.se/riks/metadata/89/21798289.html,1834
bih_1834-35_2-2-2__02,Om riksdagstrycket,bihang,1834,1834,https://weburn.kb.se/riks/ståndsriksdagen/xml/bih_1834-35_2-2-2_/bih_1834-35_2-2-2__02.xml,https://weburn.kb.se/riks/ståndsriksdagen/pdf/bih_1834-35_2-2-2_/bih_1834-35_2-2-2__02.pdf,https://weburn.kb.se/riks/metadata/89/21798289.html,1834
bih_1834-35_5-1-2__01,Om riksdagstrycket,bihang,1834,1834,https://weburn.kb.se/riks/ståndsriksdagen/xml/bih_1834-35_5-1-2_/bih_1834-35_5-1-2__01.xml,https://weburn.kb.se/riks/ståndsriksdagen/pdf/bih_1834-35_5-1-2_/bih_1834-35_5-1-2__01.pdf,https://weburn.kb.se/riks/metadata/01/21798301.html,1834
bih_1834-35_5-1-2__02,Om riksdagstrycket,bihang,1834,1834,https://weburn.kb.se/riks/ståndsriksdagen/xml/bih_1834-35_5-1-2_/bih_1834-35_5-1-2__02.xml,https://weburn.kb.se/riks/ståndsriksdagen/pdf/bih_1834-35_5-1-2_/bih_1834-35_5-1-2__02.pdf,https://weburn.kb.se/riks/metadata/01/21798301.html,1834
bih_1835-35_5-1-2__01,Om riksdagstrycket,bihang,1834,1834,https://weburn.kb.se/riks/ståndsriksdagen/xml/bih_1835-35_5-1-2_/bih_1835-35_5-1-2__01.xml,https://weburn.kb.se/riks/ståndsriksdagen/pdf/bih_1835-35_5-1-2_/bih_1835-35_5-1-2__01.pdf,https://weburn.kb.se/riks/metadata/01/21798301.html,1834
bih_1835-35_5-1-2__02,Om riksdagstrycket,bihang,1834,1834,https://weburn.kb.se/riks/ståndsriksdagen/xml/bih_1835-35_5-1-2_/bih_1835-35_5-1-2__02.xml,https://weburn.kb.se/riks/ståndsriksdagen/pdf/bih_1835-35_5-1-2_/bih_1835-35_5-1-2__02.pdf,https://weburn.kb.se/riks/metadata/01/21798301.html,1834
bih_1834-35_5-1-1__01,Om riksdagstrycket,bihang,1834,1834,https://weburn.kb.se/riks/ståndsriksdagen/xml/bih_1834-35_5-1-1_/bih_1834-35_5-1-1__01.xml,https://weburn.kb.se/riks/ståndsriksdagen/pdf/bih_1834-35_5-1-1_/bih_1834-35_5-1-1__01.pdf,https://weburn.kb.se/riks/metadata/00/21798300.html,1834
bih_1834-35_5-1-1__02,Om riksdagstrycket,bihang,1834,1834,https://weburn.kb.se/riks/ståndsriksdagen/xml/bih_1834-35_5-1-1_/bih_1834-35_5-1-1__02.xml,https://weburn.kb.se/riks/ståndsriksdagen/pdf/bih_1834-35_5-1-1_/bih_1834-35_5-1-1__02.pdf,https://weburn.kb.se/riks/metadata/00/21798300.html,1834
bih_1834-35_5-2_,Om riksdagstrycket,bihang,1834,1834,https://weburn.kb.se/riks/ståndsriksdagen/xml/bih_1834-35_5-2_/bih_1834-35_5-2_.xml,https://weburn.kb.se/riks/ståndsriksdagen/pdf/bih_1834-35_5-2_/bih_1834-35_5-2_.pdf,https://weburn.kb.se/riks/metadata/02/21798302.html,1834
bih_1834-35_4-1-1__01,Om riksdagstrycket,bihang,1834,1834,https://weburn.kb.se/riks/ståndsriksdagen/xml/bih_1834-35_4-1-1_/bih_1834-35_4-1-1__01.xml,https://weburn.kb.se/riks/ståndsriksdagen/pdf/bih_1834-35_4-1-1_/bih_1834-35_4-1-1__01.pdf,https://weburn.kb.se/riks/metadata/91/21798291.html,1834
bih_1834-35_4-1-1__02,Om riksdagstrycket,bihang,1834,1834,https://weburn.kb.se/riks/ståndsriksdagen/xml/bih_1834-35_4-1-1_/bih_1834-35_4-1-1__02.xml,https://weburn.kb.se/riks/ståndsriksdagen/pdf/bih_1834-35_4-1-1_/bih_1834-35_4-1-1__02.pdf,https://weburn.kb.se/riks/metadata/91/21798291.html,1834
bih_1834-35_4-1-2__01,Om riksdagstrycket,bihang,1834,1834,https://weburn.kb.se/riks/ståndsriksdagen/xml/bih_1834-35_4-1-2_/bih_1834-35_4-1-2__01.xml,https://weburn.kb.se/riks/ståndsriksdagen/pdf/bih_1834-35_4-1-2_/bih_1834-35_4-1-2__01.pdf,https://weburn.kb.se/riks/metadata/93/21798293.html,1834
bih_1834-35_4-1-2__02,Om riksdagstrycket,bihang,1834,1834,https://weburn.kb.se/riks/ståndsriksdagen/xml/bih_1834-35_4-1-2_/bih_1834-35_4-1-2__02.xml,https://weburn.kb.se/riks/ståndsriksdagen/pdf/bih_1834-35_4-1-2_/bih_1834-35_4-1-2__02.pdf,https://weburn.kb.se/riks/metadata/93/21798293.html,1834
bih_1834-35_4-1-3__01,Om riksdagstrycket,bihang,1834,1834,https://weburn.kb.se/riks/ståndsriksdagen/xml/bih_1834-35_4-1-3_/bih_1834-35_4-1-3__01.xml,https://weburn.kb.se/riks/ståndsriksdagen/pdf/bih_1834-35_4-1-3_/bih_1834-35_4-1-3__01.pdf,https://weburn.kb.se/riks/metadata/94/21798294.html,1834
bih_1834-35_4-1-3__02,Om riksdagstrycket,bihang,1834,1834,https://weburn.kb.se/riks/ståndsriksdagen/xml/bih_1834-35_4-1-3_/bih_1834-35_4-1-3__02.xml,https://weburn.kb.se/riks/ståndsriksdagen/pdf/bih_1834-35_4-1-3_/bih_1834-35_4-1-3__02.pdf,https://weburn.kb.se/riks/metadata/94/21798294.html,1834
bih_1834-35_4-2_,Om riksdagstrycket,bihang,1834,1834,https://weburn.kb.se/riks/ståndsriksdagen/xml/bih_1834-35_4-2_/bih_1834-35_4-2_.xml,https://weburn.kb.se/riks/ståndsriksdagen/pdf/bih_1834-35_4-2_/bih_1834-35_4-2_.pdf,https://weburn.kb.se/riks/metadata/98/21798298.html,1834
bih_1834-35_1-1_,Om riksdagstrycket,bihang,1834,1834,https://weburn.kb.se/riks/ståndsriksdagen/xml/bih_1834-35_1-1_/bih_1834-35_1-1_.xml,https://weburn.kb.se/riks/ståndsriksdagen/pdf/bih_1834-35_1-1_/bih_1834-35_1-1_.pdf,https://weburn.kb.se/riks/metadata/81/21798281.html,1834
bih_1834-35_9-1_2__01,Om riksdagstrycket,bihang,1834,1834,https://weburn.kb.se/riks/ståndsriksdagen/xml/bih_1834-35_9-1_2_/bih_1834-35_9-1_2__01.xml,https://weburn.kb.se/riks/ståndsriksdagen/pdf/bih_1834-35_9-1_2_/bih_1834-35_9-1_2__01.pdf,https://weburn.kb.se/riks/metadata/11/21798311.html,1834
bih_1834-35_9-1_2__02,Om riksdagstrycket,bihang,1834,1834,https://weburn.kb.se/riks/ståndsriksdagen/xml/bih_1834-35_9-1_2_/bih_1834-35_9-1_2__02.xml,https://weburn.kb.se/riks/ståndsriksdagen/pdf/bih_1834-35_9-1_2_/bih_1834-35_9-1_2__02.pdf,https://weburn.kb.se/riks/metadata/11/21798311.html,1834
bih_1834-35_6-1-2__01,Om riksdagstrycket,bihang,1834,1834,https://weburn.kb.se/riks/ståndsriksdagen/xml/bih_1834-35_6-1-2_/bih_1834-35_6-1-2__01.xml,https://weburn.kb.se/riks/ståndsriksdagen/pdf/bih_1834-35_6-1-2_/bih_1834-35_6-1-2__01.pdf,https://weburn.kb.se/riks/metadata/04/21798304.html,1834
bih_1834-35_6-1-2__02,Om riksdagstrycket,bihang,1834,1834,https://weburn.kb.se/riks/ståndsriksdagen/xml/bih_1834-35_6-1-2_/bih_1834-35_6-1-2__02.xml,https://weburn.kb.se/riks/ståndsriksdagen/pdf/bih_1834-35_6-1-2_/bih_1834-35_6-1-2__02.pdf,https://weburn.kb.se/riks/metadata/04/21798304.html,1834
bih_1834-35_6-1-3__01,Om riksdagstrycket,bihang,1834,1834,https://weburn.kb.se/riks/ståndsriksdagen/xml/bih_1834-35_6-1-3_/bih_1834-35_6-1-3__01.xml,https://weburn.kb.se/riks/ståndsriksdagen/pdf/bih_1834-35_6-1-3_/bih_1834-35_6-1-3__01.pdf,https://weburn.kb.se/riks/metadata/04/21798304.html,1834
bih_1834-35_6-1-3__02,Om riksdagstrycket,bihang,1834,1834,https://weburn.kb.se/riks/ståndsriksdagen/xml/bih_1834-35_6-1-3_/bih_1834-35_6-1-3__02.xml,https://weburn.kb.se/riks/ståndsriksdagen/pdf/bih_1834-35_6-1-3_/bih_1834-35_6-1-3__02.pdf,https://weburn.kb.se/riks/metadata/04/21798304.html,1834
bih_1834-35_6-1-1__01,Om riksdagstrycket,bihang,1834,1834,https://weburn.kb.se/riks/ståndsriksdagen/xml/bih_1834-35_6-1-1_/bih_1834-35_6-1-1__01.xml,https://weburn.kb.se/riks/ståndsriksdagen/pdf/bih_1834-35_6-1-1_/bih_1834-35_6-1-1__01.pdf,https://weburn.kb.se/riks/metadata/03/21798303.html,1834
bih_1834-35_6-1-1__02,Om riksdagstrycket,bihang,1834,1834,https://weburn.kb.se/riks/ståndsriksdagen/xml/bih_1834-35_6-1-1_/bih_1834-35_6-1-1__02.xml,https://weburn.kb.se/riks/ståndsriksdagen/pdf/bih_1834-35_6-1-1_/bih_1834-35_6-1-1__02.pdf,https://weburn.kb.se/riks/metadata/03/21798303.html,1834
bih_1834-35_6-2_,Om riksdagstrycket,bihang,1834,1834,https://weburn.kb.se/riks/ståndsriksdagen/xml/bih_1834-35_6-2_/bih_1834-35_6-2_.xml,https://weburn.kb.se/riks/ståndsriksdagen/pdf/bih_1834-35_6-2_/bih_1834-35_6-2_.pdf,https://weburn.kb.se/riks/metadata/05/21798305.html,1834
bih_1834-35_7-1-1_2__01,Om riksdagstrycket,bihang,1834,1834,https://weburn.kb.se/riks/ståndsriksdagen/xml/bih_1834-35_7-1-1_2_/bih_1834-35_7-1-1_2__01.xml,https://weburn.kb.se/riks/ståndsriksdagen/pdf/bih_1834-35_7-1-1_2_/bih_1834-35_7-1-1_2__01.pdf,https://weburn.kb.se/riks/metadata/07/21798307.html,1834
bih_1834-35_7-1-1_2__02,Om riksdagstrycket,bihang,1834,1834,https://weburn.kb.se/riks/ståndsriksdagen/xml/bih_1834-35_7-1-1_2_/bih_1834-35_7-1-1_2__02.xml,https://weburn.kb.se/riks/ståndsriksdagen/pdf/bih_1834-35_7-1-1_2_/bih_1834-35_7-1-1_2__02.pdf,https://weburn.kb.se/riks/metadata/07/21798307.html,1834
bih_1834-35_7-1-1_,Om riksdagstrycket,bihang,1834,1834,https://weburn.kb.se/riks/ståndsriksdagen/xml/bih_1834-35_7-1-1_/bih_1834-35_7-1-1_.xml,https://weburn.kb.se/riks/ståndsriksdagen/pdf/bih_1834-35_7-1-1_/bih_1834-35_7-1-1_.pdf,https://weburn.kb.se/riks/metadata/06/21798306.html,1834
bih_1834-35_7-2_,Om riksdagstrycket,bihang,1834,1834,https://weburn.kb.se/riks/ståndsriksdagen/xml/bih_1834-35_7-2_/bih_1834-35_7-2_.xml,https://weburn.kb.se/riks/ståndsriksdagen/pdf/bih_1834-35_7-2_/bih_1834-35_7-2_.pdf,https://weburn.kb.se/riks/metadata/08/21798308.html,1834
bih_1834-35_10-1-1__01,Om riksdagstrycket,bihang,1834,1834,https://weburn.kb.se/riks/ståndsriksdagen/xml/bih_1834-35_10-1-1_/bih_1834-35_10-1-1__01.xml,https://weburn.kb.se/riks/ståndsriksdagen/pdf/bih_1834-35_10-1-1_/bih_1834-35_10-1-1__01.pdf,https://weburn.kb.se/riks/metadata/79/21798279.html,1834
bih_1834-35_10-1-1__02,Om riksdagstrycket,bihang,1834,1834,https://weburn.kb.se/riks/ståndsriksdagen/xml/bih_1834-35_10-1-1_/bih_1834-35_10-1-1__02.xml,https://weburn.kb.se/riks/ståndsriksdagen/pdf/bih_1834-35_10-1-1_/bih_1834-35_10-1-1__02.pdf,https://weburn.kb.se/riks/metadata/79/21798279.html,1834
bih_1834-35_3__01,Om riksdagstrycket,bihang,1834,1834,https://weburn.kb.se/riks/ståndsriksdagen/xml/bih_1834-35_3_/bih_1834-35_3__01.xml,https://weburn.kb.se/riks/ståndsriksdagen/pdf/bih_1834-35_3_/bih_1834-35_3__01.pdf,https://weburn.kb.se/riks/metadata/90/21798290.html,1834
bih_1834-35_3__02,Om riksdagstrycket,bihang,1834,1834,https://weburn.kb.se/riks/ståndsriksdagen/xml/bih_1834-35_3_/bih_1834-35_3__02.xml,https://weburn.kb.se/riks/ståndsriksdagen/pdf/bih_1834-35_3_/bih_1834-35_3__02.pdf,https://weburn.kb.se/riks/metadata/90/21798290.html,1834
bih_1834-35_8__01,Om riksdagstrycket,bihang,1834,1834,https://weburn.kb.se/riks/ståndsriksdagen/xml/bih_1834-35_8_/bih_1834-35_8__01.xml,https://weburn.kb.se/riks/ståndsriksdagen/pdf/bih_1834-35_8_/bih_1834-35_8__01.pdf,https://weburn.kb.se/riks/metadata/09/21798309.html,1834
bih_1834-35_8__02,Om riksdagstrycket,bihang,1834,1834,https://weburn.kb.se/riks/ståndsriksdagen/xml/bih_1834-35_8_/bih_1834-35_8__02.xml,https://weburn.kb.se/riks/ståndsriksdagen/pdf/bih_1834-35_8_/bih_1834-35_8__02.pdf,https://weburn.kb.se/riks/metadata/09/21798309.html,1834
bih_1834-35_4-1-4__01,Om riksdagstrycket,bihang,1834,1834,https://weburn.kb.se/riks/ståndsriksdagen/xml/bih_1834-35_4-1-4_/bih_1834-35_4-1-4__01.xml,https://weburn.kb.se/riks/ståndsriksdagen/pdf/bih_1834-35_4-1-4_/bih_1834-35_4-1-4__01.pdf,https://weburn.kb.se/riks/metadata/96/21798296.html,1834
bih_1834-35_4-1-4__02,Om riksdagstrycket,bihang,1834,1834,https://weburn.kb.se/riks/ståndsriksdagen/xml/bih_1834-35_4-1-4_/bih_1834-35_4-1-4__02.xml,https://weburn.kb.se/riks/ståndsriksdagen/pdf/bih_1834-35_4-1-4_/bih_1834-35_4-1-4__02.pdf,https://weburn.kb.se/riks/metadata/96/21798296.html,1834
bih_1834-35_9-2__01,Om riksdagstrycket,bihang,1834,1834,https://weburn.kb.se/riks/ståndsriksdagen/xml/bih_1834-35_9-2_/bih_1834-35_9-2__01.xml,https://weburn.kb.se/riks/ståndsriksdagen/pdf/bih_1834-35_9-2_/bih_1834-35_9-2__01.pdf,https://weburn.kb.se/riks/metadata/12/21798312.html,1834
bih_1834-35_9-2__02,Om riksdagstrycket,bihang,1834,1834,https://weburn.kb.se/riks/ståndsriksdagen/xml/bih_1834-35_9-2_/bih_1834-35_9-2__02.xml,https://weburn.kb.se/riks/ståndsriksdagen/pdf/bih_1834-35_9-2_/bih_1834-35_9-2__02.pdf,https://weburn.kb.se/riks/metadata/12/21798312.html,1834
bih_1834-35_10-1-2__01,Om riksdagstrycket,bihang,1834,1834,https://weburn.kb.se/riks/ståndsriksdagen/xml/bih_1834-35_10-1-2_/bih_1834-35_10-1-2__01.xml,https://weburn.kb.se/riks/ståndsriksdagen/pdf/bih_1834-35_10-1-2_/bih_1834-35_10-1-2__01.pdf,https://weburn.kb.se/riks/metadata/76/21798276.html,1834
bih_1834-35_10-1-2__02,Om riksdagstrycket,bihang,1834,1834,https://weburn.kb.se/riks/ståndsriksdagen/xml/bih_1834-35_10-1-2_/bih_1834-35_10-1-2__02.xml,https://weburn.kb.se/riks/ståndsriksdagen/pdf/bih_1834-35_10-1-2_/bih_1834-35_10-1-2__02.pdf,https://weburn.kb.se/riks/metadata/76/21798276.html,1834
bih_1834-35_10-1-2__03,Om riksdagstrycket,bihang,1834,1834,https://weburn.kb.se/riks/ståndsriksdagen/xml/bih_1834-35_10-1-2_/bih_1834-35_10-1-2__03.xml,https://weburn.kb.se/riks/ståndsriksdagen/pdf/bih_1834-35_10-1-2_/bih_1834-35_10-1-2__03.pdf,https://weburn.kb.se/riks/metadata/76/21798276.html,1834
bih_1834-35__,Om riksdagstrycket,bihang,1834,1834,https://weburn.kb.se/riks/ståndsriksdagen/xml/bih_1834-35__/bih_1834-35__.xml,https://weburn.kb.se/riks/ståndsriksdagen/pdf/bih_1834-35__/bih_1834-35__.pdf,https://weburn.kb.se/riks/metadata/76/21798276.html,1834
bg_1834-35_bil__01,Om riksdagstrycket,borgare,1834,1834,https://weburn.kb.se/riks/ståndsriksdagen/xml/bg_1834-35_bil_/bg_1834-35_bil__01.xml,https://weburn.kb.se/riks/ståndsriksdagen/pdf/bg_1834-35_bil_/bg_1834-35_bil__01.pdf,https://weburn.kb.se/riks/metadata/19/21797919.html,1834
bg_1834-35_bil__02,Om riksdagstrycket,borgare,1834,1834,https://weburn.kb.se/riks/ståndsriksdagen/xml/bg_1834-35_bil_/bg_1834-35_bil__02.xml,https://weburn.kb.se/riks/ståndsriksdagen/pdf/bg_1834-35_bil_/bg_1834-35_bil__02.pdf,https://weburn.kb.se/riks/metadata/19/21797919.html,1834
bg_1834-35_bil__03,Om riksdagstrycket,borgare,1834,1834,https://weburn.kb.se/riks/ståndsriksdagen/xml/bg_1834-35_bil_/bg_1834-35_bil__03.xml,https://weburn.kb.se/riks/ståndsriksdagen/pdf/bg_1834-35_bil_/bg_1834-35_bil__03.pdf,https://weburn.kb.se/riks/metadata/19/21797919.html,1834
bn_1834-35_2__01,Om riksdagstrycket,bonder,1834,1834,https://weburn.kb.se/riks/ståndsriksdagen/xml/bn_1834-35_2_/bn_1834-35_2__01.xml,https://weburn.kb.se/riks/ståndsriksdagen/pdf/bn_1834-35_2_/bn_1834-35_2__01.pdf,https://weburn.kb.se/riks/metadata/00/21798800.html,1834
bn_1834-35_2__02,Om riksdagstrycket,bonder,1834,1834,https://weburn.kb.se/riks/ståndsriksdagen/xml/bn_1834-35_2_/bn_1834-35_2__02.xml,https://weburn.kb.se/riks/ståndsriksdagen/pdf/bn_1834-35_2_/bn_1834-35_2__02.pdf,https://weburn.kb.se/riks/metadata/00/21798800.html,1834
bn_1834-35_2__03,Om riksdagstrycket,bonder,1834,1834,https://weburn.kb.se/riks/ståndsriksdagen/xml/bn_1834-35_2_/bn_1834-35_2__03.xml,https://weburn.kb.se/riks/ståndsriksdagen/pdf/bn_1834-35_2_/bn_1834-35_2__03.pdf,https://weburn.kb.se/riks/metadata/00/21798800.html,1834
bn_1834-35_5__01,Om riksdagstrycket,bonder,1834,1834,https://weburn.kb.se/riks/ståndsriksdagen/xml/bn_1834-35_5_/bn_1834-35_5__01.xml,https://weburn.kb.se/riks/ståndsriksdagen/pdf/bn_1834-35_5_/bn_1834-35_5__01.pdf,https://weburn.kb.se/riks/metadata/03/21798803.html,1834
bn_1834-35_5__02,Om riksdagstrycket,bonder,1834,1834,https://weburn.kb.se/riks/ståndsriksdagen/xml/bn_1834-35_5_/bn_1834-35_5__02.xml,https://weburn.kb.se/riks/ståndsriksdagen/pdf/bn_1834-35_5_/bn_1834-35_5__02.pdf,https://weburn.kb.se/riks/metadata/03/21798803.html,1834
bn_1834-35_5__03,Om riksdagstrycket,bonder,1834,1834,https://weburn.kb.se/riks/ståndsriksdagen/xml/bn_1834-35_5_/bn_1834-35_5__03.xml,https://weburn.kb.se/riks/ståndsriksdagen/pdf/bn_1834-35_5_/bn_1834-35_5__03.pdf,https://weburn.kb.se/riks/metadata/03/21798803.html,1834
bn_1834-35_4__01,Om riksdagstrycket,bonder,1834,1834,https://weburn.kb.se/riks/ståndsriksdagen/xml/bn_1834-35_4_/bn_1834-35_4__01.xml,https://weburn.kb.se/riks/ståndsriksdagen/pdf/bn_1834-35_4_/bn_1834-35_4__01.pdf,https://weburn.kb.se/riks/metadata/02/21798802.html,1834
bn_1834-35_4__02,Om riksdagstrycket,bonder,1834,1834,https://weburn.kb.se/riks/ståndsriksdagen/xml/bn_1834-35_4_/bn_1834-35_4__02.xml,https://weburn.kb.se/riks/ståndsriksdagen/pdf/bn_1834-35_4_/bn_1834-35_4__02.pdf,https://weburn.kb.se/riks/metadata/02/21798802.html,1834
bn_1834-35_4__03,Om riksdagstrycket,bonder,1834,1834,https://weburn.kb.se/riks/ståndsriksdagen/xml/bn_1834-35_4_/bn_1834-35_4__03.xml,https://weburn.kb.se/riks/ståndsriksdagen/pdf/bn_1834-35_4_/bn_1834-35_4__03.pdf,https://weburn.kb.se/riks/metadata/02/21798802.html,1834
bn_1834-35_1__01,Om riksdagstrycket,bonder,1834,1834,https://weburn.kb.se/riks/ståndsriksdagen/xml/bn_1834-35_1_/bn_1834-35_1__01.xml,https://weburn.kb.se/riks/ståndsriksdagen/pdf/bn_1834-35_1_/bn_1834-35_1__01.pdf,https://weburn.kb.se/riks/metadata/97/21798797.html,1834
bn_1834-35_1__02,Om riksdagstrycket,bonder,1834,1834,https://weburn.kb.se/riks/ståndsriksdagen/xml/bn_1834-35_1_/bn_1834-35_1__02.xml,https://weburn.kb.se/riks/ståndsriksdagen/pdf/bn_1834-35_1_/bn_1834-35_1__02.pdf,https://weburn.kb.se/riks/metadata/97/21798797.html,1834
bn_1834-35_1__03,Om riksdagstrycket,bonder,1834,1834,https://weburn.kb.se/riks/ståndsriksdagen/xml/bn_1834-35_1_/bn_1834-35_1__03.xml,https://weburn.kb.se/riks/ståndsriksdagen/pdf/bn_1834-35_1_/bn_1834-35_1__03.pdf,https://weburn.kb.se/riks/metadata/97/21798797.html,1834
bn_1834-35_6__01,Om riksdagstrycket,bonder,1834,1834,https://weburn.kb.se/riks/ståndsriksdagen/xml/bn_1834-35_6_/bn_1834-35_6__01.xml,https://weburn.kb.se/riks/ståndsriksdagen/pdf/bn_1834-35_6_/bn_1834-35_6__01.pdf,https://weburn.kb.se/riks/metadata/04/21798804.html,1834
bn_1834-35_6__02,Om riksdagstrycket,bonder,1834,1834,https://weburn.kb.se/riks/ståndsriksdagen/xml/bn_1834-35_6_/bn_1834-35_6__02.xml,https://weburn.kb.se/riks/ståndsriksdagen/pdf/bn_1834-35_6_/bn_1834-35_6__02.pdf,https://weburn.kb.se/riks/metadata/04/21798804.html,1834
bn_1834-35_7__01,Om riksdagstrycket,bonder,1834,1834,https://weburn.kb.se/riks/ståndsriksdagen/xml/bn_1834-35_7_/bn_1834-35_7__01.xml,https://weburn.kb.se/riks/ståndsriksdagen/pdf/bn_1834-35_7_/bn_1834-35_7__01.pdf,https://weburn.kb.se/riks/metadata/06/21798806.html,1834
bn_1834-35_7__02,Om riksdagstrycket,bonder,1834,1834,https://weburn.kb.se/riks/ståndsriksdagen/xml/bn_1834-35_7_/bn_1834-35_7__02.xml,https://weburn.kb.se/riks/ståndsriksdagen/pdf/bn_1834-35_7_/bn_1834-35_7__02.pdf,https://weburn.kb.se/riks/metadata/06/21798806.html,1834
bn_1834-35_3__01,Om riksdagstrycket,bonder,1834,1834,https://weburn.kb.se/riks/ståndsriksdagen/xml/bn_1834-35_3_/bn_1834-35_3__01.xml,https://weburn.kb.se/riks/ståndsriksdagen/pdf/bn_1834-35_3_/bn_1834-35_3__01.pdf,https://weburn.kb.se/riks/metadata/01/21798801.html,1834
bn_1834-35_3__02,Om riksdagstrycket,bonder,1834,1834,https://weburn.kb.se/riks/ståndsriksdagen/xml/bn_1834-35_3_/bn_1834-35_3__02.xml,https://weburn.kb.se/riks/ståndsriksdagen/pdf/bn_1834-35_3_/bn_1834-35_3__02.pdf,https://weburn.kb.se/riks/metadata/01/21798801.html,1834
bn_1834-35_3__03,Om riksdagstrycket,bonder,1834,1834,https://weburn.kb.se/riks/ståndsriksdagen/xml/bn_1834-35_3_/bn_1834-35_3__03.xml,https://weburn.kb.se/riks/ståndsriksdagen/pdf/bn_1834-35_3_/bn_1834-35_3__03.pdf,https://weburn.kb.se/riks/metadata/01/21798801.html,1834
bn_1834-35_8__01,Om riksdagstrycket,bonder,1834,1834,https://weburn.kb.se/riks/ståndsriksdagen/xml/bn_1834-35_8_/bn_1834-35_8__01.xml,https://weburn.kb.se/riks/ståndsriksdagen/pdf/bn_1834-35_8_/bn_1834-35_8__01.pdf,https://weburn.kb.se/riks/metadata/07/21798807.html,1834
bn_1834-35_8__02,Om riksdagstrycket,bonder,1834,1834,https://weburn.kb.se/riks/ståndsriksdagen/xml/bn_1834-35_8_/bn_1834-35_8__02.xml,https://weburn.kb.se/riks/ståndsriksdagen/pdf/bn_1834-35_8_/bn_1834-35_8__02.pdf,https://weburn.kb.se/riks/metadata/07/21798807.html,1834
bn_1834-35_8__03,Om riksdagstrycket,bonder,1834,1834,https://weburn.kb.se/riks/ståndsriksdagen/xml/bn_1834-35_8_/bn_1834-35_8__03.xml,https://weburn.kb.se/riks/ståndsriksdagen/pdf/bn_1834-35_8_/bn_1834-35_8__03.pdf,https://weburn.kb.se/riks/metadata/07/21798807.html,1834
bn_1834-35_11__01,Om riksdagstrycket,bonder,1834,1834,https://weburn.kb.se/riks/ståndsriksdagen/xml/bn_1834-35_11_/bn_1834-35_11__01.xml,https://weburn.kb.se/riks/ståndsriksdagen/pdf/bn_1834-35_11_/bn_1834-35_11__01.pdf,https://weburn.kb.se/riks/metadata/99/21798799.html,1834
bn_1834-35_11__02,Om riksdagstrycket,bonder,1834,1834,https://weburn.kb.se/riks/ståndsriksdagen/xml/bn_1834-35_11_/bn_1834-35_11__02.xml,https://weburn.kb.se/riks/ståndsriksdagen/pdf/bn_1834-35_11_/bn_1834-35_11__02.pdf,https://weburn.kb.se/riks/metadata/99/21798799.html,1834
bn_1834-35_9__01,Om riksdagstrycket,bonder,1834,1834,https://weburn.kb.se/riks/ståndsriksdagen/xml/bn_1834-35_9_/bn_1834-35_9__01.xml,https://weburn.kb.se/riks/ståndsriksdagen/pdf/bn_1834-35_9_/bn_1834-35_9__01.pdf,https://weburn.kb.se/riks/metadata/08/21798808.html,1834
bn_1834-35_9__02,Om riksdagstrycket,bonder,1834,1834,https://weburn.kb.se/riks/ståndsriksdagen/xml/bn_1834-35_9_/bn_1834-35_9__02.xml,https://weburn.kb.se/riks/ståndsriksdagen/pdf/bn_1834-35_9_/bn_1834-35_9__02.pdf,https://weburn.kb.se/riks/metadata/08/21798808.html,1834
bn_1834-35_9__03,Om riksdagstrycket,bonder,1834,1834,https://weburn.kb.se/riks/ståndsriksdagen/xml/bn_1834-35_9_/bn_1834-35_9__03.xml,https://weburn.kb.se/riks/ståndsriksdagen/pdf/bn_1834-35_9_/bn_1834-35_9__03.pdf,https://weburn.kb.se/riks/metadata/08/21798808.html,1834
bn_1834-35_10__01,Om riksdagstrycket,bonder,1834,1834,https://weburn.kb.se/riks/ståndsriksdagen/xml/bn_1834-35_10_/bn_1834-35_10__01.xml,https://weburn.kb.se/riks/ståndsriksdagen/pdf/bn_1834-35_10_/bn_1834-35_10__01.pdf,https://weburn.kb.se/riks/metadata/98/21798798.html,1834
bn_1834-35_10__02,Om riksdagstrycket,bonder,1834,1834,https://weburn.kb.se/riks/ståndsriksdagen/xml/bn_1834-35_10_/bn_1834-35_10__02.xml,https://weburn.kb.se/riks/ståndsriksdagen/pdf/bn_1834-35_10_/bn_1834-35_10__02.pdf,https://weburn.kb.se/riks/metadata/98/21798798.html,1834
bn_1834-35_10__03,Om riksdagstrycket,bonder,1834,1834,https://weburn.kb.se/riks/ståndsriksdagen/xml/bn_1834-35_10_/bn_1834-35_10__03.xml,https://weburn.kb.se/riks/ståndsriksdagen/pdf/bn_1834-35_10_/bn_1834-35_10__03.pdf,https://weburn.kb.se/riks/metadata/98/21798798.html,1834
pr_1834-35_2__01,Om riksdagstrycket,praster,1834,1834,https://weburn.kb.se/riks/ståndsriksdagen/xml/pr_1834-35_2_/pr_1834-35_2__01.xml,https://weburn.kb.se/riks/ståndsriksdagen/pdf/pr_1834-35_2_/pr_1834-35_2__01.pdf,https://weburn.kb.se/riks/metadata/50/21799050.html,1834
pr_1834-35_2__02,Om riksdagstrycket,praster,1834,1834,https://weburn.kb.se/riks/ståndsriksdagen/xml/pr_1834-35_2_/pr_1834-35_2__02.xml,https://weburn.kb.se/riks/ståndsriksdagen/pdf/pr_1834-35_2_/pr_1834-35_2__02.pdf,https://weburn.kb.se/riks/metadata/50/21799050.html,1834
pr_1834-35_11__01,Om riksdagstrycket,praster,1834,1834,https://weburn.kb.se/riks/ståndsriksdagen/xml/pr_1834-35_11_/pr_1834-35_11__01.xml,https://weburn.kb.se/riks/ståndsriksdagen/pdf/pr_1834-35_11_/pr_1834-35_11__01.pdf,https://weburn.kb.se/riks/metadata/40/21799040.html,1834
pr_1834-35_11__02,Om riksdagstrycket,praster,1834,1834,https://weburn.kb.se/riks/ståndsriksdagen/xml/pr_1834-35_11_/pr_1834-35_11__02.xml,https://weburn.kb.se/riks/ståndsriksdagen/pdf/pr_1834-35_11_/pr_1834-35_11__02.pdf,https://weburn.kb.se/riks/metadata/40/21799040.html,1834
pr_1834-35_5__01,Om riksdagstrycket,praster,1834,1834,https://weburn.kb.se/riks/ståndsriksdagen/xml/pr_1834-35_5_/pr_1834-35_5__01.xml,https://weburn.kb.se/riks/ståndsriksdagen/pdf/pr_1834-35_5_/pr_1834-35_5__01.pdf,https://weburn.kb.se/riks/metadata/54/21799054.html,1834
pr_1834-35_5__02,Om riksdagstrycket,praster,1834,1834,https://weburn.kb.se/riks/ståndsriksdagen/xml/pr_1834-35_5_/pr_1834-35_5__02.xml,https://weburn.kb.se/riks/ståndsriksdagen/pdf/pr_1834-35_5_/pr_1834-35_5__02.pdf,https://weburn.kb.se/riks/metadata/54/21799054.html,1834
pr_1834-35_4__01,Om riksdagstrycket,praster,1834,1834,https://weburn.kb.se/riks/ståndsriksdagen/xml/pr_1834-35_4_/pr_1834-35_4__01.xml,https://weburn.kb.se/riks/ståndsriksdagen/pdf/pr_1834-35_4_/pr_1834-35_4__01.pdf,https://weburn.kb.se/riks/metadata/52/21799052.html,1834
pr_1834-35_4__02,Om riksdagstrycket,praster,1834,1834,https://weburn.kb.se/riks/ståndsriksdagen/xml/pr_1834-35_4_/pr_1834-35_4__02.xml,https://weburn.kb.se/riks/ståndsriksdagen/pdf/pr_1834-35_4_/pr_1834-35_4__02.pdf,https://weburn.kb.se/riks/metadata/52/21799052.html,1834
pr_1834-35_1__01,Om riksdagstrycket,praster,1834,1834,https://weburn.kb.se/riks/ståndsriksdagen/xml/pr_1834-35_1_/pr_1834-35_1__01.xml,https://weburn.kb.se/riks/ståndsriksdagen/pdf/pr_1834-35_1_/pr_1834-35_1__01.pdf,https://weburn.kb.se/riks/metadata/38/21799038.html,1834
pr_1834-35_1__02,Om riksdagstrycket,praster,1834,1834,https://weburn.kb.se/riks/ståndsriksdagen/xml/pr_1834-35_1_/pr_1834-35_1__02.xml,https://weburn.kb.se/riks/ståndsriksdagen/pdf/pr_1834-35_1_/pr_1834-35_1__02.pdf,https://weburn.kb.se/riks/metadata/38/21799038.html,1834
pr_1834-35_6__01,Om riksdagstrycket,praster,1834,1834,https://weburn.kb.se/riks/ståndsriksdagen/xml/pr_1834-35_6_/pr_1834-35_6__01.xml,https://weburn.kb.se/riks/ståndsriksdagen/pdf/pr_1834-35_6_/pr_1834-35_6__01.pdf,https://weburn.kb.se/riks/metadata/55/21799055.html,1834
pr_1834-35_6__02,Om riksdagstrycket,praster,1834,1834,https://weburn.kb.se/riks/ståndsriksdagen/xml/pr_1834-35_6_/pr_1834-35_6__02.xml,https://weburn.kb.se/riks/ståndsriksdagen/pdf/pr_1834-35_6_/pr_1834-35_6__02.pdf,https://weburn.kb.se/riks/metadata/55/21799055.html,1834
pr_1834-35_7__01,Om riksdagstrycket,praster,1834,1834,https://weburn.kb.se/riks/ståndsriksdagen/xml/pr_1834-35_7_/pr_1834-35_7__01.xml,https://weburn.kb.se/riks/ståndsriksdagen/pdf/pr_1834-35_7_/pr_1834-35_7__01.pdf,https://weburn.kb.se/riks/metadata/56/21799056.html,1834
pr_1834-35_7__02,Om riksdagstrycket,praster,1834,1834,https://weburn.kb.se/riks/ståndsriksdagen/xml/pr_1834-35_7_/pr_1834-35_7__02.xml,https://weburn.kb.se/riks/ståndsriksdagen/pdf/pr_1834-35_7_/pr_1834-35_7__02.pdf,https://weburn.kb.se/riks/metadata/56/21799056.html,1834
pr_1834-35_10__01,Om riksdagstrycket,praster,1834,1834,https://weburn.kb.se/riks/ståndsriksdagen/xml/pr_1834-35_10_/pr_1834-35_10__01.xml,https://weburn.kb.se/riks/ståndsriksdagen/pdf/pr_1834-35_10_/pr_1834-35_10__01.pdf,https://weburn.kb.se/riks/metadata/39/21799039.html,1834
pr_1834-35_10__02,Om riksdagstrycket,praster,1834,1834,https://weburn.kb.se/riks/ståndsriksdagen/xml/pr_1834-35_10_/pr_1834-35_10__02.xml,https://weburn.kb.se/riks/ståndsriksdagen/pdf/pr_1834-35_10_/pr_1834-35_10__02.pdf,https://weburn.kb.se/riks/metadata/39/21799039.html,1834
pr_1834-35_12__01,Om riksdagstrycket,praster,1834,1834,https://weburn.kb.se/riks/ståndsriksdagen/xml/pr_1834-35_12_/pr_1834-35_12__01.xml,https://weburn.kb.se/riks/ståndsriksdagen/pdf/pr_1834-35_12_/pr_1834-35_12__01.pdf,https://weburn.kb.se/riks/metadata/41/21799041.html,1834
pr_1834-35_12__02,Om riksdagstrycket,praster,1834,1834,https://weburn.kb.se/riks/ståndsriksdagen/xml/pr_1834-35_12_/pr_1834-35_12__02.xml,https://weburn.kb.se/riks/ståndsriksdagen/pdf/pr_1834-35_12_/pr_1834-35_12__02.pdf,https://weburn.kb.se/riks/metadata/41/21799041.html,1834
pr_1834-35_3__01,Om riksdagstrycket,praster,1834,1834,https://weburn.kb.se/riks/ståndsriksdagen/xml/pr_1834-35_3_/pr_1834-35_3__01.xml,https://weburn.kb.se/riks/ståndsriksdagen/pdf/pr_1834-35_3_/pr_1834-35_3__01.pdf,https://weburn.kb.se/riks/metadata/51/21799051.html,1834
pr_1834-35_3__02,Om riksdagstrycket,praster,1834,1834,https://weburn.kb.se/riks/ståndsriksdagen/xml/pr_1834-35_3_/pr_1834-35_3__02.xml,https://weburn.kb.se/riks/ståndsriksdagen/pdf/pr_1834-35_3_/pr_1834-35_3__02.pdf,https://weburn.kb.se/riks/metadata/51/21799051.html,1834
pr_1834-35_18__01,Om riksdagstrycket,praster,1834,1834,https://weburn.kb.se/riks/ståndsriksdagen/xml/pr_1834-35_18_/pr_1834-35_18__01.xml,https://weburn.kb.se/riks/ståndsriksdagen/pdf/pr_1834-35_18_/pr_1834-35_18__01.pdf,https://weburn.kb.se/riks/metadata/47/21799047.html,1834
pr_1834-35_18__02,Om riksdagstrycket,praster,1834,1834,https://weburn.kb.se/riks/ståndsriksdagen/xml/pr_1834-35_18_/pr_1834-35_18__02.xml,https://weburn.kb.se/riks/ståndsriksdagen/pdf/pr_1834-35_18_/pr_1834-35_18__02.pdf,https://weburn.kb.se/riks/metadata/47/21799047.html,1834
pr_1834-35_19_,Om riksdagstrycket,praster,1834,1834,https://weburn.kb.se/riks/ståndsriksdagen/xml/pr_1834-35_19_/pr_1834-35_19_.xml,https://weburn.kb.se/riks/ståndsriksdagen/pdf/pr_1834-35_19_/pr_1834-35_19_.pdf,https://weburn.kb.se/riks/metadata/48/21799048.html,1834
pr_1834-35_16_,Om riksdagstrycket,praster,1834,1834,https://weburn.kb.se/riks/ståndsriksdagen/xml/pr_1834-35_16_/pr_1834-35_16_.xml,https://weburn.kb.se/riks/ståndsriksdagen/pdf/pr_1834-35_16_/pr_1834-35_16_.pdf,https://weburn.kb.se/riks/metadata/45/21799045.html,1834
pr_1834-35_17__01,Om riksdagstrycket,praster,1834,1834,https://weburn.kb.se/riks/ståndsriksdagen/xml/pr_1834-35_17_/pr_1834-35_17__01.xml,https://weburn.kb.se/riks/ståndsriksdagen/pdf/pr_1834-35_17_/pr_1834-35_17__01.pdf,https://weburn.kb.se/riks/metadata/46/21799046.html,1834
pr_1834-35_17__02,Om riksdagstrycket,praster,1834,1834,https://weburn.kb.se/riks/ståndsriksdagen/xml/pr_1834-35_17_/pr_1834-35_17__02.xml,https://weburn.kb.se/riks/ståndsriksdagen/pdf/pr_1834-35_17_/pr_1834-35_17__02.pdf,https://weburn.kb.se/riks/metadata/46/21799046.html,1834
pr_1834-35_14__01,Om riksdagstrycket,praster,1834,1834,https://weburn.kb.se/riks/ståndsriksdagen/xml/pr_1834-35_14_/pr_1834-35_14__01.xml,https://weburn.kb.se/riks/ståndsriksdagen/pdf/pr_1834-35_14_/pr_1834-35_14__01.pdf,https://weburn.kb.se/riks/metadata/43/21799043.html,1834
pr_1834-35_14__02,Om riksdagstrycket,praster,1834,1834,https://weburn.kb.se/riks/ståndsriksdagen/xml/pr_1834-35_14_/pr_1834-35_14__02.xml,https://weburn.kb.se/riks/ståndsriksdagen/pdf/pr_1834-35_14_/pr_1834-35_14__02.pdf,https://weburn.kb.se/riks/metadata/43/21799043.html,1834
pr_1834-35_9__01,Om riksdagstrycket,praster,1834,1834,https://weburn.kb.se/riks/ståndsriksdagen/xml/pr_1834-35_9_/pr_1834-35_9__01.xml,https://weburn.kb.se/riks/ståndsriksdagen/pdf/pr_1834-35_9_/pr_1834-35_9__01.pdf,https://weburn.kb.se/riks/metadata/58/21799058.html,1834
pr_1834-35_9__02,Om riksdagstrycket,praster,1834,1834,https://weburn.kb.se/riks/ståndsriksdagen/xml/pr_1834-35_9_/pr_1834-35_9__02.xml,https://weburn.kb.se/riks/ståndsriksdagen/pdf/pr_1834-35_9_/pr_1834-35_9__02.pdf,https://weburn.kb.se/riks/metadata/58/21799058.html,1834
pr_1834-35_13__01,Om riksdagstrycket,praster,1834,1834,https://weburn.kb.se/riks/ståndsriksdagen/xml/pr_1834-35_13_/pr_1834-35_13__01.xml,https://weburn.kb.se/riks/ståndsriksdagen/pdf/pr_1834-35_13_/pr_1834-35_13__01.pdf,https://weburn.kb.se/riks/metadata/42/21799042.html,1834
pr_1834-35_13__02,Om riksdagstrycket,praster,1834,1834,https://weburn.kb.se/riks/ståndsriksdagen/xml/pr_1834-35_13_/pr_1834-35_13__02.xml,https://weburn.kb.se/riks/ståndsriksdagen/pdf/pr_1834-35_13_/pr_1834-35_13__02.pdf,https://weburn.kb.se/riks/metadata/42/21799042.html,1834
pr_1834-35_8__01,Om riksdagstrycket,praster,1834,1834,https://weburn.kb.se/riks/ståndsriksdagen/xml/pr_1834-35_8_/pr_1834-35_8__01.xml,https://weburn.kb.se/riks/ståndsriksdagen/pdf/pr_1834-35_8_/pr_1834-35_8__01.pdf,https://weburn.kb.se/riks/metadata/57/21799057.html,1834
pr_1834-35_8__02,Om riksdagstrycket,praster,1834,1834,https://weburn.kb.se/riks/ståndsriksdagen/xml/pr_1834-35_8_/pr_1834-35_8__02.xml,https://weburn.kb.se/riks/ståndsriksdagen/pdf/pr_1834-35_8_/pr_1834-35_8__02.pdf,https://weburn.kb.se/riks/metadata/57/21799057.html,1834
pr_1834-35_8__03,Om riksdagstrycket,praster,1834,1834,https://weburn.kb.se/riks/ståndsriksdagen/xml/pr_1834-35_8_/pr_1834-35_8__03.xml,https://weburn.kb.se/riks/ståndsriksdagen/pdf/pr_1834-35_8_/pr_1834-35_8__03.pdf,https://weburn.kb.se/riks/metadata/57/21799057.html,1834
pr_1834-35_15__01,Om riksdagstrycket,praster,1834,1834,https://weburn.kb.se/riks/ståndsriksdagen/xml/pr_1834-35_15_/pr_1834-35_15__01.xml,https://weburn.kb.se/riks/ståndsriksdagen/pdf/pr_1834-35_15_/pr_1834-35_15__01.pdf,https://weburn.kb.se/riks/metadata/44/21799044.html,1834
pr_1834-35_15__02,Om riksdagstrycket,praster,1834,1834,https://weburn.kb.se/riks/ståndsriksdagen/xml/pr_1834-35_15_/pr_1834-35_15__02.xml,https://weburn.kb.se/riks/ståndsriksdagen/pdf/pr_1834-35_15_/pr_1834-35_15__02.pdf,https://weburn.kb.se/riks/metadata/44/21799044.html,1834
bg_1834-35_2__01,Om riksdagstrycket,borgare,1834,1834,https://weburn.kb.se/riks/ståndsriksdagen/xml/bg_1834-35_2_/bg_1834-35_2__01.xml,https://weburn.kb.se/riks/ståndsriksdagen/pdf/bg_1834-35_2_/bg_1834-35_2__01.pdf,https://weburn.kb.se/riks/metadata/05/21797905.html,1834
bg_1834-35_2__02,Om riksdagstrycket,borgare,1834,1834,https://weburn.kb.se/riks/ståndsriksdagen/xml/bg_1834-35_2_/bg_1834-35_2__02.xml,https://weburn.kb.se/riks/ståndsriksdagen/pdf/bg_1834-35_2_/bg_1834-35_2__02.pdf,https://weburn.kb.se/riks/metadata/05/21797905.html,1834
bg_1834-35_2__03,Om riksdagstrycket,borgare,1834,1834,https://weburn.kb.se/riks/ståndsriksdagen/xml/bg_1834-35_2_/bg_1834-35_2__03.xml,https://weburn.kb.se/riks/ståndsriksdagen/pdf/bg_1834-35_2_/bg_1834-35_2__03.pdf,https://weburn.kb.se/riks/metadata/05/21797905.html,1834
bg_1834-35_2__04,Om riksdagstrycket,borgare,1834,1834,https://weburn.kb.se/riks/ståndsriksdagen/xml/bg_1834-35_2_/bg_1834-35_2__04.xml,https://weburn.kb.se/riks/ståndsriksdagen/pdf/bg_1834-35_2_/bg_1834-35_2__04.pdf,https://weburn.kb.se/riks/metadata/05/21797905.html,1834
bg_1834-35_3__01,Om riksdagstrycket,borgare,1834,1834,https://weburn.kb.se/riks/ståndsriksdagen/xml/bg_1834-35_3_/bg_1834-35_3__01.xml,https://weburn.kb.se/riks/ståndsriksdagen/pdf/bg_1834-35_3_/bg_1834-35_3__01.pdf,https://weburn.kb.se/riks/metadata/05/21797905.html,1834
bg_1834-35_3__02,Om riksdagstrycket,borgare,1834,1834,https://weburn.kb.se/riks/ståndsriksdagen/xml/bg_1834-35_3_/bg_1834-35_3__02.xml,https://weburn.kb.se/riks/ståndsriksdagen/pdf/bg_1834-35_3_/bg_1834-35_3__02.pdf,https://weburn.kb.se/riks/metadata/05/21797905.html,1834
bg_1834-35_3__03,Om riksdagstrycket,borgare,1834,1834,https://weburn.kb.se/riks/ståndsriksdagen/xml/bg_1834-35_3_/bg_1834-35_3__03.xml,https://weburn.kb.se/riks/ståndsriksdagen/pdf/bg_1834-35_3_/bg_1834-35_3__03.pdf,https://weburn.kb.se/riks/metadata/05/21797905.html,1834
bg_1834-35_5__01,Om riksdagstrycket,borgare,1834,1834,https://weburn.kb.se/riks/ståndsriksdagen/xml/bg_1834-35_5_/bg_1834-35_5__01.xml,https://weburn.kb.se/riks/ståndsriksdagen/pdf/bg_1834-35_5_/bg_1834-35_5__01.pdf,https://weburn.kb.se/riks/metadata/11/21797911.html,1834
bg_1834-35_5__02,Om riksdagstrycket,borgare,1834,1834,https://weburn.kb.se/riks/ståndsriksdagen/xml/bg_1834-35_5_/bg_1834-35_5__02.xml,https://weburn.kb.se/riks/ståndsriksdagen/pdf/bg_1834-35_5_/bg_1834-35_5__02.pdf,https://weburn.kb.se/riks/metadata/11/21797911.html,1834
bg_1834-35_5__03,Om riksdagstrycket,borgare,1834,1834,https://weburn.kb.se/riks/ståndsriksdagen/xml/bg_1834-35_5_/bg_1834-35_5__03.xml,https://weburn.kb.se/riks/ståndsriksdagen/pdf/bg_1834-35_5_/bg_1834-35_5__03.pdf,https://weburn.kb.se/riks/metadata/11/21797911.html,1834
bg_1834-35_4__01,Om riksdagstrycket,borgare,1834,1834,https://weburn.kb.se/riks/ståndsriksdagen/xml/bg_1834-35_4_/bg_1834-35_4__01.xml,https://weburn.kb.se/riks/ståndsriksdagen/pdf/bg_1834-35_4_/bg_1834-35_4__01.pdf,https://weburn.kb.se/riks/metadata/08/21797908.html,1834
bg_1834-35_4__02,Om riksdagstrycket,borgare,1834,1834,https://weburn.kb.se/riks/ståndsriksdagen/xml/bg_1834-35_4_/bg_1834-35_4__02.xml,https://weburn.kb.se/riks/ståndsriksdagen/pdf/bg_1834-35_4_/bg_1834-35_4__02.pdf,https://weburn.kb.se/riks/metadata/08/21797908.html,1834
bg_1834-35_4__03,Om riksdagstrycket,borgare,1834,1834,https://weburn.kb.se/riks/ståndsriksdagen/xml/bg_1834-35_4_/bg_1834-35_4__03.xml,https://weburn.kb.se/riks/ståndsriksdagen/pdf/bg_1834-35_4_/bg_1834-35_4__03.pdf,https://weburn.kb.se/riks/metadata/08/21797908.html,1834
bg_1834-35_4__04,Om riksdagstrycket,borgare,1834,1834,https://weburn.kb.se/riks/ståndsriksdagen/xml/bg_1834-35_4_/bg_1834-35_4__04.xml,https://weburn.kb.se/riks/ståndsriksdagen/pdf/bg_1834-35_4_/bg_1834-35_4__04.pdf,https://weburn.kb.se/riks/metadata/08/21797908.html,1834
bg_1834-35_1__01,Om riksdagstrycket,borgare,1834,1834,https://weburn.kb.se/riks/ståndsriksdagen/xml/bg_1834-35_1_/bg_1834-35_1__01.xml,https://weburn.kb.se/riks/ståndsriksdagen/pdf/bg_1834-35_1_/bg_1834-35_1__01.pdf,https://weburn.kb.se/riks/metadata/03/21797903.html,1834
bg_1834-35_1__02,Om riksdagstrycket,borgare,1834,1834,https://weburn.kb.se/riks/ståndsriksdagen/xml/bg_1834-35_1_/bg_1834-35_1__02.xml,https://weburn.kb.se/riks/ståndsriksdagen/pdf/bg_1834-35_1_/bg_1834-35_1__02.pdf,https://weburn.kb.se/riks/metadata/03/21797903.html,1834
bg_1834-35_1__03,Om riksdagstrycket,borgare,1834,1834,https://weburn.kb.se/riks/ståndsriksdagen/xml/bg_1834-35_1_/bg_1834-35_1__03.xml,https://weburn.kb.se/riks/ståndsriksdagen/pdf/bg_1834-35_1_/bg_1834-35_1__03.pdf,https://weburn.kb.se/riks/metadata/03/21797903.html,1834
bg_1834-35_6__01,Om riksdagstrycket,borgare,1834,1834,https://weburn.kb.se/riks/ståndsriksdagen/xml/bg_1834-35_6_/bg_1834-35_6__01.xml,https://weburn.kb.se/riks/ståndsriksdagen/pdf/bg_1834-35_6_/bg_1834-35_6__01.pdf,https://weburn.kb.se/riks/metadata/12/21797912.html,1834
bg_1834-35_6__02,Om riksdagstrycket,borgare,1834,1834,https://weburn.kb.se/riks/ståndsriksdagen/xml/bg_1834-35_6_/bg_1834-35_6__02.xml,https://weburn.kb.se/riks/ståndsriksdagen/pdf/bg_1834-35_6_/bg_1834-35_6__02.pdf,https://weburn.kb.se/riks/metadata/12/21797912.html,1834
bg_1834-35_6__03,Om riksdagstrycket,borgare,1834,1834,https://weburn.kb.se/riks/ståndsriksdagen/xml/bg_1834-35_6_/bg_1834-35_6__03.xml,https://weburn.kb.se/riks/ståndsriksdagen/pdf/bg_1834-35_6_/bg_1834-35_6__03.pdf,https://weburn.kb.se/riks/metadata/12/21797912.html,1834
bg_1834-35_6__04,Om riksdagstrycket,borgare,1834,1834,https://weburn.kb.se/riks/ståndsriksdagen/xml/bg_1834-35_6_/bg_1834-35_6__04.xml,https://weburn.kb.se/riks/ståndsriksdagen/pdf/bg_1834-35_6_/bg_1834-35_6__04.pdf,https://weburn.kb.se/riks/metadata/12/21797912.html,1834
bg_1834-35_7-1__01,Om riksdagstrycket,borgare,1834,1834,https://weburn.kb.se/riks/ståndsriksdagen/xml/bg_1834-35_7-1_/bg_1834-35_7-1__01.xml,https://weburn.kb.se/riks/ståndsriksdagen/pdf/bg_1834-35_7-1_/bg_1834-35_7-1__01.pdf,https://weburn.kb.se/riks/metadata/13/21797913.html,1834
bg_1834-35_7-1__02,Om riksdagstrycket,borgare,1834,1834,https://weburn.kb.se/riks/ståndsriksdagen/xml/bg_1834-35_7-1_/bg_1834-35_7-1__02.xml,https://weburn.kb.se/riks/ståndsriksdagen/pdf/bg_1834-35_7-1_/bg_1834-35_7-1__02.pdf,https://weburn.kb.se/riks/metadata/13/21797913.html,1834
bg_1834-35_7-2_,Om riksdagstrycket,borgare,1834,1834,https://weburn.kb.se/riks/ståndsriksdagen/xml/bg_1834-35_7-2_/bg_1834-35_7-2_.xml,https://weburn.kb.se/riks/ståndsriksdagen/pdf/bg_1834-35_7-2_/bg_1834-35_7-2_.pdf,https://weburn.kb.se/riks/metadata/14/21797914.html,1834
bg_1834-35_9-1__01,Om riksdagstrycket,borgare,1834,1834,https://weburn.kb.se/riks/ståndsriksdagen/xml/bg_1834-35_9-1_/bg_1834-35_9-1__01.xml,https://weburn.kb.se/riks/ståndsriksdagen/pdf/bg_1834-35_9-1_/bg_1834-35_9-1__01.pdf,https://weburn.kb.se/riks/metadata/17/21797917.html,1834
bg_1834-35_9-1__02,Om riksdagstrycket,borgare,1834,1834,https://weburn.kb.se/riks/ståndsriksdagen/xml/bg_1834-35_9-1_/bg_1834-35_9-1__02.xml,https://weburn.kb.se/riks/ståndsriksdagen/pdf/bg_1834-35_9-1_/bg_1834-35_9-1__02.pdf,https://weburn.kb.se/riks/metadata/17/21797917.html,1834
bg_1834-35_9-2_,Om riksdagstrycket,borgare,1834,1834,https://weburn.kb.se/riks/ståndsriksdagen/xml/bg_1834-35_9-2_/bg_1834-35_9-2_.xml,https://weburn.kb.se/riks/ståndsriksdagen/pdf/bg_1834-35_9-2_/bg_1834-35_9-2_.pdf,https://weburn.kb.se/riks/metadata/18/21797918.html,1834
bg_1834-35_10_,Om riksdagstrycket,borgare,1834,1834,https://weburn.kb.se/riks/ståndsriksdagen/xml/bg_1834-35_10_/bg_1834-35_10_.xml,https://weburn.kb.se/riks/ståndsriksdagen/pdf/bg_1834-35_10_/bg_1834-35_10_.pdf,https://weburn.kb.se/riks/metadata/04/21797904.html,1834
bg_1834-35_8_,Om riksdagstrycket,borgare,1834,1834,https://weburn.kb.se/riks/ståndsriksdagen/xml/bg_1834-35_8_/bg_1834-35_8_.xml,https://weburn.kb.se/riks/ståndsriksdagen/pdf/bg_1834-35_8_/bg_1834-35_8_.pdf,https://weburn.kb.se/riks/metadata/16/21797916.html,1834
roa_1834-35_11__01,Om riksdagstrycket,adel,1834,1834,https://weburn.kb.se/riks/ståndsriksdagen/xml/roa_1834-35_11_/roa_1834-35_11__01.xml,https://weburn.kb.se/riks/ståndsriksdagen/pdf/roa_1834-35_11_/roa_1834-35_11__01.pdf,https://weburn.kb.se/riks/metadata/40/21799440.html,1834
roa_1834-35_11__02,Om riksdagstrycket,adel,1834,1834,https://weburn.kb.se/riks/ståndsriksdagen/xml/roa_1834-35_11_/roa_1834-35_11__02.xml,https://weburn.kb.se/riks/ståndsriksdagen/pdf/roa_1834-35_11_/roa_1834-35_11__02.pdf,https://weburn.kb.se/riks/metadata/40/21799440.html,1834
roa_1834-35_5__01,Om riksdagstrycket,adel,1834,1834,https://weburn.kb.se/riks/ståndsriksdagen/xml/roa_1834-35_5_/roa_1834-35_5__01.xml,https://weburn.kb.se/riks/ståndsriksdagen/pdf/roa_1834-35_5_/roa_1834-35_5__01.pdf,https://weburn.kb.se/riks/metadata/54/21799454.html,1834
roa_1834-35_5__02,Om riksdagstrycket,adel,1834,1834,https://weburn.kb.se/riks/ståndsriksdagen/xml/roa_1834-35_5_/roa_1834-35_5__02.xml,https://weburn.kb.se/riks/ståndsriksdagen/pdf/roa_1834-35_5_/roa_1834-35_5__02.pdf,https://weburn.kb.se/riks/metadata/54/21799454.html,1834
roa_1834-35_15__01,Om riksdagstrycket,adel,1834,1834,https://weburn.kb.se/riks/ståndsriksdagen/xml/roa_1834-35_15_/roa_1834-35_15__01.xml,https://weburn.kb.se/riks/ståndsriksdagen/pdf/roa_1834-35_15_/roa_1834-35_15__01.pdf,https://weburn.kb.se/riks/metadata/44/21799444.html,1834
roa_1834-35_15__02,Om riksdagstrycket,adel,1834,1834,https://weburn.kb.se/riks/ståndsriksdagen/xml/roa_1834-35_15_/roa_1834-35_15__02.xml,https://weburn.kb.se/riks/ståndsriksdagen/pdf/roa_1834-35_15_/roa_1834-35_15__02.pdf,https://weburn.kb.se/riks/metadata/44/21799444.html,1834
roa_1834-35_4__01,Om riksdagstrycket,adel,1834,1834,https://weburn.kb.se/riks/ståndsriksdagen/xml/roa_1834-35_4_/roa_1834-35_4__01.xml,https://weburn.kb.se/riks/ståndsriksdagen/pdf/roa_1834-35_4_/roa_1834-35_4__01.pdf,https://weburn.kb.se/riks/metadata/53/21799453.html,1834
roa_1834-35_4__02,Om riksdagstrycket,adel,1834,1834,https://weburn.kb.se/riks/ståndsriksdagen/xml/roa_1834-35_4_/roa_1834-35_4__02.xml,https://weburn.kb.se/riks/ståndsriksdagen/pdf/roa_1834-35_4_/roa_1834-35_4__02.pdf,https://weburn.kb.se/riks/metadata/53/21799453.html,1834
roa_1834-35_14__01,Om riksdagstrycket,adel,1834,1834,https://weburn.kb.se/riks/ståndsriksdagen/xml/roa_1834-35_14_/roa_1834-35_14__01.xml,https://weburn.kb.se/riks/ståndsriksdagen/pdf/roa_1834-35_14_/roa_1834-35_14__01.pdf,https://weburn.kb.se/riks/metadata/43/21799443.html,1834
roa_1834-35_14__02,Om riksdagstrycket,adel,1834,1834,https://weburn.kb.se/riks/ståndsriksdagen/xml/roa_1834-35_14_/roa_1834-35_14__02.xml,https://weburn.kb.se/riks/ståndsriksdagen/pdf/roa_1834-35_14_/roa_1834-35_14__02.pdf,https://weburn.kb.se/riks/metadata/43/21799443.html,1834
roa_1834-35_1_,Om riksdagstrycket,adel,1834,1834,https://weburn.kb.se/riks/ståndsriksdagen/xml/roa_1834-35_1_/roa_1834-35_1_.xml,https://weburn.kb.se/riks/ståndsriksdagen/pdf/roa_1834-35_1_/roa_1834-35_1_.pdf,https://weburn.kb.se/riks/metadata/38/21799438.html,1834
roa_1834-35_9__01,Om riksdagstrycket,adel,1834,1834,https://weburn.kb.se/riks/ståndsriksdagen/xml/roa_1834-35_9_/roa_1834-35_9__01.xml,https://weburn.kb.se/riks/ståndsriksdagen/pdf/roa_1834-35_9_/roa_1834-35_9__01.pdf,https://weburn.kb.se/riks/metadata/58/21799458.html,1834
roa_1834-35_9__02,Om riksdagstrycket,adel,1834,1834,https://weburn.kb.se/riks/ståndsriksdagen/xml/roa_1834-35_9_/roa_1834-35_9__02.xml,https://weburn.kb.se/riks/ståndsriksdagen/pdf/roa_1834-35_9_/roa_1834-35_9__02.pdf,https://weburn.kb.se/riks/metadata/58/21799458.html,1834
roa_1834-35_16_,Om riksdagstrycket,adel,1834,1834,https://weburn.kb.se/riks/ståndsriksdagen/xml/roa_1834-35_16_/roa_1834-35_16_.xml,https://weburn.kb.se/riks/ståndsriksdagen/pdf/roa_1834-35_16_/roa_1834-35_16_.pdf,https://weburn.kb.se/riks/metadata/45/21799445.html,1834
roa_1834-35_6__01,Om riksdagstrycket,adel,1834,1834,https://weburn.kb.se/riks/ståndsriksdagen/xml/roa_1834-35_6_/roa_1834-35_6__01.xml,https://weburn.kb.se/riks/ståndsriksdagen/pdf/roa_1834-35_6_/roa_1834-35_6__01.pdf,https://weburn.kb.se/riks/metadata/55/21799455.html,1834
roa_1834-35_6__02,Om riksdagstrycket,adel,1834,1834,https://weburn.kb.se/riks/ståndsriksdagen/xml/roa_1834-35_6_/roa_1834-35_6__02.xml,https://weburn.kb.se/riks/ståndsriksdagen/pdf/roa_1834-35_6_/roa_1834-35_6__02.pdf,https://weburn.kb.se/riks/metadata/55/21799455.html,1834
roa_1834-35_7__01,Om riksdagstrycket,adel,1834,1834,https://weburn.kb.se/riks/ståndsriksdagen/xml/roa_1834-35_7_/roa_1834-35_7__01.xml,https://weburn.kb.se/riks/ståndsriksdagen/pdf/roa_1834-35_7_/roa_1834-35_7__01.pdf,https://weburn.kb.se/riks/metadata/56/21799456.html,1834
roa_1834-35_7__02,Om riksdagstrycket,adel,1834,1834,https://weburn.kb.se/riks/ståndsriksdagen/xml/roa_1834-35_7_/roa_1834-35_7__02.xml,https://weburn.kb.se/riks/ståndsriksdagen/pdf/roa_1834-35_7_/roa_1834-35_7__02.pdf,https://weburn.kb.se/riks/metadata/56/21799456.html,1834
roa_1834-35_17__01,Om riksdagstrycket,adel,1834,1834,https://weburn.kb.se/riks/ståndsriksdagen/xml/roa_1834-35_17_/roa_1834-35_17__01.xml,https://weburn.kb.se/riks/ståndsriksdagen/pdf/roa_1834-35_17_/roa_1834-35_17__01.pdf,https://weburn.kb.se/riks/metadata/46/21799446.html,1834
roa_1834-35_17__02,Om riksdagstrycket,adel,1834,1834,https://weburn.kb.se/riks/ståndsriksdagen/xml/roa_1834-35_17_/roa_1834-35_17__02.xml,https://weburn.kb.se/riks/ståndsriksdagen/pdf/roa_1834-35_17_/roa_1834-35_17__02.pdf,https://weburn.kb.se/riks/metadata/46/21799446.html,1834
roa_1834-35_10__01,Om riksdagstrycket,adel,1834,1834,https://weburn.kb.se/riks/ståndsriksdagen/xml/roa_1834-35_10_/roa_1834-35_10__01.xml,https://weburn.kb.se/riks/ståndsriksdagen/pdf/roa_1834-35_10_/roa_1834-35_10__01.pdf,https://weburn.kb.se/riks/metadata/39/21799439.html,1834
roa_1834-35_10__02,Om riksdagstrycket,adel,1834,1834,https://weburn.kb.se/riks/ståndsriksdagen/xml/roa_1834-35_10_/roa_1834-35_10__02.xml,https://weburn.kb.se/riks/ståndsriksdagen/pdf/roa_1834-35_10_/roa_1834-35_10__02.pdf,https://weburn.kb.se/riks/metadata/39/21799439.html,1834
roa_1834-35_12__01,Om riksdagstrycket,adel,1834,1834,https://weburn.kb.se/riks/ståndsriksdagen/xml/roa_1834-35_12_/roa_1834-35_12__01.xml,https://weburn.kb.se/riks/ståndsriksdagen/pdf/roa_1834-35_12_/roa_1834-35_12__01.pdf,https://weburn.kb.se/riks/metadata/41/21799441.html,1834
roa_1834-35_12__02,Om riksdagstrycket,adel,1834,1834,https://weburn.kb.se/riks/ståndsriksdagen/xml/roa_1834-35_12_/roa_1834-35_12__02.xml,https://weburn.kb.se/riks/ståndsriksdagen/pdf/roa_1834-35_12_/roa_1834-35_12__02.pdf,https://weburn.kb.se/riks/metadata/41/21799441.html,1834
roa_1834-35_3_,Om riksdagstrycket,adel,1834,1834,https://weburn.kb.se/riks/ståndsriksdagen/xml/roa_1834-35_3_/roa_1834-35_3_.xml,https://weburn.kb.se/riks/ståndsriksdagen/pdf/roa_1834-35_3_/roa_1834-35_3_.pdf,https://weburn.kb.se/riks/metadata/52/21799452.html,1834
roa_1834-35_13_,Om riksdagstrycket,adel,1834,1834,https://weburn.kb.se/riks/ståndsriksdagen/xml/roa_1834-35_13_/roa_1834-35_13_.xml,https://weburn.kb.se/riks/ståndsriksdagen/pdf/roa_1834-35_13_/roa_1834-35_13_.pdf,https://weburn.kb.se/riks/metadata/42/21799442.html,1834
roa_1834-35_8__01,Om riksdagstrycket,adel,1834,1834,https://weburn.kb.se/riks/ståndsriksdagen/xml/roa_1834-35_8_/roa_1834-35_8__01.xml,https://weburn.kb.se/riks/ståndsriksdagen/pdf/roa_1834-35_8_/roa_1834-35_8__01.pdf,https://weburn.kb.se/riks/metadata/57/21799457.html,1834
roa_1834-35_8__02,Om riksdagstrycket,adel,1834,1834,https://weburn.kb.se/riks/ståndsriksdagen/xml/roa_1834-35_8_/roa_1834-35_8__02.xml,https://weburn.kb.se/riks/ståndsriksdagen/pdf/roa_1834-35_8_/roa_1834-35_8__02.pdf,https://weburn.kb.se/riks/metadata/57/21799457.html,1834
roa_1834-35_18_,Om riksdagstrycket,adel,1834,1834,https://weburn.kb.se/riks/ståndsriksdagen/xml/roa_1834-35_18_/roa_1834-35_18_.xml,https://weburn.kb.se/riks/ståndsriksdagen/pdf/roa_1834-35_18_/roa_1834-35_18_.pdf,https://weburn.kb.se/riks/metadata/47/21799447.html,1834
roa_1834-35_19_,Om riksdagstrycket,adel,1834,1834,https://weburn.kb.se/riks/ståndsriksdagen/xml/roa_1834-35_19_/roa_1834-35_19_.xml,https://weburn.kb.se/riks/ståndsriksdagen/pdf/roa_1834-35_19_/roa_1834-35_19_.pdf,https://weburn.kb.se/riks/metadata/48/21799448.html,1834
roa_1834-35_2_,Om riksdagstrycket,adel,1834,1834,https://weburn.kb.se/riks/ståndsriksdagen/xml/roa_1834-35_2_/roa_1834-35_2_.xml,https://weburn.kb.se/riks/ståndsriksdagen/pdf/roa_1834-35_2_/roa_1834-35_2_.pdf,https://weburn.kb.se/riks/metadata/48/21799448.html,1834
roa_1834-35_20__01,Om riksdagstrycket,adel,1834,1834,https://weburn.kb.se/riks/ståndsriksdagen/xml/roa_1834-35_20_/roa_1834-35_20__01.xml,https://weburn.kb.se/riks/ståndsriksdagen/pdf/roa_1834-35_20_/roa_1834-35_20__01.pdf,https://weburn.kb.se/riks/metadata/49/21799449.html,1834
roa_1834-35_20__02,Om riksdagstrycket,adel,1834,1834,https://weburn.kb.se/riks/ståndsriksdagen/xml/roa_1834-35_20_/roa_1834-35_20__02.xml,https://weburn.kb.se/riks/ståndsriksdagen/pdf/roa_1834-35_20_/roa_1834-35_20__02.pdf,https://weburn.kb.se/riks/metadata/49/21799449.html,1834
roa_1834-35_22_,Om riksdagstrycket,adel,1834,1834,https://weburn.kb.se/riks/ståndsriksdagen/xml/roa_1834-35_22_/roa_1834-35_22_.xml,https://weburn.kb.se/riks/ståndsriksdagen/pdf/roa_1834-35_22_/roa_1834-35_22_.pdf,https://weburn.kb.se/riks/metadata/51/21799451.html,1834
roa_1834-35_21__01,Om riksdagstrycket,adel,1834,1834,https://weburn.kb.se/riks/ståndsriksdagen/xml/roa_1834-35_21_/roa_1834-35_21__01.xml,https://weburn.kb.se/riks/ståndsriksdagen/pdf/roa_1834-35_21_/roa_1834-35_21__01.pdf,https://weburn.kb.se/riks/metadata/50/21799450.html,1834
roa_1834-35_21__02,Om riksdagstrycket,adel,1834,1834,https://weburn.kb.se/riks/ståndsriksdagen/xml/roa_1834-35_21_/roa_1834-35_21__02.xml,https://weburn.kb.se/riks/ståndsriksdagen/pdf/roa_1834-35_21_/roa_1834-35_21__02.pdf,https://weburn.kb.se/riks/metadata/50/21799450.html,1834
roa_1834-35_reg_,Om riksdagstrycket,adel,1834,1834,https://weburn.kb.se/riks/ståndsriksdagen/xml/roa_1834-35_reg_/roa_1834-35_reg_.xml,https://weburn.kb.se/riks/ståndsriksdagen/pdf/roa_1834-35_reg_/roa_1834-35_reg_.pdf,https://weburn.kb.se/riks/metadata/59/21799459.html,1834
pr_1834-35_reg__01,Om riksdagstrycket,praster,1834,1834,https://weburn.kb.se/riks/ståndsriksdagen/xml/pr_1834-35_reg_/pr_1834-35_reg__01.xml,https://weburn.kb.se/riks/ståndsriksdagen/pdf/pr_1834-35_reg_/pr_1834-35_reg__01.pdf,https://weburn.kb.se/riks/metadata/59/21799059.html,1834
pr_1834-35_reg__02,Om riksdagstrycket,praster,1834,1834,https://weburn.kb.se/riks/ståndsriksdagen/xml/pr_1834-35_reg_/pr_1834-35_reg__02.xml,https://weburn.kb.se/riks/ståndsriksdagen/pdf/pr_1834-35_reg_/pr_1834-35_reg__02.pdf,https://weburn.kb.se/riks/metadata/59/21799059.html,1834
bg_1834-35_reg_,Om riksdagstrycket,borgare,1834,1834,https://weburn.kb.se/riks/ståndsriksdagen/xml/bg_1834-35_reg_/bg_1834-35_reg_.xml,https://weburn.kb.se/riks/ståndsriksdagen/pdf/bg_1834-35_reg_/bg_1834-35_reg_.pdf,https://weburn.kb.se/riks/metadata/21/21797921.html,1834
bn_1834-35_reg_,Om riksdagstrycket,bonder,1834,1834,https://weburn.kb.se/riks/ståndsriksdagen/xml/bn_1834-35_reg_/bn_1834-35_reg_.xml,https://weburn.kb.se/riks/ståndsriksdagen/pdf/bn_1834-35_reg_/bn_1834-35_reg_.pdf,https://weburn.kb.se/riks/metadata/09/21798809.html,1834
bih_1840-41_reg_,Om riksdagstrycket,bihang,1840,1840,https://weburn.kb.se/riks/ståndsriksdagen/xml/bih_1840-41_reg_/bih_1840-41_reg_.xml,https://weburn.kb.se/riks/ståndsriksdagen/pdf/bih_1840-41_reg_/bih_1840-41_reg_.pdf,https://weburn.kb.se/riks/metadata/42/21798342.html,1840
bih_1840-41_2-1-1__01,Om riksdagstrycket,bihang,1840,1840,https://weburn.kb.se/riks/ståndsriksdagen/xml/bih_1840-41_2-1-1_/bih_1840-41_2-1-1__01.xml,https://weburn.kb.se/riks/ståndsriksdagen/pdf/bih_1840-41_2-1-1_/bih_1840-41_2-1-1__01.pdf,https://weburn.kb.se/riks/metadata/21/21798321.html,1840
bih_1840-41_2-1-1__02,Om riksdagstrycket,bihang,1840,1840,https://weburn.kb.se/riks/ståndsriksdagen/xml/bih_1840-41_2-1-1_/bih_1840-41_2-1-1__02.xml,https://weburn.kb.se/riks/ståndsriksdagen/pdf/bih_1840-41_2-1-1_/bih_1840-41_2-1-1__02.pdf,https://weburn.kb.se/riks/metadata/21/21798321.html,1840
bih_1840-41_2-1-3__01,Om riksdagstrycket,bihang,1840,1840,https://weburn.kb.se/riks/ståndsriksdagen/xml/bih_1840-41_2-1-3_/bih_1840-41_2-1-3__01.xml,https://weburn.kb.se/riks/ståndsriksdagen/pdf/bih_1840-41_2-1-3_/bih_1840-41_2-1-3__01.pdf,https://weburn.kb.se/riks/metadata/21/21798321.html,1840
bih_1840-41_2-1-2_,Om riksdagstrycket,bihang,1840,1840,https://weburn.kb.se/riks/ståndsriksdagen/xml/bih_1840-41_2-1-2_/bih_1840-41_2-1-2_.xml,https://weburn.kb.se/riks/ståndsriksdagen/pdf/bih_1840-41_2-1-2_/bih_1840-41_2-1-2_.pdf,https://weburn.kb.se/riks/metadata/22/21798322.html,1840
bih_1840-41_2-1-3__02,Om riksdagstrycket,bihang,1840,1840,https://weburn.kb.se/riks/ståndsriksdagen/xml/bih_1840-41_2-1-3_/bih_1840-41_2-1-3__02.xml,https://weburn.kb.se/riks/ståndsriksdagen/pdf/bih_1840-41_2-1-3_/bih_1840-41_2-1-3__02.pdf,https://weburn.kb.se/riks/metadata/23/21798323.html,1840
bih_1840-41_2-2-2__01,Om riksdagstrycket,bihang,1840,1840,https://weburn.kb.se/riks/ståndsriksdagen/xml/bih_1840-41_2-2-2_/bih_1840-41_2-2-2__01.xml,https://weburn.kb.se/riks/ståndsriksdagen/pdf/bih_1840-41_2-2-2_/bih_1840-41_2-2-2__01.pdf,https://weburn.kb.se/riks/metadata/26/21798326.html,1840
bih_1840-41_2-2-2__02,Om riksdagstrycket,bihang,1840,1840,https://weburn.kb.se/riks/ståndsriksdagen/xml/bih_1840-41_2-2-2_/bih_1840-41_2-2-2__02.xml,https://weburn.kb.se/riks/ståndsriksdagen/pdf/bih_1840-41_2-2-2_/bih_1840-41_2-2-2__02.pdf,https://weburn.kb.se/riks/metadata/26/21798326.html,1840
bih_1840-41_2-2-1__01,Om riksdagstrycket,bihang,1840,1840,https://weburn.kb.se/riks/ståndsriksdagen/xml/bih_1840-41_2-2-1_/bih_1840-41_2-2-1__01.xml,https://weburn.kb.se/riks/ståndsriksdagen/pdf/bih_1840-41_2-2-1_/bih_1840-41_2-2-1__01.pdf,https://weburn.kb.se/riks/metadata/25/21798325.html,1840
bih_1840-41_2-2-1__02,Om riksdagstrycket,bihang,1840,1840,https://weburn.kb.se/riks/ståndsriksdagen/xml/bih_1840-41_2-2-1_/bih_1840-41_2-2-1__02.xml,https://weburn.kb.se/riks/ståndsriksdagen/pdf/bih_1840-41_2-2-1_/bih_1840-41_2-2-1__02.pdf,https://weburn.kb.se/riks/metadata/25/21798325.html,1840
bih_1840-41_4-1-2__01,Om riksdagstrycket,bihang,1840,1840,https://weburn.kb.se/riks/ståndsriksdagen/xml/bih_1840-41_4-1-2_/bih_1840-41_4-1-2__01.xml,https://weburn.kb.se/riks/ståndsriksdagen/pdf/bih_1840-41_4-1-2_/bih_1840-41_4-1-2__01.pdf,https://weburn.kb.se/riks/metadata/29/21798329.html,1840
bih_1840-41_4-1-2__02,Om riksdagstrycket,bihang,1840,1840,https://weburn.kb.se/riks/ståndsriksdagen/xml/bih_1840-41_4-1-2_/bih_1840-41_4-1-2__02.xml,https://weburn.kb.se/riks/ståndsriksdagen/pdf/bih_1840-41_4-1-2_/bih_1840-41_4-1-2__02.pdf,https://weburn.kb.se/riks/metadata/29/21798329.html,1840
bih_1840-41_4-1-2__03,Om riksdagstrycket,bihang,1840,1840,https://weburn.kb.se/riks/ståndsriksdagen/xml/bih_1840-41_4-1-2_/bih_1840-41_4-1-2__03.xml,https://weburn.kb.se/riks/ståndsriksdagen/pdf/bih_1840-41_4-1-2_/bih_1840-41_4-1-2__03.pdf,https://weburn.kb.se/riks/metadata/29/21798329.html,1840
bih_1840-41_4-1-1__01,Om riksdagstrycket,bihang,1840,1840,https://weburn.kb.se/riks/ståndsriksdagen/xml/bih_1840-41_4-1-1_/bih_1840-41_4-1-1__01.xml,https://weburn.kb.se/riks/ståndsriksdagen/pdf/bih_1840-41_4-1-1_/bih_1840-41_4-1-1__01.pdf,https://weburn.kb.se/riks/metadata/28/21798328.html,1840
bih_1840-41_4-1-1__02,Om riksdagstrycket,bihang,1840,1840,https://weburn.kb.se/riks/ståndsriksdagen/xml/bih_1840-41_4-1-1_/bih_1840-41_4-1-1__02.xml,https://weburn.kb.se/riks/ståndsriksdagen/pdf/bih_1840-41_4-1-1_/bih_1840-41_4-1-1__02.pdf,https://weburn.kb.se/riks/metadata/28/21798328.html,1840
bih_1840-41_4-1-1__03,Om riksdagstrycket,bihang,1840,1840,https://weburn.kb.se/riks/ståndsriksdagen/xml/bih_1840-41_4-1-1_/bih_1840-41_4-1-1__03.xml,https://weburn.kb.se/riks/ståndsriksdagen/pdf/bih_1840-41_4-1-1_/bih_1840-41_4-1-1__03.pdf,https://weburn.kb.se/riks/metadata/28/21798328.html,1840
bih_1840-41_9-1__01,Om riksdagstrycket,bihang,1840,1840,https://weburn.kb.se/riks/ståndsriksdagen/xml/bih_1840-41_9-1_/bih_1840-41_9-1__01.xml,https://weburn.kb.se/riks/ståndsriksdagen/pdf/bih_1840-41_9-1_/bih_1840-41_9-1__01.pdf,https://weburn.kb.se/riks/metadata/37/21798337.html,1840
bih_1840-41_9-1__02,Om riksdagstrycket,bihang,1840,1840,https://weburn.kb.se/riks/ståndsriksdagen/xml/bih_1840-41_9-1_/bih_1840-41_9-1__02.xml,https://weburn.kb.se/riks/ståndsriksdagen/pdf/bih_1840-41_9-1_/bih_1840-41_9-1__02.pdf,https://weburn.kb.se/riks/metadata/37/21798337.html,1840
bih_1840-41_9-1__03,Om riksdagstrycket,bihang,1840,1840,https://weburn.kb.se/riks/ståndsriksdagen/xml/bih_1840-41_9-1_/bih_1840-41_9-1__03.xml,https://weburn.kb.se/riks/ståndsriksdagen/pdf/bih_1840-41_9-1_/bih_1840-41_9-1__03.pdf,https://weburn.kb.se/riks/metadata/37/21798337.html,1840
bih_1840-41_9-1__04,Om riksdagstrycket,bihang,1840,1840,https://weburn.kb.se/riks/ståndsriksdagen/xml/bih_1840-41_9-1_/bih_1840-41_9-1__04.xml,https://weburn.kb.se/riks/ståndsriksdagen/pdf/bih_1840-41_9-1_/bih_1840-41_9-1__04.pdf,https://weburn.kb.se/riks/metadata/37/21798337.html,1840
bih_1840-41_2-1-4_,Om riksdagstrycket,bihang,1840,1840,https://weburn.kb.se/riks/ståndsriksdagen/xml/bih_1840-41_2-1-4_/bih_1840-41_2-1-4_.xml,https://weburn.kb.se/riks/ståndsriksdagen/pdf/bih_1840-41_2-1-4_/bih_1840-41_2-1-4_.pdf,https://weburn.kb.se/riks/metadata/24/21798324.html,1840
bih_1840-41_8__01,Om riksdagstrycket,bihang,1840,1840,https://weburn.kb.se/riks/ståndsriksdagen/xml/bih_1840-41_8_/bih_1840-41_8__01.xml,https://weburn.kb.se/riks/ståndsriksdagen/pdf/bih_1840-41_8_/bih_1840-41_8__01.pdf,https://weburn.kb.se/riks/metadata/36/21798336.html,1840
bih_1840-41_8__02,Om riksdagstrycket,bihang,1840,1840,https://weburn.kb.se/riks/ståndsriksdagen/xml/bih_1840-41_8_/bih_1840-41_8__02.xml,https://weburn.kb.se/riks/ståndsriksdagen/pdf/bih_1840-41_8_/bih_1840-41_8__02.pdf,https://weburn.kb.se/riks/metadata/36/21798336.html,1840
bih_1840-41_5-1_2_,Om riksdagstrycket,bihang,1840,1840,https://weburn.kb.se/riks/ståndsriksdagen/xml/bih_1840-41_5-1_2_/bih_1840-41_5-1_2_.xml,https://weburn.kb.se/riks/ståndsriksdagen/pdf/bih_1840-41_5-1_2_/bih_1840-41_5-1_2_.pdf,https://weburn.kb.se/riks/metadata/32/21798332.html,1840
bih_1840-41_5-1-1__01,Om riksdagstrycket,bihang,1840,1840,https://weburn.kb.se/riks/ståndsriksdagen/xml/bih_1840-41_5-1-1_/bih_1840-41_5-1-1__01.xml,https://weburn.kb.se/riks/ståndsriksdagen/pdf/bih_1840-41_5-1-1_/bih_1840-41_5-1-1__01.pdf,https://weburn.kb.se/riks/metadata/33/21798333.html,1840
bih_1840-41_5-1-1__02,Om riksdagstrycket,bihang,1840,1840,https://weburn.kb.se/riks/ståndsriksdagen/xml/bih_1840-41_5-1-1_/bih_1840-41_5-1-1__02.xml,https://weburn.kb.se/riks/ståndsriksdagen/pdf/bih_1840-41_5-1-1_/bih_1840-41_5-1-1__02.pdf,https://weburn.kb.se/riks/metadata/33/21798333.html,1840
bih_1840-41_5-1-1__03,Om riksdagstrycket,bihang,1840,1840,https://weburn.kb.se/riks/ståndsriksdagen/xml/bih_1840-41_5-1-1_/bih_1840-41_5-1-1__03.xml,https://weburn.kb.se/riks/ståndsriksdagen/pdf/bih_1840-41_5-1-1_/bih_1840-41_5-1-1__03.pdf,https://weburn.kb.se/riks/metadata/33/21798333.html,1840
bih_1840-41_5-1-1__04,Om riksdagstrycket,bihang,1840,1840,https://weburn.kb.se/riks/ståndsriksdagen/xml/bih_1840-41_5-1-1_/bih_1840-41_5-1-1__04.xml,https://weburn.kb.se/riks/ståndsriksdagen/pdf/bih_1840-41_5-1-1_/bih_1840-41_5-1-1__04.pdf,https://weburn.kb.se/riks/metadata/33/21798333.html,1840
bih_1840-41_4-1-3__01,Om riksdagstrycket,bihang,1840,1840,https://weburn.kb.se/riks/ståndsriksdagen/xml/bih_1840-41_4-1-3_/bih_1840-41_4-1-3__01.xml,https://weburn.kb.se/riks/ståndsriksdagen/pdf/bih_1840-41_4-1-3_/bih_1840-41_4-1-3__01.pdf,https://weburn.kb.se/riks/metadata/30/21798330.html,1840
bih_1840-41_4-1-3__02,Om riksdagstrycket,bihang,1840,1840,https://weburn.kb.se/riks/ståndsriksdagen/xml/bih_1840-41_4-1-3_/bih_1840-41_4-1-3__02.xml,https://weburn.kb.se/riks/ståndsriksdagen/pdf/bih_1840-41_4-1-3_/bih_1840-41_4-1-3__02.pdf,https://weburn.kb.se/riks/metadata/30/21798330.html,1840
bih_1840-41_4-1-3__03,Om riksdagstrycket,bihang,1840,1840,https://weburn.kb.se/riks/ståndsriksdagen/xml/bih_1840-41_4-1-3_/bih_1840-41_4-1-3__03.xml,https://weburn.kb.se/riks/ståndsriksdagen/pdf/bih_1840-41_4-1-3_/bih_1840-41_4-1-3__03.pdf,https://weburn.kb.se/riks/metadata/30/21798330.html,1840
bih_1840-41_4-2__01,Om riksdagstrycket,bihang,1840,1840,https://weburn.kb.se/riks/ståndsriksdagen/xml/bih_1840-41_4-2_/bih_1840-41_4-2__01.xml,https://weburn.kb.se/riks/ståndsriksdagen/pdf/bih_1840-41_4-2_/bih_1840-41_4-2__01.pdf,https://weburn.kb.se/riks/metadata/31/21798331.html,1840
bih_1840-41_4-2__02,Om riksdagstrycket,bihang,1840,1840,https://weburn.kb.se/riks/ståndsriksdagen/xml/bih_1840-41_4-2_/bih_1840-41_4-2__02.xml,https://weburn.kb.se/riks/ståndsriksdagen/pdf/bih_1840-41_4-2_/bih_1840-41_4-2__02.pdf,https://weburn.kb.se/riks/metadata/31/21798331.html,1840
bih_1840-41_4-2__03,Om riksdagstrycket,bihang,1840,1840,https://weburn.kb.se/riks/ståndsriksdagen/xml/bih_1840-41_4-2_/bih_1840-41_4-2__03.xml,https://weburn.kb.se/riks/ståndsriksdagen/pdf/bih_1840-41_4-2_/bih_1840-41_4-2__03.pdf,https://weburn.kb.se/riks/metadata/31/21798331.html,1840
bih_1840-41_1-1_2__01,Om riksdagstrycket,bihang,1840,1840,https://weburn.kb.se/riks/ståndsriksdagen/xml/bih_1840-41_1-1_2_/bih_1840-41_1-1_2__01.xml,https://weburn.kb.se/riks/ståndsriksdagen/pdf/bih_1840-41_1-1_2_/bih_1840-41_1-1_2__01.pdf,https://weburn.kb.se/riks/metadata/20/21798320.html,1840
bih_1840-41_1-1_2__02,Om riksdagstrycket,bihang,1840,1840,https://weburn.kb.se/riks/ståndsriksdagen/xml/bih_1840-41_1-1_2_/bih_1840-41_1-1_2__02.xml,https://weburn.kb.se/riks/ståndsriksdagen/pdf/bih_1840-41_1-1_2_/bih_1840-41_1-1_2__02.pdf,https://weburn.kb.se/riks/metadata/20/21798320.html,1840
bih_1840-41_1-1_2__03,Om riksdagstrycket,bihang,1840,1840,https://weburn.kb.se/riks/ståndsriksdagen/xml/bih_1840-41_1-1_2_/bih_1840-41_1-1_2__03.xml,https://weburn.kb.se/riks/ståndsriksdagen/pdf/bih_1840-41_1-1_2_/bih_1840-41_1-1_2__03.pdf,https://weburn.kb.se/riks/metadata/20/21798320.html,1840
bih_1840-41_1-1_2__04,Om riksdagstrycket,bihang,1840,1840,https://weburn.kb.se/riks/ståndsriksdagen/xml/bih_1840-41_1-1_2_/bih_1840-41_1-1_2__04.xml,https://weburn.kb.se/riks/ståndsriksdagen/pdf/bih_1840-41_1-1_2_/bih_1840-41_1-1_2__04.pdf,https://weburn.kb.se/riks/metadata/20/21798320.html,1840
bih_1840-41_9-2__01,Om riksdagstrycket,bihang,1840,1840,https://weburn.kb.se/riks/ståndsriksdagen/xml/bih_1840-41_9-2_/bih_1840-41_9-2__01.xml,https://weburn.kb.se/riks/ståndsriksdagen/pdf/bih_1840-41_9-2_/bih_1840-41_9-2__01.pdf,https://weburn.kb.se/riks/metadata/39/21798339.html,1840
bih_1840-41_9-2__02,Om riksdagstrycket,bihang,1840,1840,https://weburn.kb.se/riks/ståndsriksdagen/xml/bih_1840-41_9-2_/bih_1840-41_9-2__02.xml,https://weburn.kb.se/riks/ståndsriksdagen/pdf/bih_1840-41_9-2_/bih_1840-41_9-2__02.pdf,https://weburn.kb.se/riks/metadata/39/21798339.html,1840
bih_1840-41_6-1_2__01,Om riksdagstrycket,bihang,1840,1840,https://weburn.kb.se/riks/ståndsriksdagen/xml/bih_1840-41_6-1_2_/bih_1840-41_6-1_2__01.xml,https://weburn.kb.se/riks/ståndsriksdagen/pdf/bih_1840-41_6-1_2_/bih_1840-41_6-1_2__01.pdf,https://weburn.kb.se/riks/metadata/34/21798334.html,1840
bih_1840-41_6-1_2__02,Om riksdagstrycket,bihang,1840,1840,https://weburn.kb.se/riks/ståndsriksdagen/xml/bih_1840-41_6-1_2_/bih_1840-41_6-1_2__02.xml,https://weburn.kb.se/riks/ståndsriksdagen/pdf/bih_1840-41_6-1_2_/bih_1840-41_6-1_2__02.pdf,https://weburn.kb.se/riks/metadata/34/21798334.html,1840
bih_1840-41_6-1_2__03,Om riksdagstrycket,bihang,1840,1840,https://weburn.kb.se/riks/ståndsriksdagen/xml/bih_1840-41_6-1_2_/bih_1840-41_6-1_2__03.xml,https://weburn.kb.se/riks/ståndsriksdagen/pdf/bih_1840-41_6-1_2_/bih_1840-41_6-1_2__03.pdf,https://weburn.kb.se/riks/metadata/34/21798334.html,1840
bih_1840-41_6-1_2__04,Om riksdagstrycket,bihang,1840,1840,https://weburn.kb.se/riks/ståndsriksdagen/xml/bih_1840-41_6-1_2_/bih_1840-41_6-1_2__04.xml,https://weburn.kb.se/riks/ståndsriksdagen/pdf/bih_1840-41_6-1_2_/bih_1840-41_6-1_2__04.pdf,https://weburn.kb.se/riks/metadata/34/21798334.html,1840
bih_1840-41_7-1_2__01,Om riksdagstrycket,bihang,1840,1840,https://weburn.kb.se/riks/ståndsriksdagen/xml/bih_1840-41_7-1_2_/bih_1840-41_7-1_2__01.xml,https://weburn.kb.se/riks/ståndsriksdagen/pdf/bih_1840-41_7-1_2_/bih_1840-41_7-1_2__01.pdf,https://weburn.kb.se/riks/metadata/35/21798335.html,1840
bih_1840-41_7-1_2__02,Om riksdagstrycket,bihang,1840,1840,https://weburn.kb.se/riks/ståndsriksdagen/xml/bih_1840-41_7-1_2_/bih_1840-41_7-1_2__02.xml,https://weburn.kb.se/riks/ståndsriksdagen/pdf/bih_1840-41_7-1_2_/bih_1840-41_7-1_2__02.pdf,https://weburn.kb.se/riks/metadata/35/21798335.html,1840
bih_1840-41_7-1_2__03,Om riksdagstrycket,bihang,1840,1840,https://weburn.kb.se/riks/ståndsriksdagen/xml/bih_1840-41_7-1_2_/bih_1840-41_7-1_2__03.xml,https://weburn.kb.se/riks/ståndsriksdagen/pdf/bih_1840-41_7-1_2_/bih_1840-41_7-1_2__03.pdf,https://weburn.kb.se/riks/metadata/35/21798335.html,1840
bih_1840-41_7_2,Om riksdagstrycket,bihang,1840,1840,,https://weburn.kb.se/riks/ståndsriksdagen/pdf/bih_1840-41_7-1_2_/bih_1840-41_7_2.pdf,https://weburn.kb.se/riks/metadata/wb/3jg66vvd16t4ntwb.html,1840
bih_1840-41_10-1-1__01,Om riksdagstrycket,bihang,1840,1840,https://weburn.kb.se/riks/ståndsriksdagen/xml/bih_1840-41_10-1-1_/bih_1840-41_10-1-1__01.xml,https://weburn.kb.se/riks/ståndsriksdagen/pdf/bih_1840-41_10-1-1_/bih_1840-41_10-1-1__01.pdf,https://weburn.kb.se/riks/metadata/19/21798319.html,1840
bih_1840-41_10-1-1__02,Om riksdagstrycket,bihang,1840,1840,https://weburn.kb.se/riks/ståndsriksdagen/xml/bih_1840-41_10-1-1_/bih_1840-41_10-1-1__02.xml,https://weburn.kb.se/riks/ståndsriksdagen/pdf/bih_1840-41_10-1-1_/bih_1840-41_10-1-1__02.pdf,https://weburn.kb.se/riks/metadata/19/21798319.html,1840
bih_1840-41_10-1-1__03,Om riksdagstrycket,bihang,1840,1840,https://weburn.kb.se/riks/ståndsriksdagen/xml/bih_1840-41_10-1-1_/bih_1840-41_10-1-1__03.xml,https://weburn.kb.se/riks/ståndsriksdagen/pdf/bih_1840-41_10-1-1_/bih_1840-41_10-1-1__03.pdf,https://weburn.kb.se/riks/metadata/19/21798319.html,1840
bih_1840-41_10-1-1__04,Om riksdagstrycket,bihang,1840,1840,https://weburn.kb.se/riks/ståndsriksdagen/xml/bih_1840-41_10-1-1_/bih_1840-41_10-1-1__04.xml,https://weburn.kb.se/riks/ståndsriksdagen/pdf/bih_1840-41_10-1-1_/bih_1840-41_10-1-1__04.pdf,https://weburn.kb.se/riks/metadata/19/21798319.html,1840
bih_1840-41_10-1_2-2__01,Om riksdagstrycket,bihang,1840,1840,https://weburn.kb.se/riks/ståndsriksdagen/xml/bih_1840-41_10-1_2-2_/bih_1840-41_10-1_2-2__01.xml,https://weburn.kb.se/riks/ståndsriksdagen/pdf/bih_1840-41_10-1_2-2_/bih_1840-41_10-1_2-2__01.pdf,https://weburn.kb.se/riks/metadata/17/21798317.html,1840
bih_1840-41_10-1_2-2__02,Om riksdagstrycket,bihang,1840,1840,https://weburn.kb.se/riks/ståndsriksdagen/xml/bih_1840-41_10-1_2-2_/bih_1840-41_10-1_2-2__02.xml,https://weburn.kb.se/riks/ståndsriksdagen/pdf/bih_1840-41_10-1_2-2_/bih_1840-41_10-1_2-2__02.pdf,https://weburn.kb.se/riks/metadata/17/21798317.html,1840
bih_1840-41_3__01,Om riksdagstrycket,bihang,1840,1840,https://weburn.kb.se/riks/ståndsriksdagen/xml/bih_1840-41_3_/bih_1840-41_3__01.xml,https://weburn.kb.se/riks/ståndsriksdagen/pdf/bih_1840-41_3_/bih_1840-41_3__01.pdf,https://weburn.kb.se/riks/metadata/27/21798327.html,1840
bih_1840-41_3__02,Om riksdagstrycket,bihang,1840,1840,https://weburn.kb.se/riks/ståndsriksdagen/xml/bih_1840-41_3_/bih_1840-41_3__02.xml,https://weburn.kb.se/riks/ståndsriksdagen/pdf/bih_1840-41_3_/bih_1840-41_3__02.pdf,https://weburn.kb.se/riks/metadata/27/21798327.html,1840
bih_1840-41_3__03,Om riksdagstrycket,bihang,1840,1840,https://weburn.kb.se/riks/ståndsriksdagen/xml/bih_1840-41_3_/bih_1840-41_3__03.xml,https://weburn.kb.se/riks/ståndsriksdagen/pdf/bih_1840-41_3_/bih_1840-41_3__03.pdf,https://weburn.kb.se/riks/metadata/27/21798327.html,1840
bg_1840-41_bil__01,Om riksdagstrycket,borgare,1840,1840,https://weburn.kb.se/riks/ståndsriksdagen/xml/bg_1840-41_bil_/bg_1840-41_bil__01.xml,https://weburn.kb.se/riks/ståndsriksdagen/pdf/bg_1840-41_bil_/bg_1840-41_bil__01.pdf,https://weburn.kb.se/riks/metadata/33/21797933.html,1840
bg_1840-41_bil__02,Om riksdagstrycket,borgare,1840,1840,https://weburn.kb.se/riks/ståndsriksdagen/xml/bg_1840-41_bil_/bg_1840-41_bil__02.xml,https://weburn.kb.se/riks/ståndsriksdagen/pdf/bg_1840-41_bil_/bg_1840-41_bil__02.pdf,https://weburn.kb.se/riks/metadata/33/21797933.html,1840
bn_1840-41_10__01,Om riksdagstrycket,bonder,1840,1840,https://weburn.kb.se/riks/ståndsriksdagen/xml/bn_1840-41_10_/bn_1840-41_10__01.xml,https://weburn.kb.se/riks/ståndsriksdagen/pdf/bn_1840-41_10_/bn_1840-41_10__01.pdf,https://weburn.kb.se/riks/metadata/12/21798812.html,1840
bn_1840-41_10__02,Om riksdagstrycket,bonder,1840,1840,https://weburn.kb.se/riks/ståndsriksdagen/xml/bn_1840-41_10_/bn_1840-41_10__02.xml,https://weburn.kb.se/riks/ståndsriksdagen/pdf/bn_1840-41_10_/bn_1840-41_10__02.pdf,https://weburn.kb.se/riks/metadata/12/21798812.html,1840
bn_1840-41_2__01,Om riksdagstrycket,bonder,1840,1840,https://weburn.kb.se/riks/ståndsriksdagen/xml/bn_1840-41_2_/bn_1840-41_2__01.xml,https://weburn.kb.se/riks/ståndsriksdagen/pdf/bn_1840-41_2_/bn_1840-41_2__01.pdf,https://weburn.kb.se/riks/metadata/16/21798816.html,1840
bn_1840-41_2__02,Om riksdagstrycket,bonder,1840,1840,https://weburn.kb.se/riks/ståndsriksdagen/xml/bn_1840-41_2_/bn_1840-41_2__02.xml,https://weburn.kb.se/riks/ståndsriksdagen/pdf/bn_1840-41_2_/bn_1840-41_2__02.pdf,https://weburn.kb.se/riks/metadata/16/21798816.html,1840
bn_1840-41_2__03,Om riksdagstrycket,bonder,1840,1840,https://weburn.kb.se/riks/ståndsriksdagen/xml/bn_1840-41_2_/bn_1840-41_2__03.xml,https://weburn.kb.se/riks/ståndsriksdagen/pdf/bn_1840-41_2_/bn_1840-41_2__03.pdf,https://weburn.kb.se/riks/metadata/16/21798816.html,1840
bn_1840-41_8_,Om riksdagstrycket,bonder,1840,1840,https://weburn.kb.se/riks/ståndsriksdagen/xml/bn_1840-41_8_/bn_1840-41_8_.xml,https://weburn.kb.se/riks/ståndsriksdagen/pdf/bn_1840-41_8_/bn_1840-41_8_.pdf,https://weburn.kb.se/riks/metadata/22/21798822.html,1840
bn_1840-41_5__01,Om riksdagstrycket,bonder,1840,1840,https://weburn.kb.se/riks/ståndsriksdagen/xml/bn_1840-41_5_/bn_1840-41_5__01.xml,https://weburn.kb.se/riks/ståndsriksdagen/pdf/bn_1840-41_5_/bn_1840-41_5__01.pdf,https://weburn.kb.se/riks/metadata/19/21798819.html,1840
bn_1840-41_5__02,Om riksdagstrycket,bonder,1840,1840,https://weburn.kb.se/riks/ståndsriksdagen/xml/bn_1840-41_5_/bn_1840-41_5__02.xml,https://weburn.kb.se/riks/ståndsriksdagen/pdf/bn_1840-41_5_/bn_1840-41_5__02.pdf,https://weburn.kb.se/riks/metadata/19/21798819.html,1840
bn_1840-41_5__03,Om riksdagstrycket,bonder,1840,1840,https://weburn.kb.se/riks/ståndsriksdagen/xml/bn_1840-41_5_/bn_1840-41_5__03.xml,https://weburn.kb.se/riks/ståndsriksdagen/pdf/bn_1840-41_5_/bn_1840-41_5__03.pdf,https://weburn.kb.se/riks/metadata/19/21798819.html,1840
bn_1840-41_4_,Om riksdagstrycket,bonder,1840,1840,https://weburn.kb.se/riks/ståndsriksdagen/xml/bn_1840-41_4_/bn_1840-41_4_.xml,https://weburn.kb.se/riks/ståndsriksdagen/pdf/bn_1840-41_4_/bn_1840-41_4_.pdf,https://weburn.kb.se/riks/metadata/18/21798818.html,1840
bn_1840-41_9__01,Om riksdagstrycket,bonder,1840,1840,https://weburn.kb.se/riks/ståndsriksdagen/xml/bn_1840-41_9_/bn_1840-41_9__01.xml,https://weburn.kb.se/riks/ståndsriksdagen/pdf/bn_1840-41_9_/bn_1840-41_9__01.pdf,https://weburn.kb.se/riks/metadata/23/21798823.html,1840
bn_1840-41_9__02,Om riksdagstrycket,bonder,1840,1840,https://weburn.kb.se/riks/ståndsriksdagen/xml/bn_1840-41_9_/bn_1840-41_9__02.xml,https://weburn.kb.se/riks/ståndsriksdagen/pdf/bn_1840-41_9_/bn_1840-41_9__02.pdf,https://weburn.kb.se/riks/metadata/23/21798823.html,1840
bn_1840-41_6_,Om riksdagstrycket,bonder,1840,1840,https://weburn.kb.se/riks/ståndsriksdagen/xml/bn_1840-41_6_/bn_1840-41_6_.xml,https://weburn.kb.se/riks/ståndsriksdagen/pdf/bn_1840-41_6_/bn_1840-41_6_.pdf,https://weburn.kb.se/riks/metadata/20/21798820.html,1840
bn_1840-41_7__01,Om riksdagstrycket,bonder,1840,1840,https://weburn.kb.se/riks/ståndsriksdagen/xml/bn_1840-41_7_/bn_1840-41_7__01.xml,https://weburn.kb.se/riks/ståndsriksdagen/pdf/bn_1840-41_7_/bn_1840-41_7__01.pdf,https://weburn.kb.se/riks/metadata/21/21798821.html,1840
bn_1840-41_7__02,Om riksdagstrycket,bonder,1840,1840,https://weburn.kb.se/riks/ståndsriksdagen/xml/bn_1840-41_7_/bn_1840-41_7__02.xml,https://weburn.kb.se/riks/ståndsriksdagen/pdf/bn_1840-41_7_/bn_1840-41_7__02.pdf,https://weburn.kb.se/riks/metadata/21/21798821.html,1840
bn_1840-41_3_,Om riksdagstrycket,bonder,1840,1840,https://weburn.kb.se/riks/ståndsriksdagen/xml/bn_1840-41_3_/bn_1840-41_3_.xml,https://weburn.kb.se/riks/ståndsriksdagen/pdf/bn_1840-41_3_/bn_1840-41_3_.pdf,https://weburn.kb.se/riks/metadata/17/21798817.html,1840
bn_1840-41_1_,Om riksdagstrycket,bonder,1840,1840,https://weburn.kb.se/riks/ståndsriksdagen/xml/bn_1840-41_1_/bn_1840-41_1_.xml,https://weburn.kb.se/riks/ståndsriksdagen/pdf/bn_1840-41_1_/bn_1840-41_1_.pdf,https://weburn.kb.se/riks/metadata/10/21798810.html,1840
bn_1840-41_11_,Om riksdagstrycket,bonder,1840,1840,https://weburn.kb.se/riks/ståndsriksdagen/xml/bn_1840-41_11_/bn_1840-41_11_.xml,https://weburn.kb.se/riks/ståndsriksdagen/pdf/bn_1840-41_11_/bn_1840-41_11_.pdf,https://weburn.kb.se/riks/metadata/13/21798813.html,1840
bn_1840-41_13_,Om riksdagstrycket,bonder,1840,1840,https://weburn.kb.se/riks/ståndsriksdagen/xml/bn_1840-41_13_/bn_1840-41_13_.xml,https://weburn.kb.se/riks/ståndsriksdagen/pdf/bn_1840-41_13_/bn_1840-41_13_.pdf,https://weburn.kb.se/riks/metadata/15/21798815.html,1840
bn_1840-41_12_,Om riksdagstrycket,bonder,1840,1840,https://weburn.kb.se/riks/ståndsriksdagen/xml/bn_1840-41_12_/bn_1840-41_12_.xml,https://weburn.kb.se/riks/ståndsriksdagen/pdf/bn_1840-41_12_/bn_1840-41_12_.pdf,https://weburn.kb.se/riks/metadata/14/21798814.html,1840
pr_1840-41_2__01,Om riksdagstrycket,praster,1840,1840,https://weburn.kb.se/riks/ståndsriksdagen/xml/pr_1840-41_2_/pr_1840-41_2__01.xml,https://weburn.kb.se/riks/ståndsriksdagen/pdf/pr_1840-41_2_/pr_1840-41_2__01.pdf,https://weburn.kb.se/riks/metadata/69/21799069.html,1840
pr_1840-41_2__02,Om riksdagstrycket,praster,1840,1840,https://weburn.kb.se/riks/ståndsriksdagen/xml/pr_1840-41_2_/pr_1840-41_2__02.xml,https://weburn.kb.se/riks/ståndsriksdagen/pdf/pr_1840-41_2_/pr_1840-41_2__02.pdf,https://weburn.kb.se/riks/metadata/69/21799069.html,1840
pr_1840-41_2__03,Om riksdagstrycket,praster,1840,1840,https://weburn.kb.se/riks/ståndsriksdagen/xml/pr_1840-41_2_/pr_1840-41_2__03.xml,https://weburn.kb.se/riks/ståndsriksdagen/pdf/pr_1840-41_2_/pr_1840-41_2__03.pdf,https://weburn.kb.se/riks/metadata/69/21799069.html,1840
pr_1840-41_8__01,Om riksdagstrycket,praster,1840,1840,https://weburn.kb.se/riks/ståndsriksdagen/xml/pr_1840-41_8_/pr_1840-41_8__01.xml,https://weburn.kb.se/riks/ståndsriksdagen/pdf/pr_1840-41_8_/pr_1840-41_8__01.pdf,https://weburn.kb.se/riks/metadata/76/21799076.html,1840
pr_1840-41_8__02,Om riksdagstrycket,praster,1840,1840,https://weburn.kb.se/riks/ståndsriksdagen/xml/pr_1840-41_8_/pr_1840-41_8__02.xml,https://weburn.kb.se/riks/ståndsriksdagen/pdf/pr_1840-41_8_/pr_1840-41_8__02.pdf,https://weburn.kb.se/riks/metadata/76/21799076.html,1840
pr_1840-41_11__01,Om riksdagstrycket,praster,1840,1840,https://weburn.kb.se/riks/ståndsriksdagen/xml/pr_1840-41_11_/pr_1840-41_11__01.xml,https://weburn.kb.se/riks/ståndsriksdagen/pdf/pr_1840-41_11_/pr_1840-41_11__01.pdf,https://weburn.kb.se/riks/metadata/62/21799062.html,1840
pr_1840-41_11__02,Om riksdagstrycket,praster,1840,1840,https://weburn.kb.se/riks/ståndsriksdagen/xml/pr_1840-41_11_/pr_1840-41_11__02.xml,https://weburn.kb.se/riks/ståndsriksdagen/pdf/pr_1840-41_11_/pr_1840-41_11__02.pdf,https://weburn.kb.se/riks/metadata/62/21799062.html,1840
pr_1840-41_11__03,Om riksdagstrycket,praster,1840,1840,https://weburn.kb.se/riks/ståndsriksdagen/xml/pr_1840-41_11_/pr_1840-41_11__03.xml,https://weburn.kb.se/riks/ståndsriksdagen/pdf/pr_1840-41_11_/pr_1840-41_11__03.pdf,https://weburn.kb.se/riks/metadata/62/21799062.html,1840
pr_1840-41_5__01,Om riksdagstrycket,praster,1840,1840,https://weburn.kb.se/riks/ståndsriksdagen/xml/pr_1840-41_5_/pr_1840-41_5__01.xml,https://weburn.kb.se/riks/ståndsriksdagen/pdf/pr_1840-41_5_/pr_1840-41_5__01.pdf,https://weburn.kb.se/riks/metadata/72/21799072.html,1840
pr_1840-41_5__02,Om riksdagstrycket,praster,1840,1840,https://weburn.kb.se/riks/ståndsriksdagen/xml/pr_1840-41_5_/pr_1840-41_5__02.xml,https://weburn.kb.se/riks/ståndsriksdagen/pdf/pr_1840-41_5_/pr_1840-41_5__02.pdf,https://weburn.kb.se/riks/metadata/72/21799072.html,1840
pr_1840-41_4_,Om riksdagstrycket,praster,1840,1840,https://weburn.kb.se/riks/ståndsriksdagen/xml/pr_1840-41_4_/pr_1840-41_4_.xml,https://weburn.kb.se/riks/ståndsriksdagen/pdf/pr_1840-41_4_/pr_1840-41_4_.pdf,https://weburn.kb.se/riks/metadata/71/21799071.html,1840
pr_1840-41_9_,Om riksdagstrycket,praster,1840,1840,https://weburn.kb.se/riks/ståndsriksdagen/xml/pr_1840-41_9_/pr_1840-41_9_.xml,https://weburn.kb.se/riks/ståndsriksdagen/pdf/pr_1840-41_9_/pr_1840-41_9_.pdf,https://weburn.kb.se/riks/metadata/77/21799077.html,1840
pr_1840-41_6_,Om riksdagstrycket,praster,1840,1840,https://weburn.kb.se/riks/ståndsriksdagen/xml/pr_1840-41_6_/pr_1840-41_6_.xml,https://weburn.kb.se/riks/ståndsriksdagen/pdf/pr_1840-41_6_/pr_1840-41_6_.pdf,https://weburn.kb.se/riks/metadata/74/21799074.html,1840
pr_1840-41_7__01,Om riksdagstrycket,praster,1840,1840,https://weburn.kb.se/riks/ståndsriksdagen/xml/pr_1840-41_7_/pr_1840-41_7__01.xml,https://weburn.kb.se/riks/ståndsriksdagen/pdf/pr_1840-41_7_/pr_1840-41_7__01.pdf,https://weburn.kb.se/riks/metadata/75/21799075.html,1840
pr_1840-41_7__02,Om riksdagstrycket,praster,1840,1840,https://weburn.kb.se/riks/ståndsriksdagen/xml/pr_1840-41_7_/pr_1840-41_7__02.xml,https://weburn.kb.se/riks/ståndsriksdagen/pdf/pr_1840-41_7_/pr_1840-41_7__02.pdf,https://weburn.kb.se/riks/metadata/75/21799075.html,1840
pr_1840-41_7__03,Om riksdagstrycket,praster,1840,1840,https://weburn.kb.se/riks/ståndsriksdagen/xml/pr_1840-41_7_/pr_1840-41_7__03.xml,https://weburn.kb.se/riks/ståndsriksdagen/pdf/pr_1840-41_7_/pr_1840-41_7__03.pdf,https://weburn.kb.se/riks/metadata/75/21799075.html,1840
pr_1840-41_10__01,Om riksdagstrycket,praster,1840,1840,https://weburn.kb.se/riks/ståndsriksdagen/xml/pr_1840-41_10_/pr_1840-41_10__01.xml,https://weburn.kb.se/riks/ståndsriksdagen/pdf/pr_1840-41_10_/pr_1840-41_10__01.pdf,https://weburn.kb.se/riks/metadata/61/21799061.html,1840
pr_1840-41_10__02,Om riksdagstrycket,praster,1840,1840,https://weburn.kb.se/riks/ståndsriksdagen/xml/pr_1840-41_10_/pr_1840-41_10__02.xml,https://weburn.kb.se/riks/ståndsriksdagen/pdf/pr_1840-41_10_/pr_1840-41_10__02.pdf,https://weburn.kb.se/riks/metadata/61/21799061.html,1840
pr_1840-41_3__01,Om riksdagstrycket,praster,1840,1840,https://weburn.kb.se/riks/ståndsriksdagen/xml/pr_1840-41_3_/pr_1840-41_3__01.xml,https://weburn.kb.se/riks/ståndsriksdagen/pdf/pr_1840-41_3_/pr_1840-41_3__01.pdf,https://weburn.kb.se/riks/metadata/70/21799070.html,1840
pr_1840-41_3__02,Om riksdagstrycket,praster,1840,1840,https://weburn.kb.se/riks/ståndsriksdagen/xml/pr_1840-41_3_/pr_1840-41_3__02.xml,https://weburn.kb.se/riks/ståndsriksdagen/pdf/pr_1840-41_3_/pr_1840-41_3__02.pdf,https://weburn.kb.se/riks/metadata/70/21799070.html,1840
pr_1840-41_1__01,Om riksdagstrycket,praster,1840,1840,https://weburn.kb.se/riks/ståndsriksdagen/xml/pr_1840-41_1_/pr_1840-41_1__01.xml,https://weburn.kb.se/riks/ståndsriksdagen/pdf/pr_1840-41_1_/pr_1840-41_1__01.pdf,https://weburn.kb.se/riks/metadata/60/21799060.html,1840
pr_1840-41_1__02,Om riksdagstrycket,praster,1840,1840,https://weburn.kb.se/riks/ståndsriksdagen/xml/pr_1840-41_1_/pr_1840-41_1__02.xml,https://weburn.kb.se/riks/ståndsriksdagen/pdf/pr_1840-41_1_/pr_1840-41_1__02.pdf,https://weburn.kb.se/riks/metadata/60/21799060.html,1840
pr_1840-41_15__01,Om riksdagstrycket,praster,1840,1840,https://weburn.kb.se/riks/ståndsriksdagen/xml/pr_1840-41_15_/pr_1840-41_15__01.xml,https://weburn.kb.se/riks/ståndsriksdagen/pdf/pr_1840-41_15_/pr_1840-41_15__01.pdf,https://weburn.kb.se/riks/metadata/66/21799066.html,1840
pr_1840-41_15__02,Om riksdagstrycket,praster,1840,1840,https://weburn.kb.se/riks/ståndsriksdagen/xml/pr_1840-41_15_/pr_1840-41_15__02.xml,https://weburn.kb.se/riks/ståndsriksdagen/pdf/pr_1840-41_15_/pr_1840-41_15__02.pdf,https://weburn.kb.se/riks/metadata/66/21799066.html,1840
pr_1840-41_14_,Om riksdagstrycket,praster,1840,1840,https://weburn.kb.se/riks/ståndsriksdagen/xml/pr_1840-41_14_/pr_1840-41_14_.xml,https://weburn.kb.se/riks/ståndsriksdagen/pdf/pr_1840-41_14_/pr_1840-41_14_.pdf,https://weburn.kb.se/riks/metadata/65/21799065.html,1840
pr_1840-41_16__01,Om riksdagstrycket,praster,1840,1840,https://weburn.kb.se/riks/ståndsriksdagen/xml/pr_1840-41_16_/pr_1840-41_16__01.xml,https://weburn.kb.se/riks/ståndsriksdagen/pdf/pr_1840-41_16_/pr_1840-41_16__01.pdf,https://weburn.kb.se/riks/metadata/67/21799067.html,1840
pr_1840-41_16__02,Om riksdagstrycket,praster,1840,1840,https://weburn.kb.se/riks/ståndsriksdagen/xml/pr_1840-41_16_/pr_1840-41_16__02.xml,https://weburn.kb.se/riks/ståndsriksdagen/pdf/pr_1840-41_16_/pr_1840-41_16__02.pdf,https://weburn.kb.se/riks/metadata/67/21799067.html,1840
pr_1840-41_12__01,Om riksdagstrycket,praster,1840,1840,https://weburn.kb.se/riks/ståndsriksdagen/xml/pr_1840-41_12_/pr_1840-41_12__01.xml,https://weburn.kb.se/riks/ståndsriksdagen/pdf/pr_1840-41_12_/pr_1840-41_12__01.pdf,https://weburn.kb.se/riks/metadata/63/21799063.html,1840
pr_1840-41_12__02,Om riksdagstrycket,praster,1840,1840,https://weburn.kb.se/riks/ståndsriksdagen/xml/pr_1840-41_12_/pr_1840-41_12__02.xml,https://weburn.kb.se/riks/ståndsriksdagen/pdf/pr_1840-41_12_/pr_1840-41_12__02.pdf,https://weburn.kb.se/riks/metadata/63/21799063.html,1840
pr_1840-41_13_,Om riksdagstrycket,praster,1840,1840,https://weburn.kb.se/riks/ståndsriksdagen/xml/pr_1840-41_13_/pr_1840-41_13_.xml,https://weburn.kb.se/riks/ståndsriksdagen/pdf/pr_1840-41_13_/pr_1840-41_13_.pdf,https://weburn.kb.se/riks/metadata/64/21799064.html,1840
bg_1840-41_2__01,Om riksdagstrycket,borgare,1840,1840,https://weburn.kb.se/riks/ståndsriksdagen/xml/bg_1840-41_2_/bg_1840-41_2__01.xml,https://weburn.kb.se/riks/ståndsriksdagen/pdf/bg_1840-41_2_/bg_1840-41_2__01.pdf,https://weburn.kb.se/riks/metadata/23/21797923.html,1840
bg_1840-41_2__02,Om riksdagstrycket,borgare,1840,1840,https://weburn.kb.se/riks/ståndsriksdagen/xml/bg_1840-41_2_/bg_1840-41_2__02.xml,https://weburn.kb.se/riks/ståndsriksdagen/pdf/bg_1840-41_2_/bg_1840-41_2__02.pdf,https://weburn.kb.se/riks/metadata/23/21797923.html,1840
bg_1840-41_2__03,Om riksdagstrycket,borgare,1840,1840,https://weburn.kb.se/riks/ståndsriksdagen/xml/bg_1840-41_2_/bg_1840-41_2__03.xml,https://weburn.kb.se/riks/ståndsriksdagen/pdf/bg_1840-41_2_/bg_1840-41_2__03.pdf,https://weburn.kb.se/riks/metadata/23/21797923.html,1840
bg_1840-41_2__04,Om riksdagstrycket,borgare,1840,1840,https://weburn.kb.se/riks/ståndsriksdagen/xml/bg_1840-41_2_/bg_1840-41_2__04.xml,https://weburn.kb.se/riks/ståndsriksdagen/pdf/bg_1840-41_2_/bg_1840-41_2__04.pdf,https://weburn.kb.se/riks/metadata/23/21797923.html,1840
bg_1840-41_5__01,Om riksdagstrycket,borgare,1840,1840,https://weburn.kb.se/riks/ståndsriksdagen/xml/bg_1840-41_5_/bg_1840-41_5__01.xml,https://weburn.kb.se/riks/ståndsriksdagen/pdf/bg_1840-41_5_/bg_1840-41_5__01.pdf,https://weburn.kb.se/riks/metadata/27/21797927.html,1840
bg_1840-41_5__02,Om riksdagstrycket,borgare,1840,1840,https://weburn.kb.se/riks/ståndsriksdagen/xml/bg_1840-41_5_/bg_1840-41_5__02.xml,https://weburn.kb.se/riks/ståndsriksdagen/pdf/bg_1840-41_5_/bg_1840-41_5__02.pdf,https://weburn.kb.se/riks/metadata/27/21797927.html,1840
bg_1840-41_5__03,Om riksdagstrycket,borgare,1840,1840,https://weburn.kb.se/riks/ståndsriksdagen/xml/bg_1840-41_5_/bg_1840-41_5__03.xml,https://weburn.kb.se/riks/ståndsriksdagen/pdf/bg_1840-41_5_/bg_1840-41_5__03.pdf,https://weburn.kb.se/riks/metadata/27/21797927.html,1840
bg_1840-41_4__01,Om riksdagstrycket,borgare,1840,1840,https://weburn.kb.se/riks/ståndsriksdagen/xml/bg_1840-41_4_/bg_1840-41_4__01.xml,https://weburn.kb.se/riks/ståndsriksdagen/pdf/bg_1840-41_4_/bg_1840-41_4__01.pdf,https://weburn.kb.se/riks/metadata/25/21797925.html,1840
bg_1840-41_4__02,Om riksdagstrycket,borgare,1840,1840,https://weburn.kb.se/riks/ståndsriksdagen/xml/bg_1840-41_4_/bg_1840-41_4__02.xml,https://weburn.kb.se/riks/ståndsriksdagen/pdf/bg_1840-41_4_/bg_1840-41_4__02.pdf,https://weburn.kb.se/riks/metadata/25/21797925.html,1840
bg_1840-41_1__01,Om riksdagstrycket,borgare,1840,1840,https://weburn.kb.se/riks/ståndsriksdagen/xml/bg_1840-41_1_/bg_1840-41_1__01.xml,https://weburn.kb.se/riks/ståndsriksdagen/pdf/bg_1840-41_1_/bg_1840-41_1__01.pdf,https://weburn.kb.se/riks/metadata/22/21797922.html,1840
bg_1840-41_1__02,Om riksdagstrycket,borgare,1840,1840,https://weburn.kb.se/riks/ståndsriksdagen/xml/bg_1840-41_1_/bg_1840-41_1__02.xml,https://weburn.kb.se/riks/ståndsriksdagen/pdf/bg_1840-41_1_/bg_1840-41_1__02.pdf,https://weburn.kb.se/riks/metadata/22/21797922.html,1840
bg_1840-41_3__01,Om riksdagstrycket,borgare,1840,1840,https://weburn.kb.se/riks/ståndsriksdagen/xml/bg_1840-41_3_/bg_1840-41_3__01.xml,https://weburn.kb.se/riks/ståndsriksdagen/pdf/bg_1840-41_3_/bg_1840-41_3__01.pdf,https://weburn.kb.se/riks/metadata/24/21797924.html,1840
bg_1840-41_3__02,Om riksdagstrycket,borgare,1840,1840,https://weburn.kb.se/riks/ståndsriksdagen/xml/bg_1840-41_3_/bg_1840-41_3__02.xml,https://weburn.kb.se/riks/ståndsriksdagen/pdf/bg_1840-41_3_/bg_1840-41_3__02.pdf,https://weburn.kb.se/riks/metadata/24/21797924.html,1840
bg_1840-41_3__03,Om riksdagstrycket,borgare,1840,1840,https://weburn.kb.se/riks/ståndsriksdagen/xml/bg_1840-41_3_/bg_1840-41_3__03.xml,https://weburn.kb.se/riks/ståndsriksdagen/pdf/bg_1840-41_3_/bg_1840-41_3__03.pdf,https://weburn.kb.se/riks/metadata/24/21797924.html,1840
bg_1840-41_6__01,Om riksdagstrycket,borgare,1840,1840,https://weburn.kb.se/riks/ståndsriksdagen/xml/bg_1840-41_6_/bg_1840-41_6__01.xml,https://weburn.kb.se/riks/ståndsriksdagen/pdf/bg_1840-41_6_/bg_1840-41_6__01.pdf,https://weburn.kb.se/riks/metadata/29/21797929.html,1840
bg_1840-41_6__02,Om riksdagstrycket,borgare,1840,1840,https://weburn.kb.se/riks/ståndsriksdagen/xml/bg_1840-41_6_/bg_1840-41_6__02.xml,https://weburn.kb.se/riks/ståndsriksdagen/pdf/bg_1840-41_6_/bg_1840-41_6__02.pdf,https://weburn.kb.se/riks/metadata/29/21797929.html,1840
bg_1840-41_7__01,Om riksdagstrycket,borgare,1840,1840,https://weburn.kb.se/riks/ståndsriksdagen/xml/bg_1840-41_7_/bg_1840-41_7__01.xml,https://weburn.kb.se/riks/ståndsriksdagen/pdf/bg_1840-41_7_/bg_1840-41_7__01.pdf,https://weburn.kb.se/riks/metadata/31/21797931.html,1840
bg_1840-41_7__02,Om riksdagstrycket,borgare,1840,1840,https://weburn.kb.se/riks/ståndsriksdagen/xml/bg_1840-41_7_/bg_1840-41_7__02.xml,https://weburn.kb.se/riks/ståndsriksdagen/pdf/bg_1840-41_7_/bg_1840-41_7__02.pdf,https://weburn.kb.se/riks/metadata/31/21797931.html,1840
bg_1840-41_7__03,Om riksdagstrycket,borgare,1840,1840,https://weburn.kb.se/riks/ståndsriksdagen/xml/bg_1840-41_7_/bg_1840-41_7__03.xml,https://weburn.kb.se/riks/ståndsriksdagen/pdf/bg_1840-41_7_/bg_1840-41_7__03.pdf,https://weburn.kb.se/riks/metadata/31/21797931.html,1840
roa_1840-41_18_,Om riksdagstrycket,adel,1840,1840,https://weburn.kb.se/riks/ståndsriksdagen/xml/roa_1840-41_18_/roa_1840-41_18_.xml,https://weburn.kb.se/riks/ståndsriksdagen/pdf/roa_1840-41_18_/roa_1840-41_18_.pdf,https://weburn.kb.se/riks/metadata/69/21799469.html,1840
roa_1840-41_2__01,Om riksdagstrycket,adel,1840,1840,https://weburn.kb.se/riks/ståndsriksdagen/xml/roa_1840-41_2_/roa_1840-41_2__01.xml,https://weburn.kb.se/riks/ståndsriksdagen/pdf/roa_1840-41_2_/roa_1840-41_2__01.pdf,https://weburn.kb.se/riks/metadata/71/21799471.html,1840
roa_1840-41_2__02,Om riksdagstrycket,adel,1840,1840,https://weburn.kb.se/riks/ståndsriksdagen/xml/roa_1840-41_2_/roa_1840-41_2__02.xml,https://weburn.kb.se/riks/ståndsriksdagen/pdf/roa_1840-41_2_/roa_1840-41_2__02.pdf,https://weburn.kb.se/riks/metadata/71/21799471.html,1840
roa_1840-41_8__01,Om riksdagstrycket,adel,1840,1840,https://weburn.kb.se/riks/ståndsriksdagen/xml/roa_1840-41_8_/roa_1840-41_8__01.xml,https://weburn.kb.se/riks/ståndsriksdagen/pdf/roa_1840-41_8_/roa_1840-41_8__01.pdf,https://weburn.kb.se/riks/metadata/88/21799488.html,1840
roa_1840-41_8__02,Om riksdagstrycket,adel,1840,1840,https://weburn.kb.se/riks/ståndsriksdagen/xml/roa_1840-41_8_/roa_1840-41_8__02.xml,https://weburn.kb.se/riks/ståndsriksdagen/pdf/roa_1840-41_8_/roa_1840-41_8__02.pdf,https://weburn.kb.se/riks/metadata/88/21799488.html,1840
roa_1840-41_11__01,Om riksdagstrycket,adel,1840,1840,https://weburn.kb.se/riks/ståndsriksdagen/xml/roa_1840-41_11_/roa_1840-41_11__01.xml,https://weburn.kb.se/riks/ståndsriksdagen/pdf/roa_1840-41_11_/roa_1840-41_11__01.pdf,https://weburn.kb.se/riks/metadata/62/21799462.html,1840
roa_1840-41_11__02,Om riksdagstrycket,adel,1840,1840,https://weburn.kb.se/riks/ståndsriksdagen/xml/roa_1840-41_11_/roa_1840-41_11__02.xml,https://weburn.kb.se/riks/ståndsriksdagen/pdf/roa_1840-41_11_/roa_1840-41_11__02.pdf,https://weburn.kb.se/riks/metadata/62/21799462.html,1840
roa_1840-41_5__01,Om riksdagstrycket,adel,1840,1840,https://weburn.kb.se/riks/ståndsriksdagen/xml/roa_1840-41_5_/roa_1840-41_5__01.xml,https://weburn.kb.se/riks/ståndsriksdagen/pdf/roa_1840-41_5_/roa_1840-41_5__01.pdf,https://weburn.kb.se/riks/metadata/82/21799482.html,1840
roa_1840-41_5__02,Om riksdagstrycket,adel,1840,1840,https://weburn.kb.se/riks/ståndsriksdagen/xml/roa_1840-41_5_/roa_1840-41_5__02.xml,https://weburn.kb.se/riks/ståndsriksdagen/pdf/roa_1840-41_5_/roa_1840-41_5__02.pdf,https://weburn.kb.se/riks/metadata/82/21799482.html,1840
roa_1840-41_15__01,Om riksdagstrycket,adel,1840,1840,https://weburn.kb.se/riks/ståndsriksdagen/xml/roa_1840-41_15_/roa_1840-41_15__01.xml,https://weburn.kb.se/riks/ståndsriksdagen/pdf/roa_1840-41_15_/roa_1840-41_15__01.pdf,https://weburn.kb.se/riks/metadata/66/21799466.html,1840
roa_1840-41_15__02,Om riksdagstrycket,adel,1840,1840,https://weburn.kb.se/riks/ståndsriksdagen/xml/roa_1840-41_15_/roa_1840-41_15__02.xml,https://weburn.kb.se/riks/ståndsriksdagen/pdf/roa_1840-41_15_/roa_1840-41_15__02.pdf,https://weburn.kb.se/riks/metadata/66/21799466.html,1840
roa_1840-41_4__01,Om riksdagstrycket,adel,1840,1840,https://weburn.kb.se/riks/ståndsriksdagen/xml/roa_1840-41_4_/roa_1840-41_4__01.xml,https://weburn.kb.se/riks/ståndsriksdagen/pdf/roa_1840-41_4_/roa_1840-41_4__01.pdf,https://weburn.kb.se/riks/metadata/80/21799480.html,1840
roa_1840-41_4__02,Om riksdagstrycket,adel,1840,1840,https://weburn.kb.se/riks/ståndsriksdagen/xml/roa_1840-41_4_/roa_1840-41_4__02.xml,https://weburn.kb.se/riks/ståndsriksdagen/pdf/roa_1840-41_4_/roa_1840-41_4__02.pdf,https://weburn.kb.se/riks/metadata/80/21799480.html,1840
roa_1840-41_14__01,Om riksdagstrycket,adel,1840,1840,https://weburn.kb.se/riks/ståndsriksdagen/xml/roa_1840-41_14_/roa_1840-41_14__01.xml,https://weburn.kb.se/riks/ståndsriksdagen/pdf/roa_1840-41_14_/roa_1840-41_14__01.pdf,https://weburn.kb.se/riks/metadata/65/21799465.html,1840
roa_1840-41_14__02,Om riksdagstrycket,adel,1840,1840,https://weburn.kb.se/riks/ståndsriksdagen/xml/roa_1840-41_14_/roa_1840-41_14__02.xml,https://weburn.kb.se/riks/ståndsriksdagen/pdf/roa_1840-41_14_/roa_1840-41_14__02.pdf,https://weburn.kb.se/riks/metadata/65/21799465.html,1840
roa_1840-41_1__01,Om riksdagstrycket,adel,1840,1840,https://weburn.kb.se/riks/ståndsriksdagen/xml/roa_1840-41_1_/roa_1840-41_1__01.xml,https://weburn.kb.se/riks/ståndsriksdagen/pdf/roa_1840-41_1_/roa_1840-41_1__01.pdf,https://weburn.kb.se/riks/metadata/60/21799460.html,1840
roa_1840-41_1__02,Om riksdagstrycket,adel,1840,1840,https://weburn.kb.se/riks/ståndsriksdagen/xml/roa_1840-41_1_/roa_1840-41_1__02.xml,https://weburn.kb.se/riks/ståndsriksdagen/pdf/roa_1840-41_1_/roa_1840-41_1__02.pdf,https://weburn.kb.se/riks/metadata/60/21799460.html,1840
roa_1840-41_9__01,Om riksdagstrycket,adel,1840,1840,https://weburn.kb.se/riks/ståndsriksdagen/xml/roa_1840-41_9_/roa_1840-41_9__01.xml,https://weburn.kb.se/riks/ståndsriksdagen/pdf/roa_1840-41_9_/roa_1840-41_9__01.pdf,https://weburn.kb.se/riks/metadata/91/21799491.html,1840
roa_1840-41_9__02,Om riksdagstrycket,adel,1840,1840,https://weburn.kb.se/riks/ståndsriksdagen/xml/roa_1840-41_9_/roa_1840-41_9__02.xml,https://weburn.kb.se/riks/ståndsriksdagen/pdf/roa_1840-41_9_/roa_1840-41_9__02.pdf,https://weburn.kb.se/riks/metadata/91/21799491.html,1840
roa_1840-41_16__01,Om riksdagstrycket,adel,1840,1840,https://weburn.kb.se/riks/ståndsriksdagen/xml/roa_1840-41_16_/roa_1840-41_16__01.xml,https://weburn.kb.se/riks/ståndsriksdagen/pdf/roa_1840-41_16_/roa_1840-41_16__01.pdf,https://weburn.kb.se/riks/metadata/67/21799467.html,1840
roa_1840-41_16__02,Om riksdagstrycket,adel,1840,1840,https://weburn.kb.se/riks/ståndsriksdagen/xml/roa_1840-41_16_/roa_1840-41_16__02.xml,https://weburn.kb.se/riks/ståndsriksdagen/pdf/roa_1840-41_16_/roa_1840-41_16__02.pdf,https://weburn.kb.se/riks/metadata/67/21799467.html,1840
roa_1840-41_6__01,Om riksdagstrycket,adel,1840,1840,https://weburn.kb.se/riks/ståndsriksdagen/xml/roa_1840-41_6_/roa_1840-41_6__01.xml,https://weburn.kb.se/riks/ståndsriksdagen/pdf/roa_1840-41_6_/roa_1840-41_6__01.pdf,https://weburn.kb.se/riks/metadata/85/21799485.html,1840
roa_1840-41_6__02,Om riksdagstrycket,adel,1840,1840,https://weburn.kb.se/riks/ståndsriksdagen/xml/roa_1840-41_6_/roa_1840-41_6__02.xml,https://weburn.kb.se/riks/ståndsriksdagen/pdf/roa_1840-41_6_/roa_1840-41_6__02.pdf,https://weburn.kb.se/riks/metadata/85/21799485.html,1840
roa_1840-41_6__03,Om riksdagstrycket,adel,1840,1840,https://weburn.kb.se/riks/ståndsriksdagen/xml/roa_1840-41_6_/roa_1840-41_6__03.xml,https://weburn.kb.se/riks/ståndsriksdagen/pdf/roa_1840-41_6_/roa_1840-41_6__03.pdf,https://weburn.kb.se/riks/metadata/85/21799485.html,1840
roa_1840-41_7__01,Om riksdagstrycket,adel,1840,1840,https://weburn.kb.se/riks/ståndsriksdagen/xml/roa_1840-41_7_/roa_1840-41_7__01.xml,https://weburn.kb.se/riks/ståndsriksdagen/pdf/roa_1840-41_7_/roa_1840-41_7__01.pdf,https://weburn.kb.se/riks/metadata/86/21799486.html,1840
roa_1840-41_7__02,Om riksdagstrycket,adel,1840,1840,https://weburn.kb.se/riks/ståndsriksdagen/xml/roa_1840-41_7_/roa_1840-41_7__02.xml,https://weburn.kb.se/riks/ståndsriksdagen/pdf/roa_1840-41_7_/roa_1840-41_7__02.pdf,https://weburn.kb.se/riks/metadata/86/21799486.html,1840
roa_1840-41_17__01,Om riksdagstrycket,adel,1840,1840,https://weburn.kb.se/riks/ståndsriksdagen/xml/roa_1840-41_17_/roa_1840-41_17__01.xml,https://weburn.kb.se/riks/ståndsriksdagen/pdf/roa_1840-41_17_/roa_1840-41_17__01.pdf,https://weburn.kb.se/riks/metadata/68/21799468.html,1840
roa_1840-41_17__02,Om riksdagstrycket,adel,1840,1840,https://weburn.kb.se/riks/ståndsriksdagen/xml/roa_1840-41_17_/roa_1840-41_17__02.xml,https://weburn.kb.se/riks/ståndsriksdagen/pdf/roa_1840-41_17_/roa_1840-41_17__02.pdf,https://weburn.kb.se/riks/metadata/68/21799468.html,1840
roa_1840-41_10__01,Om riksdagstrycket,adel,1840,1840,https://weburn.kb.se/riks/ståndsriksdagen/xml/roa_1840-41_10_/roa_1840-41_10__01.xml,https://weburn.kb.se/riks/ståndsriksdagen/pdf/roa_1840-41_10_/roa_1840-41_10__01.pdf,https://weburn.kb.se/riks/metadata/61/21799461.html,1840
roa_1840-41_10__02,Om riksdagstrycket,adel,1840,1840,https://weburn.kb.se/riks/ståndsriksdagen/xml/roa_1840-41_10_/roa_1840-41_10__02.xml,https://weburn.kb.se/riks/ståndsriksdagen/pdf/roa_1840-41_10_/roa_1840-41_10__02.pdf,https://weburn.kb.se/riks/metadata/61/21799461.html,1840
roa_1840-41_12__01,Om riksdagstrycket,adel,1840,1840,https://weburn.kb.se/riks/ståndsriksdagen/xml/roa_1840-41_12_/roa_1840-41_12__01.xml,https://weburn.kb.se/riks/ståndsriksdagen/pdf/roa_1840-41_12_/roa_1840-41_12__01.pdf,https://weburn.kb.se/riks/metadata/63/21799463.html,1840
roa_1840-41_12__02,Om riksdagstrycket,adel,1840,1840,https://weburn.kb.se/riks/ståndsriksdagen/xml/roa_1840-41_12_/roa_1840-41_12__02.xml,https://weburn.kb.se/riks/ståndsriksdagen/pdf/roa_1840-41_12_/roa_1840-41_12__02.pdf,https://weburn.kb.se/riks/metadata/63/21799463.html,1840
roa_1840-41_3__01,Om riksdagstrycket,adel,1840,1840,https://weburn.kb.se/riks/ståndsriksdagen/xml/roa_1840-41_3_/roa_1840-41_3__01.xml,https://weburn.kb.se/riks/ståndsriksdagen/pdf/roa_1840-41_3_/roa_1840-41_3__01.pdf,https://weburn.kb.se/riks/metadata/79/21799479.html,1840
roa_1840-41_3__02,Om riksdagstrycket,adel,1840,1840,https://weburn.kb.se/riks/ståndsriksdagen/xml/roa_1840-41_3_/roa_1840-41_3__02.xml,https://weburn.kb.se/riks/ståndsriksdagen/pdf/roa_1840-41_3_/roa_1840-41_3__02.pdf,https://weburn.kb.se/riks/metadata/79/21799479.html,1840
roa_1840-41_13__01,Om riksdagstrycket,adel,1840,1840,https://weburn.kb.se/riks/ståndsriksdagen/xml/roa_1840-41_13_/roa_1840-41_13__01.xml,https://weburn.kb.se/riks/ståndsriksdagen/pdf/roa_1840-41_13_/roa_1840-41_13__01.pdf,https://weburn.kb.se/riks/metadata/64/21799464.html,1840
roa_1840-41_13__02,Om riksdagstrycket,adel,1840,1840,https://weburn.kb.se/riks/ståndsriksdagen/xml/roa_1840-41_13_/roa_1840-41_13__02.xml,https://weburn.kb.se/riks/ståndsriksdagen/pdf/roa_1840-41_13_/roa_1840-41_13__02.pdf,https://weburn.kb.se/riks/metadata/64/21799464.html,1840
roa_1840-41_13__03,Om riksdagstrycket,adel,1840,1840,https://weburn.kb.se/riks/ståndsriksdagen/xml/roa_1840-41_13_/roa_1840-41_13__03.xml,https://weburn.kb.se/riks/ståndsriksdagen/pdf/roa_1840-41_13_/roa_1840-41_13__03.pdf,https://weburn.kb.se/riks/metadata/64/21799464.html,1840
roa_1840-41_19__01,Om riksdagstrycket,adel,1840,1840,https://weburn.kb.se/riks/ståndsriksdagen/xml/roa_1840-41_19_/roa_1840-41_19__01.xml,https://weburn.kb.se/riks/ståndsriksdagen/pdf/roa_1840-41_19_/roa_1840-41_19__01.pdf,https://weburn.kb.se/riks/metadata/70/21799470.html,1840
roa_1840-41_19__02,Om riksdagstrycket,adel,1840,1840,https://weburn.kb.se/riks/ståndsriksdagen/xml/roa_1840-41_19_/roa_1840-41_19__02.xml,https://weburn.kb.se/riks/ståndsriksdagen/pdf/roa_1840-41_19_/roa_1840-41_19__02.pdf,https://weburn.kb.se/riks/metadata/70/21799470.html,1840
roa_1840-41_20__01,Om riksdagstrycket,adel,1840,1840,https://weburn.kb.se/riks/ståndsriksdagen/xml/roa_1840-41_20_/roa_1840-41_20__01.xml,https://weburn.kb.se/riks/ståndsriksdagen/pdf/roa_1840-41_20_/roa_1840-41_20__01.pdf,https://weburn.kb.se/riks/metadata/72/21799472.html,1840
roa_1840-41_20__02,Om riksdagstrycket,adel,1840,1840,https://weburn.kb.se/riks/ståndsriksdagen/xml/roa_1840-41_20_/roa_1840-41_20__02.xml,https://weburn.kb.se/riks/ståndsriksdagen/pdf/roa_1840-41_20_/roa_1840-41_20__02.pdf,https://weburn.kb.se/riks/metadata/72/21799472.html,1840
roa_1840-41_20__03,Om riksdagstrycket,adel,1840,1840,https://weburn.kb.se/riks/ståndsriksdagen/xml/roa_1840-41_20_/roa_1840-41_20__03.xml,https://weburn.kb.se/riks/ståndsriksdagen/pdf/roa_1840-41_20_/roa_1840-41_20__03.pdf,https://weburn.kb.se/riks/metadata/72/21799472.html,1840
roa_1840-41_22__01,Om riksdagstrycket,adel,1840,1840,https://weburn.kb.se/riks/ståndsriksdagen/xml/roa_1840-41_22_/roa_1840-41_22__01.xml,https://weburn.kb.se/riks/ståndsriksdagen/pdf/roa_1840-41_22_/roa_1840-41_22__01.pdf,https://weburn.kb.se/riks/metadata/74/21799474.html,1840
roa_1840-41_22__02,Om riksdagstrycket,adel,1840,1840,https://weburn.kb.se/riks/ståndsriksdagen/xml/roa_1840-41_22_/roa_1840-41_22__02.xml,https://weburn.kb.se/riks/ståndsriksdagen/pdf/roa_1840-41_22_/roa_1840-41_22__02.pdf,https://weburn.kb.se/riks/metadata/74/21799474.html,1840
roa_1840-41_25__01,Om riksdagstrycket,adel,1840,1840,https://weburn.kb.se/riks/ståndsriksdagen/xml/roa_1840-41_25_/roa_1840-41_25__01.xml,https://weburn.kb.se/riks/ståndsriksdagen/pdf/roa_1840-41_25_/roa_1840-41_25__01.pdf,https://weburn.kb.se/riks/metadata/77/21799477.html,1840
roa_1840-41_25__02,Om riksdagstrycket,adel,1840,1840,https://weburn.kb.se/riks/ståndsriksdagen/xml/roa_1840-41_25_/roa_1840-41_25__02.xml,https://weburn.kb.se/riks/ståndsriksdagen/pdf/roa_1840-41_25_/roa_1840-41_25__02.pdf,https://weburn.kb.se/riks/metadata/77/21799477.html,1840
roa_1840-41_24__01,Om riksdagstrycket,adel,1840,1840,https://weburn.kb.se/riks/ståndsriksdagen/xml/roa_1840-41_24_/roa_1840-41_24__01.xml,https://weburn.kb.se/riks/ståndsriksdagen/pdf/roa_1840-41_24_/roa_1840-41_24__01.pdf,https://weburn.kb.se/riks/metadata/76/21799476.html,1840
roa_1840-41_24__02,Om riksdagstrycket,adel,1840,1840,https://weburn.kb.se/riks/ståndsriksdagen/xml/roa_1840-41_24_/roa_1840-41_24__02.xml,https://weburn.kb.se/riks/ståndsriksdagen/pdf/roa_1840-41_24_/roa_1840-41_24__02.pdf,https://weburn.kb.se/riks/metadata/76/21799476.html,1840
roa_1840-41_21__01,Om riksdagstrycket,adel,1840,1840,https://weburn.kb.se/riks/ståndsriksdagen/xml/roa_1840-41_21_/roa_1840-41_21__01.xml,https://weburn.kb.se/riks/ståndsriksdagen/pdf/roa_1840-41_21_/roa_1840-41_21__01.pdf,https://weburn.kb.se/riks/metadata/73/21799473.html,1840
roa_1840-41_21__02,Om riksdagstrycket,adel,1840,1840,https://weburn.kb.se/riks/ståndsriksdagen/xml/roa_1840-41_21_/roa_1840-41_21__02.xml,https://weburn.kb.se/riks/ståndsriksdagen/pdf/roa_1840-41_21_/roa_1840-41_21__02.pdf,https://weburn.kb.se/riks/metadata/73/21799473.html,1840
roa_1840-41_26_,Om riksdagstrycket,adel,1840,1840,https://weburn.kb.se/riks/ståndsriksdagen/xml/roa_1840-41_26_/roa_1840-41_26_.xml,https://weburn.kb.se/riks/ståndsriksdagen/pdf/roa_1840-41_26_/roa_1840-41_26_.pdf,https://weburn.kb.se/riks/metadata/78/21799478.html,1840
roa_1840-41_23__01,Om riksdagstrycket,adel,1840,1840,https://weburn.kb.se/riks/ståndsriksdagen/xml/roa_1840-41_23_/roa_1840-41_23__01.xml,https://weburn.kb.se/riks/ståndsriksdagen/pdf/roa_1840-41_23_/roa_1840-41_23__01.pdf,https://weburn.kb.se/riks/metadata/75/21799475.html,1840
roa_1840-41_23__02,Om riksdagstrycket,adel,1840,1840,https://weburn.kb.se/riks/ståndsriksdagen/xml/roa_1840-41_23_/roa_1840-41_23__02.xml,https://weburn.kb.se/riks/ståndsriksdagen/pdf/roa_1840-41_23_/roa_1840-41_23__02.pdf,https://weburn.kb.se/riks/metadata/75/21799475.html,1840
roa_1840-41_reg_,Om riksdagstrycket,adel,1840,1840,https://weburn.kb.se/riks/ståndsriksdagen/xml/roa_1840-41_reg_/roa_1840-41_reg_.xml,https://weburn.kb.se/riks/ståndsriksdagen/pdf/roa_1840-41_reg_/roa_1840-41_reg_.pdf,https://weburn.kb.se/riks/metadata/94/21799494.html,1840
pr_1840-41_17__01,Om riksdagstrycket,praster,1840,1840,https://weburn.kb.se/riks/ståndsriksdagen/xml/pr_1840-41_17_/pr_1840-41_17__01.xml,https://weburn.kb.se/riks/ståndsriksdagen/pdf/pr_1840-41_17_/pr_1840-41_17__01.pdf,https://weburn.kb.se/riks/metadata/68/21799068.html,1840
pr_1840-41_17__02,Om riksdagstrycket,praster,1840,1840,https://weburn.kb.se/riks/ståndsriksdagen/xml/pr_1840-41_17_/pr_1840-41_17__02.xml,https://weburn.kb.se/riks/ståndsriksdagen/pdf/pr_1840-41_17_/pr_1840-41_17__02.pdf,https://weburn.kb.se/riks/metadata/68/21799068.html,1840
pr_1840-41_reg_,Om riksdagstrycket,praster,1840,1840,https://weburn.kb.se/riks/ståndsriksdagen/xml/pr_1840-41_reg_/pr_1840-41_reg_.xml,https://weburn.kb.se/riks/ståndsriksdagen/pdf/pr_1840-41_reg_/pr_1840-41_reg_.pdf,https://weburn.kb.se/riks/metadata/68/21799068.html,1840
bg_1840-41_bil_reg__01,Om riksdagstrycket,borgare,1840,1840,https://weburn.kb.se/riks/ståndsriksdagen/xml/bg_1840-41_bil_reg_/bg_1840-41_bil_reg__01.xml,https://weburn.kb.se/riks/ståndsriksdagen/pdf/bg_1840-41_bil_reg_/bg_1840-41_bil_reg__01.pdf,https://weburn.kb.se/riks/metadata/35/21797935.html,1840
bg_1840-41_bil_reg__02,Om riksdagstrycket,borgare,1840,1840,https://weburn.kb.se/riks/ståndsriksdagen/xml/bg_1840-41_bil_reg_/bg_1840-41_bil_reg__02.xml,https://weburn.kb.se/riks/ståndsriksdagen/pdf/bg_1840-41_bil_reg_/bg_1840-41_bil_reg__02.pdf,https://weburn.kb.se/riks/metadata/35/21797935.html,1840
bg_1840-41_reg_,Om riksdagstrycket,borgare,1840,1840,https://weburn.kb.se/riks/ståndsriksdagen/xml/bg_1840-41_reg_/bg_1840-41_reg_.xml,https://weburn.kb.se/riks/ståndsriksdagen/pdf/bg_1840-41_reg_/bg_1840-41_reg_.pdf,https://weburn.kb.se/riks/metadata/35/21797935.html,1840
bn_1840-41_reg_1_,Om riksdagstrycket,bonder,1840,1840,https://weburn.kb.se/riks/ståndsriksdagen/xml/bn_1840-41_reg_1_/bn_1840-41_reg_1_.xml,https://weburn.kb.se/riks/ståndsriksdagen/pdf/bn_1840-41_reg_1_/bn_1840-41_reg_1_.pdf,https://weburn.kb.se/riks/metadata/24/21798824.html,1840
bn_1840-41_reg_2_,Om riksdagstrycket,bonder,1840,1840,https://weburn.kb.se/riks/ståndsriksdagen/xml/bn_1840-41_reg_2_/bn_1840-41_reg_2_.xml,https://weburn.kb.se/riks/ståndsriksdagen/pdf/bn_1840-41_reg_2_/bn_1840-41_reg_2_.pdf,https://weburn.kb.se/riks/metadata/24/21798824.html,1840
bih_1844-45_reg_,Om riksdagstrycket,bihang,1844,1844,https://weburn.kb.se/riks/ståndsriksdagen/xml/bih_1844-45_reg_/bih_1844-45_reg_.xml,https://weburn.kb.se/riks/ståndsriksdagen/pdf/bih_1844-45_reg_/bih_1844-45_reg_.pdf,https://weburn.kb.se/riks/metadata/97/21798397.html,1844
bih_1844-45_JO_,Om riksdagstrycket,bihang,1844,1844,https://weburn.kb.se/riks/ståndsriksdagen/xml/bih_1844-45_JO_/bih_1844-45_JO_.xml,https://weburn.kb.se/riks/ståndsriksdagen/pdf/bih_1844-45_JO_/bih_1844-45_JO_.pdf,https://weburn.kb.se/riks/metadata/95/21798395.html,1844
bih_1847-48_2-2__01,Om riksdagstrycket,bihang,1844,1844,https://weburn.kb.se/riks/ståndsriksdagen/xml/bih_1847-48_2-2_/bih_1847-48_2-2__01.xml,https://weburn.kb.se/riks/ståndsriksdagen/pdf/bih_1847-48_2-2_/bih_1847-48_2-2__01.pdf,https://weburn.kb.se/riks/metadata/95/21798395.html,1844
bih_1847-48_2-2__02,Om riksdagstrycket,bihang,1844,1844,https://weburn.kb.se/riks/ståndsriksdagen/xml/bih_1847-48_2-2_/bih_1847-48_2-2__02.xml,https://weburn.kb.se/riks/ståndsriksdagen/pdf/bih_1847-48_2-2_/bih_1847-48_2-2__02.pdf,https://weburn.kb.se/riks/metadata/95/21798395.html,1844
bih_1847-48_2-2__03,Om riksdagstrycket,bihang,1844,1844,https://weburn.kb.se/riks/ståndsriksdagen/xml/bih_1847-48_2-2_/bih_1847-48_2-2__03.xml,https://weburn.kb.se/riks/ståndsriksdagen/pdf/bih_1847-48_2-2_/bih_1847-48_2-2__03.pdf,https://weburn.kb.se/riks/metadata/95/21798395.html,1844
bih_1847-48_2-2__04,Om riksdagstrycket,bihang,1844,1844,https://weburn.kb.se/riks/ståndsriksdagen/xml/bih_1847-48_2-2_/bih_1847-48_2-2__04.xml,https://weburn.kb.se/riks/ståndsriksdagen/pdf/bih_1847-48_2-2_/bih_1847-48_2-2__04.pdf,https://weburn.kb.se/riks/metadata/95/21798395.html,1844
bih_1844-45_2-1-2__01,Om riksdagstrycket,bihang,1844,1844,https://weburn.kb.se/riks/ståndsriksdagen/xml/bih_1844-45_2-1-2_/bih_1844-45_2-1-2__01.xml,https://weburn.kb.se/riks/ståndsriksdagen/pdf/bih_1844-45_2-1-2_/bih_1844-45_2-1-2__01.pdf,https://weburn.kb.se/riks/metadata/55/21798355.html,1844
bih_1844-45_2-1-2__02,Om riksdagstrycket,bihang,1844,1844,https://weburn.kb.se/riks/ståndsriksdagen/xml/bih_1844-45_2-1-2_/bih_1844-45_2-1-2__02.xml,https://weburn.kb.se/riks/ståndsriksdagen/pdf/bih_1844-45_2-1-2_/bih_1844-45_2-1-2__02.pdf,https://weburn.kb.se/riks/metadata/55/21798355.html,1844
bih_1844-45_2-1-2__03,Om riksdagstrycket,bihang,1844,1844,https://weburn.kb.se/riks/ståndsriksdagen/xml/bih_1844-45_2-1-2_/bih_1844-45_2-1-2__03.xml,https://weburn.kb.se/riks/ståndsriksdagen/pdf/bih_1844-45_2-1-2_/bih_1844-45_2-1-2__03.pdf,https://weburn.kb.se/riks/metadata/55/21798355.html,1844
bih_1844-45_2-1-1__01,Om riksdagstrycket,bihang,1844,1844,https://weburn.kb.se/riks/ståndsriksdagen/xml/bih_1844-45_2-1-1_/bih_1844-45_2-1-1__01.xml,https://weburn.kb.se/riks/ståndsriksdagen/pdf/bih_1844-45_2-1-1_/bih_1844-45_2-1-1__01.pdf,https://weburn.kb.se/riks/metadata/52/21798352.html,1844
bih_1844-45_2-1-1__02,Om riksdagstrycket,bihang,1844,1844,https://weburn.kb.se/riks/ståndsriksdagen/xml/bih_1844-45_2-1-1_/bih_1844-45_2-1-1__02.xml,https://weburn.kb.se/riks/ståndsriksdagen/pdf/bih_1844-45_2-1-1_/bih_1844-45_2-1-1__02.pdf,https://weburn.kb.se/riks/metadata/52/21798352.html,1844
bih_1844-45_2-1-3__01,Om riksdagstrycket,bihang,1844,1844,https://weburn.kb.se/riks/ståndsriksdagen/xml/bih_1844-45_2-1-3_/bih_1844-45_2-1-3__01.xml,https://weburn.kb.se/riks/ståndsriksdagen/pdf/bih_1844-45_2-1-3_/bih_1844-45_2-1-3__01.pdf,https://weburn.kb.se/riks/metadata/58/21798358.html,1844
bih_1844-45_2-1-3__02,Om riksdagstrycket,bihang,1844,1844,https://weburn.kb.se/riks/ståndsriksdagen/xml/bih_1844-45_2-1-3_/bih_1844-45_2-1-3__02.xml,https://weburn.kb.se/riks/ståndsriksdagen/pdf/bih_1844-45_2-1-3_/bih_1844-45_2-1-3__02.pdf,https://weburn.kb.se/riks/metadata/58/21798358.html,1844
bih_1844-45_2-1-3__03,Om riksdagstrycket,bihang,1844,1844,https://weburn.kb.se/riks/ståndsriksdagen/xml/bih_1844-45_2-1-3_/bih_1844-45_2-1-3__03.xml,https://weburn.kb.se/riks/ståndsriksdagen/pdf/bih_1844-45_2-1-3_/bih_1844-45_2-1-3__03.pdf,https://weburn.kb.se/riks/metadata/58/21798358.html,1844
bih_1844-46_2-2-2_,Om riksdagstrycket,bihang,1844,1844,https://weburn.kb.se/riks/ståndsriksdagen/xml/bih_1844-46_2-2-2_/bih_1844-46_2-2-2_.xml,https://weburn.kb.se/riks/ståndsriksdagen/pdf/bih_1844-46_2-2-2_/bih_1844-46_2-2-2_.pdf,https://weburn.kb.se/riks/metadata/99/21798399.html,1844
bih_1844-45_2-2__01,Om riksdagstrycket,bihang,1844,1844,https://weburn.kb.se/riks/ståndsriksdagen/xml/bih_1844-45_2-2_/bih_1844-45_2-2__01.xml,https://weburn.kb.se/riks/ståndsriksdagen/pdf/bih_1844-45_2-2_/bih_1844-45_2-2__01.pdf,https://weburn.kb.se/riks/metadata/60/21798360.html,1844
bih_1844-45_2-2__02,Om riksdagstrycket,bihang,1844,1844,https://weburn.kb.se/riks/ståndsriksdagen/xml/bih_1844-45_2-2_/bih_1844-45_2-2__02.xml,https://weburn.kb.se/riks/ståndsriksdagen/pdf/bih_1844-45_2-2_/bih_1844-45_2-2__02.pdf,https://weburn.kb.se/riks/metadata/60/21798360.html,1844
bih_1844-45_2-2__03,Om riksdagstrycket,bihang,1844,1844,https://weburn.kb.se/riks/ståndsriksdagen/xml/bih_1844-45_2-2_/bih_1844-45_2-2__03.xml,https://weburn.kb.se/riks/ståndsriksdagen/pdf/bih_1844-45_2-2_/bih_1844-45_2-2__03.pdf,https://weburn.kb.se/riks/metadata/60/21798360.html,1844
bih_1844-45_5-1__01,Om riksdagstrycket,bihang,1844,1844,https://weburn.kb.se/riks/ståndsriksdagen/xml/bih_1844-45_5-1_/bih_1844-45_5-1__01.xml,https://weburn.kb.se/riks/ståndsriksdagen/pdf/bih_1844-45_5-1_/bih_1844-45_5-1__01.pdf,https://weburn.kb.se/riks/metadata/74/21798374.html,1844
bih_1844-45_5-1__02,Om riksdagstrycket,bihang,1844,1844,https://weburn.kb.se/riks/ståndsriksdagen/xml/bih_1844-45_5-1_/bih_1844-45_5-1__02.xml,https://weburn.kb.se/riks/ståndsriksdagen/pdf/bih_1844-45_5-1_/bih_1844-45_5-1__02.pdf,https://weburn.kb.se/riks/metadata/74/21798374.html,1844
bih_1844-45_5-1__03,Om riksdagstrycket,bihang,1844,1844,https://weburn.kb.se/riks/ståndsriksdagen/xml/bih_1844-45_5-1_/bih_1844-45_5-1__03.xml,https://weburn.kb.se/riks/ståndsriksdagen/pdf/bih_1844-45_5-1_/bih_1844-45_5-1__03.pdf,https://weburn.kb.se/riks/metadata/77/21798377.html,1844
bih_1844-45_4-1-2__01,Om riksdagstrycket,bihang,1844,1844,https://weburn.kb.se/riks/ståndsriksdagen/xml/bih_1844-45_4-1-2_/bih_1844-45_4-1-2__01.xml,https://weburn.kb.se/riks/ståndsriksdagen/pdf/bih_1844-45_4-1-2_/bih_1844-45_4-1-2__01.pdf,https://weburn.kb.se/riks/metadata/70/21798370.html,1844
bih_1844-45_4-1-2__02,Om riksdagstrycket,bihang,1844,1844,https://weburn.kb.se/riks/ståndsriksdagen/xml/bih_1844-45_4-1-2_/bih_1844-45_4-1-2__02.xml,https://weburn.kb.se/riks/ståndsriksdagen/pdf/bih_1844-45_4-1-2_/bih_1844-45_4-1-2__02.pdf,https://weburn.kb.se/riks/metadata/70/21798370.html,1844
bih_1844-45_4-1-2__03,Om riksdagstrycket,bihang,1844,1844,https://weburn.kb.se/riks/ståndsriksdagen/xml/bih_1844-45_4-1-2_/bih_1844-45_4-1-2__03.xml,https://weburn.kb.se/riks/ståndsriksdagen/pdf/bih_1844-45_4-1-2_/bih_1844-45_4-1-2__03.pdf,https://weburn.kb.se/riks/metadata/70/21798370.html,1844
bih_1844-45_4-1-2__04,Om riksdagstrycket,bihang,1844,1844,https://weburn.kb.se/riks/ståndsriksdagen/xml/bih_1844-45_4-1-2_/bih_1844-45_4-1-2__04.xml,https://weburn.kb.se/riks/ståndsriksdagen/pdf/bih_1844-45_4-1-2_/bih_1844-45_4-1-2__04.pdf,https://weburn.kb.se/riks/metadata/70/21798370.html,1844
bih_1844-45_4-2__01,Om riksdagstrycket,bihang,1844,1844,https://weburn.kb.se/riks/ståndsriksdagen/xml/bih_1844-45_4-2_/bih_1844-45_4-2__01.xml,https://weburn.kb.se/riks/ståndsriksdagen/pdf/bih_1844-45_4-2_/bih_1844-45_4-2__01.pdf,https://weburn.kb.se/riks/metadata/73/21798373.html,1844
bih_1844-45_4-2__02,Om riksdagstrycket,bihang,1844,1844,https://weburn.kb.se/riks/ståndsriksdagen/xml/bih_1844-45_4-2_/bih_1844-45_4-2__02.xml,https://weburn.kb.se/riks/ståndsriksdagen/pdf/bih_1844-45_4-2_/bih_1844-45_4-2__02.pdf,https://weburn.kb.se/riks/metadata/73/21798373.html,1844
bih_1844-45_4-1-1__01,Om riksdagstrycket,bihang,1844,1844,https://weburn.kb.se/riks/ståndsriksdagen/xml/bih_1844-45_4-1-1_/bih_1844-45_4-1-1__01.xml,https://weburn.kb.se/riks/ståndsriksdagen/pdf/bih_1844-45_4-1-1_/bih_1844-45_4-1-1__01.pdf,https://weburn.kb.se/riks/metadata/67/21798367.html,1844
bih_1844-45_4-1-1__02,Om riksdagstrycket,bihang,1844,1844,https://weburn.kb.se/riks/ståndsriksdagen/xml/bih_1844-45_4-1-1_/bih_1844-45_4-1-1__02.xml,https://weburn.kb.se/riks/ståndsriksdagen/pdf/bih_1844-45_4-1-1_/bih_1844-45_4-1-1__02.pdf,https://weburn.kb.se/riks/metadata/67/21798367.html,1844
bih_1844-45_4-1-1__03,Om riksdagstrycket,bihang,1844,1844,https://weburn.kb.se/riks/ståndsriksdagen/xml/bih_1844-45_4-1-1_/bih_1844-45_4-1-1__03.xml,https://weburn.kb.se/riks/ståndsriksdagen/pdf/bih_1844-45_4-1-1_/bih_1844-45_4-1-1__03.pdf,https://weburn.kb.se/riks/metadata/67/21798367.html,1844
bih_1844-45_1-1_2__01,Om riksdagstrycket,bihang,1844,1844,https://weburn.kb.se/riks/ståndsriksdagen/xml/bih_1844-45_1-1_2_/bih_1844-45_1-1_2__01.xml,https://weburn.kb.se/riks/ståndsriksdagen/pdf/bih_1844-45_1-1_2_/bih_1844-45_1-1_2__01.pdf,https://weburn.kb.se/riks/metadata/48/21798348.html,1844
bih_1844-45_1-1_2__02,Om riksdagstrycket,bihang,1844,1844,https://weburn.kb.se/riks/ståndsriksdagen/xml/bih_1844-45_1-1_2_/bih_1844-45_1-1_2__02.xml,https://weburn.kb.se/riks/ståndsriksdagen/pdf/bih_1844-45_1-1_2_/bih_1844-45_1-1_2__02.pdf,https://weburn.kb.se/riks/metadata/48/21798348.html,1844
bih_1844-45_1-1_2__03,Om riksdagstrycket,bihang,1844,1844,https://weburn.kb.se/riks/ståndsriksdagen/xml/bih_1844-45_1-1_2_/bih_1844-45_1-1_2__03.xml,https://weburn.kb.se/riks/ståndsriksdagen/pdf/bih_1844-45_1-1_2_/bih_1844-45_1-1_2__03.pdf,https://weburn.kb.se/riks/metadata/50/21798350.html,1844
bih_1844-45_9__01,Om riksdagstrycket,bihang,1844,1844,https://weburn.kb.se/riks/ståndsriksdagen/xml/bih_1844-45_9_/bih_1844-45_9__01.xml,https://weburn.kb.se/riks/ståndsriksdagen/pdf/bih_1844-45_9_/bih_1844-45_9__01.pdf,https://weburn.kb.se/riks/metadata/92/21798392.html,1844
bih_1844-45_9__02,Om riksdagstrycket,bihang,1844,1844,https://weburn.kb.se/riks/ståndsriksdagen/xml/bih_1844-45_9_/bih_1844-45_9__02.xml,https://weburn.kb.se/riks/ståndsriksdagen/pdf/bih_1844-45_9_/bih_1844-45_9__02.pdf,https://weburn.kb.se/riks/metadata/92/21798392.html,1844
bih_1844-45_9__03,Om riksdagstrycket,bihang,1844,1844,https://weburn.kb.se/riks/ståndsriksdagen/xml/bih_1844-45_9_/bih_1844-45_9__03.xml,https://weburn.kb.se/riks/ståndsriksdagen/pdf/bih_1844-45_9_/bih_1844-45_9__03.pdf,https://weburn.kb.se/riks/metadata/92/21798392.html,1844
bih_1844-45_9__04,Om riksdagstrycket,bihang,1844,1844,https://weburn.kb.se/riks/ståndsriksdagen/xml/bih_1844-45_9_/bih_1844-45_9__04.xml,https://weburn.kb.se/riks/ståndsriksdagen/pdf/bih_1844-45_9_/bih_1844-45_9__04.pdf,https://weburn.kb.se/riks/metadata/92/21798392.html,1844
bih_1844-45_6-1_2__01,Om riksdagstrycket,bihang,1844,1844,https://weburn.kb.se/riks/ståndsriksdagen/xml/bih_1844-45_6-1_2_/bih_1844-45_6-1_2__01.xml,https://weburn.kb.se/riks/ståndsriksdagen/pdf/bih_1844-45_6-1_2_/bih_1844-45_6-1_2__01.pdf,https://weburn.kb.se/riks/metadata/81/21798381.html,1844
bih_1844-45_6-1_2__02,Om riksdagstrycket,bihang,1844,1844,https://weburn.kb.se/riks/ståndsriksdagen/xml/bih_1844-45_6-1_2_/bih_1844-45_6-1_2__02.xml,https://weburn.kb.se/riks/ståndsriksdagen/pdf/bih_1844-45_6-1_2_/bih_1844-45_6-1_2__02.pdf,https://weburn.kb.se/riks/metadata/81/21798381.html,1844
bih_1844-45_6-1_2__03,Om riksdagstrycket,bihang,1844,1844,https://weburn.kb.se/riks/ståndsriksdagen/xml/bih_1844-45_6-1_2_/bih_1844-45_6-1_2__03.xml,https://weburn.kb.se/riks/ståndsriksdagen/pdf/bih_1844-45_6-1_2_/bih_1844-45_6-1_2__03.pdf,https://weburn.kb.se/riks/metadata/81/21798381.html,1844
bih_1844-45_7-1_2__01,Om riksdagstrycket,bihang,1844,1844,https://weburn.kb.se/riks/ståndsriksdagen/xml/bih_1844-45_7-1_2_/bih_1844-45_7-1_2__01.xml,https://weburn.kb.se/riks/ståndsriksdagen/pdf/bih_1844-45_7-1_2_/bih_1844-45_7-1_2__01.pdf,https://weburn.kb.se/riks/metadata/85/21798385.html,1844
bih_1844-45_7-1_2__02,Om riksdagstrycket,bihang,1844,1844,https://weburn.kb.se/riks/ståndsriksdagen/xml/bih_1844-45_7-1_2_/bih_1844-45_7-1_2__02.xml,https://weburn.kb.se/riks/ståndsriksdagen/pdf/bih_1844-45_7-1_2_/bih_1844-45_7-1_2__02.pdf,https://weburn.kb.se/riks/metadata/85/21798385.html,1844
bih_1844-45_7-1_2__03,Om riksdagstrycket,bihang,1844,1844,https://weburn.kb.se/riks/ståndsriksdagen/xml/bih_1844-45_7-1_2_/bih_1844-45_7-1_2__03.xml,https://weburn.kb.se/riks/ståndsriksdagen/pdf/bih_1844-45_7-1_2_/bih_1844-45_7-1_2__03.pdf,https://weburn.kb.se/riks/metadata/85/21798385.html,1844
bih_1844-45_10-1_2-2_,Om riksdagstrycket,bihang,1844,1844,https://weburn.kb.se/riks/ståndsriksdagen/xml/bih_1844-45_10-1_2-2_/bih_1844-45_10-1_2-2_.xml,https://weburn.kb.se/riks/ståndsriksdagen/pdf/bih_1844-45_10-1_2-2_/bih_1844-45_10-1_2-2_.pdf,https://weburn.kb.se/riks/metadata/44/21798344.html,1844
bih_1844-45_10-1-1__01,Om riksdagstrycket,bihang,1844,1844,https://weburn.kb.se/riks/ståndsriksdagen/xml/bih_1844-45_10-1-1_/bih_1844-45_10-1-1__01.xml,https://weburn.kb.se/riks/ståndsriksdagen/pdf/bih_1844-45_10-1-1_/bih_1844-45_10-1-1__01.pdf,https://weburn.kb.se/riks/metadata/46/21798346.html,1844
bih_1844-45_10-1-1__02,Om riksdagstrycket,bihang,1844,1844,https://weburn.kb.se/riks/ståndsriksdagen/xml/bih_1844-45_10-1-1_/bih_1844-45_10-1-1__02.xml,https://weburn.kb.se/riks/ståndsriksdagen/pdf/bih_1844-45_10-1-1_/bih_1844-45_10-1-1__02.pdf,https://weburn.kb.se/riks/metadata/46/21798346.html,1844
bih_1844-45_10-1-1__03,Om riksdagstrycket,bihang,1844,1844,https://weburn.kb.se/riks/ståndsriksdagen/xml/bih_1844-45_10-1-1_/bih_1844-45_10-1-1__03.xml,https://weburn.kb.se/riks/ståndsriksdagen/pdf/bih_1844-45_10-1-1_/bih_1844-45_10-1-1__03.pdf,https://weburn.kb.se/riks/metadata/46/21798346.html,1844
bih_1844-45_3__01,Om riksdagstrycket,bihang,1844,1844,https://weburn.kb.se/riks/ståndsriksdagen/xml/bih_1844-45_3_/bih_1844-45_3__01.xml,https://weburn.kb.se/riks/ståndsriksdagen/pdf/bih_1844-45_3_/bih_1844-45_3__01.pdf,https://weburn.kb.se/riks/metadata/63/21798363.html,1844
bih_1844-45_3__02,Om riksdagstrycket,bihang,1844,1844,https://weburn.kb.se/riks/ståndsriksdagen/xml/bih_1844-45_3_/bih_1844-45_3__02.xml,https://weburn.kb.se/riks/ståndsriksdagen/pdf/bih_1844-45_3_/bih_1844-45_3__02.pdf,https://weburn.kb.se/riks/metadata/63/21798363.html,1844
bih_1844-45_8_,Om riksdagstrycket,bihang,1844,1844,https://weburn.kb.se/riks/ståndsriksdagen/xml/bih_1844-45_8_/bih_1844-45_8_.xml,https://weburn.kb.se/riks/ståndsriksdagen/pdf/bih_1844-45_8_/bih_1844-45_8_.pdf,https://weburn.kb.se/riks/metadata/89/21798389.html,1844
bg_1844-45_bil_,Om riksdagstrycket,borgare,1844,1844,https://weburn.kb.se/riks/ståndsriksdagen/xml/bg_1844-45_bil_/bg_1844-45_bil_.xml,https://weburn.kb.se/riks/ståndsriksdagen/pdf/bg_1844-45_bil_/bg_1844-45_bil_.pdf,https://weburn.kb.se/riks/metadata/44/21797944.html,1844
bn_1844-45_2__01,Om riksdagstrycket,bonder,1844,1844,https://weburn.kb.se/riks/ståndsriksdagen/xml/bn_1844-45_2_/bn_1844-45_2__01.xml,https://weburn.kb.se/riks/ståndsriksdagen/pdf/bn_1844-45_2_/bn_1844-45_2__01.pdf,https://weburn.kb.se/riks/metadata/27/21798827.html,1844
bn_1844-45_2__02,Om riksdagstrycket,bonder,1844,1844,https://weburn.kb.se/riks/ståndsriksdagen/xml/bn_1844-45_2_/bn_1844-45_2__02.xml,https://weburn.kb.se/riks/ståndsriksdagen/pdf/bn_1844-45_2_/bn_1844-45_2__02.pdf,https://weburn.kb.se/riks/metadata/27/21798827.html,1844
bn_1844-45_5__01,Om riksdagstrycket,bonder,1844,1844,https://weburn.kb.se/riks/ståndsriksdagen/xml/bn_1844-45_5_/bn_1844-45_5__01.xml,https://weburn.kb.se/riks/ståndsriksdagen/pdf/bn_1844-45_5_/bn_1844-45_5__01.pdf,https://weburn.kb.se/riks/metadata/30/21798830.html,1844
bn_1844-45_5__02,Om riksdagstrycket,bonder,1844,1844,https://weburn.kb.se/riks/ståndsriksdagen/xml/bn_1844-45_5_/bn_1844-45_5__02.xml,https://weburn.kb.se/riks/ståndsriksdagen/pdf/bn_1844-45_5_/bn_1844-45_5__02.pdf,https://weburn.kb.se/riks/metadata/30/21798830.html,1844
bn_1844-45_5__03,Om riksdagstrycket,bonder,1844,1844,https://weburn.kb.se/riks/ståndsriksdagen/xml/bn_1844-45_5_/bn_1844-45_5__03.xml,https://weburn.kb.se/riks/ståndsriksdagen/pdf/bn_1844-45_5_/bn_1844-45_5__03.pdf,https://weburn.kb.se/riks/metadata/30/21798830.html,1844
bn_1844-45_4__01,Om riksdagstrycket,bonder,1844,1844,https://weburn.kb.se/riks/ståndsriksdagen/xml/bn_1844-45_4_/bn_1844-45_4__01.xml,https://weburn.kb.se/riks/ståndsriksdagen/pdf/bn_1844-45_4_/bn_1844-45_4__01.pdf,https://weburn.kb.se/riks/metadata/29/21798829.html,1844
bn_1844-45_4__02,Om riksdagstrycket,bonder,1844,1844,https://weburn.kb.se/riks/ståndsriksdagen/xml/bn_1844-45_4_/bn_1844-45_4__02.xml,https://weburn.kb.se/riks/ståndsriksdagen/pdf/bn_1844-45_4_/bn_1844-45_4__02.pdf,https://weburn.kb.se/riks/metadata/29/21798829.html,1844
bn_1844-45_4__03,Om riksdagstrycket,bonder,1844,1844,https://weburn.kb.se/riks/ståndsriksdagen/xml/bn_1844-45_4_/bn_1844-45_4__03.xml,https://weburn.kb.se/riks/ståndsriksdagen/pdf/bn_1844-45_4_/bn_1844-45_4__03.pdf,https://weburn.kb.se/riks/metadata/29/21798829.html,1844
bn_1844-45_6__01,Om riksdagstrycket,bonder,1844,1844,https://weburn.kb.se/riks/ståndsriksdagen/xml/bn_1844-45_6_/bn_1844-45_6__01.xml,https://weburn.kb.se/riks/ståndsriksdagen/pdf/bn_1844-45_6_/bn_1844-45_6__01.pdf,https://weburn.kb.se/riks/metadata/31/21798831.html,1844
bn_1844-45_6__02,Om riksdagstrycket,bonder,1844,1844,https://weburn.kb.se/riks/ståndsriksdagen/xml/bn_1844-45_6_/bn_1844-45_6__02.xml,https://weburn.kb.se/riks/ståndsriksdagen/pdf/bn_1844-45_6_/bn_1844-45_6__02.pdf,https://weburn.kb.se/riks/metadata/31/21798831.html,1844
bn_1844-45_3__01,Om riksdagstrycket,bonder,1844,1844,https://weburn.kb.se/riks/ståndsriksdagen/xml/bn_1844-45_3_/bn_1844-45_3__01.xml,https://weburn.kb.se/riks/ståndsriksdagen/pdf/bn_1844-45_3_/bn_1844-45_3__01.pdf,https://weburn.kb.se/riks/metadata/28/21798828.html,1844
bn_1844-45_3__02,Om riksdagstrycket,bonder,1844,1844,https://weburn.kb.se/riks/ståndsriksdagen/xml/bn_1844-45_3_/bn_1844-45_3__02.xml,https://weburn.kb.se/riks/ståndsriksdagen/pdf/bn_1844-45_3_/bn_1844-45_3__02.pdf,https://weburn.kb.se/riks/metadata/28/21798828.html,1844
bn_1844-45_1__01,Om riksdagstrycket,bonder,1844,1844,https://weburn.kb.se/riks/ståndsriksdagen/xml/bn_1844-45_1_/bn_1844-45_1__01.xml,https://weburn.kb.se/riks/ståndsriksdagen/pdf/bn_1844-45_1_/bn_1844-45_1__01.pdf,https://weburn.kb.se/riks/metadata/25/21798825.html,1844
bn_1844-45_1__02,Om riksdagstrycket,bonder,1844,1844,https://weburn.kb.se/riks/ståndsriksdagen/xml/bn_1844-45_1_/bn_1844-45_1__02.xml,https://weburn.kb.se/riks/ståndsriksdagen/pdf/bn_1844-45_1_/bn_1844-45_1__02.pdf,https://weburn.kb.se/riks/metadata/25/21798825.html,1844
bn_1844-45_7__01,Om riksdagstrycket,bonder,1844,1844,https://weburn.kb.se/riks/ståndsriksdagen/xml/bn_1844-45_7_/bn_1844-45_7__01.xml,https://weburn.kb.se/riks/ståndsriksdagen/pdf/bn_1844-45_7_/bn_1844-45_7__01.pdf,https://weburn.kb.se/riks/metadata/32/21798832.html,1844
bn_1844-45_7__02,Om riksdagstrycket,bonder,1844,1844,https://weburn.kb.se/riks/ståndsriksdagen/xml/bn_1844-45_7_/bn_1844-45_7__02.xml,https://weburn.kb.se/riks/ståndsriksdagen/pdf/bn_1844-45_7_/bn_1844-45_7__02.pdf,https://weburn.kb.se/riks/metadata/32/21798832.html,1844
bn_1844-45_7__03,Om riksdagstrycket,bonder,1844,1844,https://weburn.kb.se/riks/ståndsriksdagen/xml/bn_1844-45_7_/bn_1844-45_7__03.xml,https://weburn.kb.se/riks/ståndsriksdagen/pdf/bn_1844-45_7_/bn_1844-45_7__03.pdf,https://weburn.kb.se/riks/metadata/32/21798832.html,1844
bn_1844-45_10__01,Om riksdagstrycket,bonder,1844,1844,https://weburn.kb.se/riks/ståndsriksdagen/xml/bn_1844-45_10_/bn_1844-45_10__01.xml,https://weburn.kb.se/riks/ståndsriksdagen/pdf/bn_1844-45_10_/bn_1844-45_10__01.pdf,https://weburn.kb.se/riks/metadata/26/21798826.html,1844
bn_1844-45_10__02,Om riksdagstrycket,bonder,1844,1844,https://weburn.kb.se/riks/ståndsriksdagen/xml/bn_1844-45_10_/bn_1844-45_10__02.xml,https://weburn.kb.se/riks/ståndsriksdagen/pdf/bn_1844-45_10_/bn_1844-45_10__02.pdf,https://weburn.kb.se/riks/metadata/26/21798826.html,1844
bn_1844-45_9__01,Om riksdagstrycket,bonder,1844,1844,https://weburn.kb.se/riks/ståndsriksdagen/xml/bn_1844-45_9_/bn_1844-45_9__01.xml,https://weburn.kb.se/riks/ståndsriksdagen/pdf/bn_1844-45_9_/bn_1844-45_9__01.pdf,https://weburn.kb.se/riks/metadata/34/21798834.html,1844
bn_1844-45_9__02,Om riksdagstrycket,bonder,1844,1844,https://weburn.kb.se/riks/ståndsriksdagen/xml/bn_1844-45_9_/bn_1844-45_9__02.xml,https://weburn.kb.se/riks/ståndsriksdagen/pdf/bn_1844-45_9_/bn_1844-45_9__02.pdf,https://weburn.kb.se/riks/metadata/34/21798834.html,1844
bn_1844-45_8__01,Om riksdagstrycket,bonder,1844,1844,https://weburn.kb.se/riks/ståndsriksdagen/xml/bn_1844-45_8_/bn_1844-45_8__01.xml,https://weburn.kb.se/riks/ståndsriksdagen/pdf/bn_1844-45_8_/bn_1844-45_8__01.pdf,https://weburn.kb.se/riks/metadata/33/21798833.html,1844
bn_1844-45_8__02,Om riksdagstrycket,bonder,1844,1844,https://weburn.kb.se/riks/ståndsriksdagen/xml/bn_1844-45_8_/bn_1844-45_8__02.xml,https://weburn.kb.se/riks/ståndsriksdagen/pdf/bn_1844-45_8_/bn_1844-45_8__02.pdf,https://weburn.kb.se/riks/metadata/33/21798833.html,1844
pr_1844-45_2_,Om riksdagstrycket,praster,1844,1844,https://weburn.kb.se/riks/ståndsriksdagen/xml/pr_1844-45_2_/pr_1844-45_2_.xml,https://weburn.kb.se/riks/ståndsriksdagen/pdf/pr_1844-45_2_/pr_1844-45_2_.pdf,https://weburn.kb.se/riks/metadata/82/21799082.html,1844
pr_1844-45_5__01,Om riksdagstrycket,praster,1844,1844,https://weburn.kb.se/riks/ståndsriksdagen/xml/pr_1844-45_5_/pr_1844-45_5__01.xml,https://weburn.kb.se/riks/ståndsriksdagen/pdf/pr_1844-45_5_/pr_1844-45_5__01.pdf,https://weburn.kb.se/riks/metadata/86/21799086.html,1844
pr_1844-45_5__02,Om riksdagstrycket,praster,1844,1844,https://weburn.kb.se/riks/ståndsriksdagen/xml/pr_1844-45_5_/pr_1844-45_5__02.xml,https://weburn.kb.se/riks/ståndsriksdagen/pdf/pr_1844-45_5_/pr_1844-45_5__02.pdf,https://weburn.kb.se/riks/metadata/86/21799086.html,1844
pr_1844-45_4__01,Om riksdagstrycket,praster,1844,1844,https://weburn.kb.se/riks/ståndsriksdagen/xml/pr_1844-45_4_/pr_1844-45_4__01.xml,https://weburn.kb.se/riks/ståndsriksdagen/pdf/pr_1844-45_4_/pr_1844-45_4__01.pdf,https://weburn.kb.se/riks/metadata/85/21799085.html,1844
pr_1844-45_4__02,Om riksdagstrycket,praster,1844,1844,https://weburn.kb.se/riks/ståndsriksdagen/xml/pr_1844-45_4_/pr_1844-45_4__02.xml,https://weburn.kb.se/riks/ståndsriksdagen/pdf/pr_1844-45_4_/pr_1844-45_4__02.pdf,https://weburn.kb.se/riks/metadata/85/21799085.html,1844
pr_1844-45_1__01,Om riksdagstrycket,praster,1844,1844,https://weburn.kb.se/riks/ståndsriksdagen/xml/pr_1844-45_1_/pr_1844-45_1__01.xml,https://weburn.kb.se/riks/ståndsriksdagen/pdf/pr_1844-45_1_/pr_1844-45_1__01.pdf,https://weburn.kb.se/riks/metadata/78/21799078.html,1844
pr_1844-45_1__02,Om riksdagstrycket,praster,1844,1844,https://weburn.kb.se/riks/ståndsriksdagen/xml/pr_1844-45_1_/pr_1844-45_1__02.xml,https://weburn.kb.se/riks/ståndsriksdagen/pdf/pr_1844-45_1_/pr_1844-45_1__02.pdf,https://weburn.kb.se/riks/metadata/78/21799078.html,1844
pr_1844-45_6__01,Om riksdagstrycket,praster,1844,1844,https://weburn.kb.se/riks/ståndsriksdagen/xml/pr_1844-45_6_/pr_1844-45_6__01.xml,https://weburn.kb.se/riks/ståndsriksdagen/pdf/pr_1844-45_6_/pr_1844-45_6__01.pdf,https://weburn.kb.se/riks/metadata/87/21799087.html,1844
pr_1844-45_6__02,Om riksdagstrycket,praster,1844,1844,https://weburn.kb.se/riks/ståndsriksdagen/xml/pr_1844-45_6_/pr_1844-45_6__02.xml,https://weburn.kb.se/riks/ståndsriksdagen/pdf/pr_1844-45_6_/pr_1844-45_6__02.pdf,https://weburn.kb.se/riks/metadata/87/21799087.html,1844
pr_1844-45_3__01,Om riksdagstrycket,praster,1844,1844,https://weburn.kb.se/riks/ståndsriksdagen/xml/pr_1844-45_3_/pr_1844-45_3__01.xml,https://weburn.kb.se/riks/ståndsriksdagen/pdf/pr_1844-45_3_/pr_1844-45_3__01.pdf,https://weburn.kb.se/riks/metadata/83/21799083.html,1844
pr_1844-45_3__02,Om riksdagstrycket,praster,1844,1844,https://weburn.kb.se/riks/ståndsriksdagen/xml/pr_1844-45_3_/pr_1844-45_3__02.xml,https://weburn.kb.se/riks/ståndsriksdagen/pdf/pr_1844-45_3_/pr_1844-45_3__02.pdf,https://weburn.kb.se/riks/metadata/83/21799083.html,1844
pr_1844-45_11__01,Om riksdagstrycket,praster,1844,1844,https://weburn.kb.se/riks/ståndsriksdagen/xml/pr_1844-45_11_/pr_1844-45_11__01.xml,https://weburn.kb.se/riks/ståndsriksdagen/pdf/pr_1844-45_11_/pr_1844-45_11__01.pdf,https://weburn.kb.se/riks/metadata/80/21799080.html,1844
pr_1844-45_11__02,Om riksdagstrycket,praster,1844,1844,https://weburn.kb.se/riks/ståndsriksdagen/xml/pr_1844-45_11_/pr_1844-45_11__02.xml,https://weburn.kb.se/riks/ståndsriksdagen/pdf/pr_1844-45_11_/pr_1844-45_11__02.pdf,https://weburn.kb.se/riks/metadata/80/21799080.html,1844
pr_1844-45_8__01,Om riksdagstrycket,praster,1844,1844,https://weburn.kb.se/riks/ståndsriksdagen/xml/pr_1844-45_8_/pr_1844-45_8__01.xml,https://weburn.kb.se/riks/ståndsriksdagen/pdf/pr_1844-45_8_/pr_1844-45_8__01.pdf,https://weburn.kb.se/riks/metadata/89/21799089.html,1844
pr_1844-45_8__02,Om riksdagstrycket,praster,1844,1844,https://weburn.kb.se/riks/ståndsriksdagen/xml/pr_1844-45_8_/pr_1844-45_8__02.xml,https://weburn.kb.se/riks/ståndsriksdagen/pdf/pr_1844-45_8_/pr_1844-45_8__02.pdf,https://weburn.kb.se/riks/metadata/89/21799089.html,1844
pr_1844-45_9__01,Om riksdagstrycket,praster,1844,1844,https://weburn.kb.se/riks/ståndsriksdagen/xml/pr_1844-45_9_/pr_1844-45_9__01.xml,https://weburn.kb.se/riks/ståndsriksdagen/pdf/pr_1844-45_9_/pr_1844-45_9__01.pdf,https://weburn.kb.se/riks/metadata/89/21799089.html,1844
pr_1844-45_9__02,Om riksdagstrycket,praster,1844,1844,https://weburn.kb.se/riks/ståndsriksdagen/xml/pr_1844-45_9_/pr_1844-45_9__02.xml,https://weburn.kb.se/riks/ståndsriksdagen/pdf/pr_1844-45_9_/pr_1844-45_9__02.pdf,https://weburn.kb.se/riks/metadata/89/21799089.html,1844
pr_1844-45_7__01,Om riksdagstrycket,praster,1844,1844,https://weburn.kb.se/riks/ståndsriksdagen/xml/pr_1844-45_7_/pr_1844-45_7__01.xml,https://weburn.kb.se/riks/ståndsriksdagen/pdf/pr_1844-45_7_/pr_1844-45_7__01.pdf,https://weburn.kb.se/riks/metadata/88/21799088.html,1844
pr_1844-45_7__02,Om riksdagstrycket,praster,1844,1844,https://weburn.kb.se/riks/ståndsriksdagen/xml/pr_1844-45_7_/pr_1844-45_7__02.xml,https://weburn.kb.se/riks/ståndsriksdagen/pdf/pr_1844-45_7_/pr_1844-45_7__02.pdf,https://weburn.kb.se/riks/metadata/88/21799088.html,1844
pr_1844-45_10__01,Om riksdagstrycket,praster,1844,1844,https://weburn.kb.se/riks/ståndsriksdagen/xml/pr_1844-45_10_/pr_1844-45_10__01.xml,https://weburn.kb.se/riks/ståndsriksdagen/pdf/pr_1844-45_10_/pr_1844-45_10__01.pdf,https://weburn.kb.se/riks/metadata/79/21799079.html,1844
pr_1844-45_10__02,Om riksdagstrycket,praster,1844,1844,https://weburn.kb.se/riks/ståndsriksdagen/xml/pr_1844-45_10_/pr_1844-45_10__02.xml,https://weburn.kb.se/riks/ståndsriksdagen/pdf/pr_1844-45_10_/pr_1844-45_10__02.pdf,https://weburn.kb.se/riks/metadata/79/21799079.html,1844
pr_1844-45_12__01,Om riksdagstrycket,praster,1844,1844,https://weburn.kb.se/riks/ståndsriksdagen/xml/pr_1844-45_12_/pr_1844-45_12__01.xml,https://weburn.kb.se/riks/ståndsriksdagen/pdf/pr_1844-45_12_/pr_1844-45_12__01.pdf,https://weburn.kb.se/riks/metadata/81/21799081.html,1844
pr_1844-45_12__02,Om riksdagstrycket,praster,1844,1844,https://weburn.kb.se/riks/ståndsriksdagen/xml/pr_1844-45_12_/pr_1844-45_12__02.xml,https://weburn.kb.se/riks/ståndsriksdagen/pdf/pr_1844-45_12_/pr_1844-45_12__02.pdf,https://weburn.kb.se/riks/metadata/81/21799081.html,1844
roa_1844-45_2__01,Om riksdagstrycket,adel,1844,1844,https://weburn.kb.se/riks/ståndsriksdagen/xml/roa_1844-45_2_/roa_1844-45_2__01.xml,https://weburn.kb.se/riks/ståndsriksdagen/pdf/roa_1844-45_2_/roa_1844-45_2__01.pdf,https://weburn.kb.se/riks/metadata/98/21799498.html,1844
roa_1844-45_2__02,Om riksdagstrycket,adel,1844,1844,https://weburn.kb.se/riks/ståndsriksdagen/xml/roa_1844-45_2_/roa_1844-45_2__02.xml,https://weburn.kb.se/riks/ståndsriksdagen/pdf/roa_1844-45_2_/roa_1844-45_2__02.pdf,https://weburn.kb.se/riks/metadata/98/21799498.html,1844
roa_1844-45_5__01,Om riksdagstrycket,adel,1844,1844,https://weburn.kb.se/riks/ståndsriksdagen/xml/roa_1844-45_5_/roa_1844-45_5__01.xml,https://weburn.kb.se/riks/ståndsriksdagen/pdf/roa_1844-45_5_/roa_1844-45_5__01.pdf,https://weburn.kb.se/riks/metadata/02/21799502.html,1844
roa_1844-45_5__02,Om riksdagstrycket,adel,1844,1844,https://weburn.kb.se/riks/ståndsriksdagen/xml/roa_1844-45_5_/roa_1844-45_5__02.xml,https://weburn.kb.se/riks/ståndsriksdagen/pdf/roa_1844-45_5_/roa_1844-45_5__02.pdf,https://weburn.kb.se/riks/metadata/02/21799502.html,1844
roa_1844-45_5__03,Om riksdagstrycket,adel,1844,1844,https://weburn.kb.se/riks/ståndsriksdagen/xml/roa_1844-45_5_/roa_1844-45_5__03.xml,https://weburn.kb.se/riks/ståndsriksdagen/pdf/roa_1844-45_5_/roa_1844-45_5__03.pdf,https://weburn.kb.se/riks/metadata/02/21799502.html,1844
roa_1844-45_4__01,Om riksdagstrycket,adel,1844,1844,https://weburn.kb.se/riks/ståndsriksdagen/xml/roa_1844-45_4_/roa_1844-45_4__01.xml,https://weburn.kb.se/riks/ståndsriksdagen/pdf/roa_1844-45_4_/roa_1844-45_4__01.pdf,https://weburn.kb.se/riks/metadata/01/21799501.html,1844
roa_1844-45_4__02,Om riksdagstrycket,adel,1844,1844,https://weburn.kb.se/riks/ståndsriksdagen/xml/roa_1844-45_4_/roa_1844-45_4__02.xml,https://weburn.kb.se/riks/ståndsriksdagen/pdf/roa_1844-45_4_/roa_1844-45_4__02.pdf,https://weburn.kb.se/riks/metadata/01/21799501.html,1844
roa_1844-45_1__01,Om riksdagstrycket,adel,1844,1844,https://weburn.kb.se/riks/ståndsriksdagen/xml/roa_1844-45_1_/roa_1844-45_1__01.xml,https://weburn.kb.se/riks/ståndsriksdagen/pdf/roa_1844-45_1_/roa_1844-45_1__01.pdf,https://weburn.kb.se/riks/metadata/95/21799495.html,1844
roa_1844-45_1__02,Om riksdagstrycket,adel,1844,1844,https://weburn.kb.se/riks/ståndsriksdagen/xml/roa_1844-45_1_/roa_1844-45_1__02.xml,https://weburn.kb.se/riks/ståndsriksdagen/pdf/roa_1844-45_1_/roa_1844-45_1__02.pdf,https://weburn.kb.se/riks/metadata/95/21799495.html,1844
roa_1844-45_3__01,Om riksdagstrycket,adel,1844,1844,https://weburn.kb.se/riks/ståndsriksdagen/xml/roa_1844-45_3_/roa_1844-45_3__01.xml,https://weburn.kb.se/riks/ståndsriksdagen/pdf/roa_1844-45_3_/roa_1844-45_3__01.pdf,https://weburn.kb.se/riks/metadata/99/21799499.html,1844
roa_1844-45_3__02,Om riksdagstrycket,adel,1844,1844,https://weburn.kb.se/riks/ståndsriksdagen/xml/roa_1844-45_3_/roa_1844-45_3__02.xml,https://weburn.kb.se/riks/ståndsriksdagen/pdf/roa_1844-45_3_/roa_1844-45_3__02.pdf,https://weburn.kb.se/riks/metadata/99/21799499.html,1844
roa_1844-45_9__01,Om riksdagstrycket,adel,1844,1844,https://weburn.kb.se/riks/ståndsriksdagen/xml/roa_1844-45_9_/roa_1844-45_9__01.xml,https://weburn.kb.se/riks/ståndsriksdagen/pdf/roa_1844-45_9_/roa_1844-45_9__01.pdf,https://weburn.kb.se/riks/metadata/11/21799511.html,1844
roa_1844-45_9__02,Om riksdagstrycket,adel,1844,1844,https://weburn.kb.se/riks/ståndsriksdagen/xml/roa_1844-45_9_/roa_1844-45_9__02.xml,https://weburn.kb.se/riks/ståndsriksdagen/pdf/roa_1844-45_9_/roa_1844-45_9__02.pdf,https://weburn.kb.se/riks/metadata/11/21799511.html,1844
roa_1844-45_9__03,Om riksdagstrycket,adel,1844,1844,https://weburn.kb.se/riks/ståndsriksdagen/xml/roa_1844-45_9_/roa_1844-45_9__03.xml,https://weburn.kb.se/riks/ståndsriksdagen/pdf/roa_1844-45_9_/roa_1844-45_9__03.pdf,https://weburn.kb.se/riks/metadata/11/21799511.html,1844
roa_1844-45_6__01,Om riksdagstrycket,adel,1844,1844,https://weburn.kb.se/riks/ståndsriksdagen/xml/roa_1844-45_6_/roa_1844-45_6__01.xml,https://weburn.kb.se/riks/ståndsriksdagen/pdf/roa_1844-45_6_/roa_1844-45_6__01.pdf,https://weburn.kb.se/riks/metadata/04/21799504.html,1844
roa_1844-45_6__02,Om riksdagstrycket,adel,1844,1844,https://weburn.kb.se/riks/ståndsriksdagen/xml/roa_1844-45_6_/roa_1844-45_6__02.xml,https://weburn.kb.se/riks/ståndsriksdagen/pdf/roa_1844-45_6_/roa_1844-45_6__02.pdf,https://weburn.kb.se/riks/metadata/04/21799504.html,1844
roa_1844-45_6__03,Om riksdagstrycket,adel,1844,1844,https://weburn.kb.se/riks/ståndsriksdagen/xml/roa_1844-45_6_/roa_1844-45_6__03.xml,https://weburn.kb.se/riks/ståndsriksdagen/pdf/roa_1844-45_6_/roa_1844-45_6__03.pdf,https://weburn.kb.se/riks/metadata/04/21799504.html,1844
roa_1844-45_7__01,Om riksdagstrycket,adel,1844,1844,https://weburn.kb.se/riks/ståndsriksdagen/xml/roa_1844-45_7_/roa_1844-45_7__01.xml,https://weburn.kb.se/riks/ståndsriksdagen/pdf/roa_1844-45_7_/roa_1844-45_7__01.pdf,https://weburn.kb.se/riks/metadata/07/21799507.html,1844
roa_1844-45_7__02,Om riksdagstrycket,adel,1844,1844,https://weburn.kb.se/riks/ståndsriksdagen/xml/roa_1844-45_7_/roa_1844-45_7__02.xml,https://weburn.kb.se/riks/ståndsriksdagen/pdf/roa_1844-45_7_/roa_1844-45_7__02.pdf,https://weburn.kb.se/riks/metadata/07/21799507.html,1844
roa_1844-45_10__01,Om riksdagstrycket,adel,1844,1844,https://weburn.kb.se/riks/ståndsriksdagen/xml/roa_1844-45_10_/roa_1844-45_10__01.xml,https://weburn.kb.se/riks/ståndsriksdagen/pdf/roa_1844-45_10_/roa_1844-45_10__01.pdf,https://weburn.kb.se/riks/metadata/96/21799496.html,1844
roa_1844-45_10__02,Om riksdagstrycket,adel,1844,1844,https://weburn.kb.se/riks/ståndsriksdagen/xml/roa_1844-45_10_/roa_1844-45_10__02.xml,https://weburn.kb.se/riks/ståndsriksdagen/pdf/roa_1844-45_10_/roa_1844-45_10__02.pdf,https://weburn.kb.se/riks/metadata/96/21799496.html,1844
roa_1844-45_10__03,Om riksdagstrycket,adel,1844,1844,https://weburn.kb.se/riks/ståndsriksdagen/xml/roa_1844-45_10_/roa_1844-45_10__03.xml,https://weburn.kb.se/riks/ståndsriksdagen/pdf/roa_1844-45_10_/roa_1844-45_10__03.pdf,https://weburn.kb.se/riks/metadata/96/21799496.html,1844
roa_1844-45_8__01,Om riksdagstrycket,adel,1844,1844,https://weburn.kb.se/riks/ståndsriksdagen/xml/roa_1844-45_8_/roa_1844-45_8__01.xml,https://weburn.kb.se/riks/ståndsriksdagen/pdf/roa_1844-45_8_/roa_1844-45_8__01.pdf,https://weburn.kb.se/riks/metadata/08/21799508.html,1844
roa_1844-45_8__02,Om riksdagstrycket,adel,1844,1844,https://weburn.kb.se/riks/ståndsriksdagen/xml/roa_1844-45_8_/roa_1844-45_8__02.xml,https://weburn.kb.se/riks/ståndsriksdagen/pdf/roa_1844-45_8_/roa_1844-45_8__02.pdf,https://weburn.kb.se/riks/metadata/08/21799508.html,1844
bg_1844-45_1__01,Om riksdagstrycket,borgare,1844,1844,https://weburn.kb.se/riks/ståndsriksdagen/xml/bg_1844-45_1_/bg_1844-45_1__01.xml,https://weburn.kb.se/riks/ståndsriksdagen/pdf/bg_1844-45_1_/bg_1844-45_1__01.pdf,https://weburn.kb.se/riks/metadata/36/21797936.html,1844
bg_1844-45_1__02,Om riksdagstrycket,borgare,1844,1844,https://weburn.kb.se/riks/ståndsriksdagen/xml/bg_1844-45_1_/bg_1844-45_1__02.xml,https://weburn.kb.se/riks/ståndsriksdagen/pdf/bg_1844-45_1_/bg_1844-45_1__02.pdf,https://weburn.kb.se/riks/metadata/36/21797936.html,1844
bg_1844-45_1__03,Om riksdagstrycket,borgare,1844,1844,https://weburn.kb.se/riks/ståndsriksdagen/xml/bg_1844-45_1_/bg_1844-45_1__03.xml,https://weburn.kb.se/riks/ståndsriksdagen/pdf/bg_1844-45_1_/bg_1844-45_1__03.pdf,https://weburn.kb.se/riks/metadata/36/21797936.html,1844
bg_1844-45_2-1__01,Om riksdagstrycket,borgare,1844,1844,https://weburn.kb.se/riks/ståndsriksdagen/xml/bg_1844-45_2-1_/bg_1844-45_2-1__01.xml,https://weburn.kb.se/riks/ståndsriksdagen/pdf/bg_1844-45_2-1_/bg_1844-45_2-1__01.pdf,https://weburn.kb.se/riks/metadata/39/21797939.html,1844
bg_1844-45_2-1__02,Om riksdagstrycket,borgare,1844,1844,https://weburn.kb.se/riks/ståndsriksdagen/xml/bg_1844-45_2-1_/bg_1844-45_2-1__02.xml,https://weburn.kb.se/riks/ståndsriksdagen/pdf/bg_1844-45_2-1_/bg_1844-45_2-1__02.pdf,https://weburn.kb.se/riks/metadata/39/21797939.html,1844
bg_1844-45_2-1__03,Om riksdagstrycket,borgare,1844,1844,https://weburn.kb.se/riks/ståndsriksdagen/xml/bg_1844-45_2-1_/bg_1844-45_2-1__03.xml,https://weburn.kb.se/riks/ståndsriksdagen/pdf/bg_1844-45_2-1_/bg_1844-45_2-1__03.pdf,https://weburn.kb.se/riks/metadata/39/21797939.html,1844
bg_1844-45_2-2_,Om riksdagstrycket,borgare,1844,1844,https://weburn.kb.se/riks/ståndsriksdagen/xml/bg_1844-45_2-2_/bg_1844-45_2-2_.xml,https://weburn.kb.se/riks/ståndsriksdagen/pdf/bg_1844-45_2-2_/bg_1844-45_2-2_.pdf,https://weburn.kb.se/riks/metadata/40/21797940.html,1844
bg_1844-45_4__01,Om riksdagstrycket,borgare,1844,1844,https://weburn.kb.se/riks/ståndsriksdagen/xml/bg_1844-45_4_/bg_1844-45_4__01.xml,https://weburn.kb.se/riks/ståndsriksdagen/pdf/bg_1844-45_4_/bg_1844-45_4__01.pdf,https://weburn.kb.se/riks/metadata/43/21797943.html,1844
bg_1844-45_4__02,Om riksdagstrycket,borgare,1844,1844,https://weburn.kb.se/riks/ståndsriksdagen/xml/bg_1844-45_4_/bg_1844-45_4__02.xml,https://weburn.kb.se/riks/ståndsriksdagen/pdf/bg_1844-45_4_/bg_1844-45_4__02.pdf,https://weburn.kb.se/riks/metadata/43/21797943.html,1844
bg_1844-45_3__01,Om riksdagstrycket,borgare,1844,1844,https://weburn.kb.se/riks/ståndsriksdagen/xml/bg_1844-45_3_/bg_1844-45_3__01.xml,https://weburn.kb.se/riks/ståndsriksdagen/pdf/bg_1844-45_3_/bg_1844-45_3__01.pdf,https://weburn.kb.se/riks/metadata/42/21797942.html,1844
bg_1844-45_3__02,Om riksdagstrycket,borgare,1844,1844,https://weburn.kb.se/riks/ståndsriksdagen/xml/bg_1844-45_3_/bg_1844-45_3__02.xml,https://weburn.kb.se/riks/ståndsriksdagen/pdf/bg_1844-45_3_/bg_1844-45_3__02.pdf,https://weburn.kb.se/riks/metadata/42/21797942.html,1844
bg_1844-45_3__03,Om riksdagstrycket,borgare,1844,1844,https://weburn.kb.se/riks/ståndsriksdagen/xml/bg_1844-45_3_/bg_1844-45_3__03.xml,https://weburn.kb.se/riks/ståndsriksdagen/pdf/bg_1844-45_3_/bg_1844-45_3__03.pdf,https://weburn.kb.se/riks/metadata/42/21797942.html,1844
bn_1844-45_reg__01,Om riksdagstrycket,bonder,1844,1844,https://weburn.kb.se/riks/ståndsriksdagen/xml/bn_1844-45_reg_/bn_1844-45_reg__01.xml,https://weburn.kb.se/riks/ståndsriksdagen/pdf/bn_1844-45_reg_/bn_1844-45_reg__01.pdf,https://weburn.kb.se/riks/metadata/35/21798835.html,1844
bn_1844-45_reg__02,Om riksdagstrycket,bonder,1844,1844,https://weburn.kb.se/riks/ståndsriksdagen/xml/bn_1844-45_reg_/bn_1844-45_reg__02.xml,https://weburn.kb.se/riks/ståndsriksdagen/pdf/bn_1844-45_reg_/bn_1844-45_reg__02.pdf,https://weburn.kb.se/riks/metadata/35/21798835.html,1844
roa_1844-45_reg_,Om riksdagstrycket,adel,1844,1844,https://weburn.kb.se/riks/ståndsriksdagen/xml/roa_1844-45_reg_/roa_1844-45_reg_.xml,https://weburn.kb.se/riks/ståndsriksdagen/pdf/roa_1844-45_reg_/roa_1844-45_reg_.pdf,https://weburn.kb.se/riks/metadata/14/21799514.html,1844
pr_1844-45_reg_,Om riksdagstrycket,praster,1844,1844,https://weburn.kb.se/riks/ståndsriksdagen/xml/pr_1844-45_reg_/pr_1844-45_reg_.xml,https://weburn.kb.se/riks/ståndsriksdagen/pdf/pr_1844-45_reg_/pr_1844-45_reg_.pdf,https://weburn.kb.se/riks/metadata/90/21799090.html,1844
bg_1844-45_reg_,Om riksdagstrycket,borgare,1844,1844,https://weburn.kb.se/riks/ståndsriksdagen/xml/bg_1844-45_reg_/bg_1844-45_reg_.xml,https://weburn.kb.se/riks/ståndsriksdagen/pdf/bg_1844-45_reg_/bg_1844-45_reg_.pdf,https://weburn.kb.se/riks/metadata/46/21797946.html,1844
bih_1847-48_reg_,Om riksdagstrycket,bihang,1847,1847,https://weburn.kb.se/riks/ståndsriksdagen/xml/bih_1847-48_reg_/bih_1847-48_reg_.xml,https://weburn.kb.se/riks/ståndsriksdagen/pdf/bih_1847-48_reg_/bih_1847-48_reg_.pdf,https://weburn.kb.se/riks/metadata/53/21798453.html,1847
bih_1847-48_2-1__01,Om riksdagstrycket,bihang,1847,1847,https://weburn.kb.se/riks/ståndsriksdagen/xml/bih_1847-48_2-1_/bih_1847-48_2-1__01.xml,https://weburn.kb.se/riks/ståndsriksdagen/pdf/bih_1847-48_2-1_/bih_1847-48_2-1__01.pdf,https://weburn.kb.se/riks/metadata/13/21798413.html,1847
bih_1847-48_2-1__02,Om riksdagstrycket,bihang,1847,1847,https://weburn.kb.se/riks/ståndsriksdagen/xml/bih_1847-48_2-1_/bih_1847-48_2-1__02.xml,https://weburn.kb.se/riks/ståndsriksdagen/pdf/bih_1847-48_2-1_/bih_1847-48_2-1__02.pdf,https://weburn.kb.se/riks/metadata/13/21798413.html,1847
bih_1847-48_2-1__03,Om riksdagstrycket,bihang,1847,1847,https://weburn.kb.se/riks/ståndsriksdagen/xml/bih_1847-48_2-1_/bih_1847-48_2-1__03.xml,https://weburn.kb.se/riks/ståndsriksdagen/pdf/bih_1847-48_2-1_/bih_1847-48_2-1__03.pdf,https://weburn.kb.se/riks/metadata/13/21798413.html,1847
bih_1847-48_5-1__01,Om riksdagstrycket,bihang,1847,1847,https://weburn.kb.se/riks/ståndsriksdagen/xml/bih_1847-48_5-1_/bih_1847-48_5-1__01.xml,https://weburn.kb.se/riks/ståndsriksdagen/pdf/bih_1847-48_5-1_/bih_1847-48_5-1__01.pdf,https://weburn.kb.se/riks/metadata/29/21798429.html,1847
bih_1847-48_5-1__02,Om riksdagstrycket,bihang,1847,1847,https://weburn.kb.se/riks/ståndsriksdagen/xml/bih_1847-48_5-1_/bih_1847-48_5-1__02.xml,https://weburn.kb.se/riks/ståndsriksdagen/pdf/bih_1847-48_5-1_/bih_1847-48_5-1__02.pdf,https://weburn.kb.se/riks/metadata/29/21798429.html,1847
bih_1847-48_5-1__03,Om riksdagstrycket,bihang,1847,1847,https://weburn.kb.se/riks/ståndsriksdagen/xml/bih_1847-48_5-1_/bih_1847-48_5-1__03.xml,https://weburn.kb.se/riks/ståndsriksdagen/pdf/bih_1847-48_5-1_/bih_1847-48_5-1__03.pdf,https://weburn.kb.se/riks/metadata/29/21798429.html,1847
bih_1847-48_5-1__04,Om riksdagstrycket,bihang,1847,1847,https://weburn.kb.se/riks/ståndsriksdagen/xml/bih_1847-48_5-1_/bih_1847-48_5-1__04.xml,https://weburn.kb.se/riks/ståndsriksdagen/pdf/bih_1847-48_5-1_/bih_1847-48_5-1__04.pdf,https://weburn.kb.se/riks/metadata/31/21798431.html,1847
bih_1847-48_4-1-2__01,Om riksdagstrycket,bihang,1847,1847,https://weburn.kb.se/riks/ståndsriksdagen/xml/bih_1847-48_4-1-2_/bih_1847-48_4-1-2__01.xml,https://weburn.kb.se/riks/ståndsriksdagen/pdf/bih_1847-48_4-1-2_/bih_1847-48_4-1-2__01.pdf,https://weburn.kb.se/riks/metadata/21/21798421.html,1847
bih_1847-48_4-1-2__02,Om riksdagstrycket,bihang,1847,1847,https://weburn.kb.se/riks/ståndsriksdagen/xml/bih_1847-48_4-1-2_/bih_1847-48_4-1-2__02.xml,https://weburn.kb.se/riks/ståndsriksdagen/pdf/bih_1847-48_4-1-2_/bih_1847-48_4-1-2__02.pdf,https://weburn.kb.se/riks/metadata/21/21798421.html,1847
bih_1847-48_4-1-2__03,Om riksdagstrycket,bihang,1847,1847,https://weburn.kb.se/riks/ståndsriksdagen/xml/bih_1847-48_4-1-2_/bih_1847-48_4-1-2__03.xml,https://weburn.kb.se/riks/ståndsriksdagen/pdf/bih_1847-48_4-1-2_/bih_1847-48_4-1-2__03.pdf,https://weburn.kb.se/riks/metadata/21/21798421.html,1847
bih_1847-48_4-1-2__04,Om riksdagstrycket,bihang,1847,1847,https://weburn.kb.se/riks/ståndsriksdagen/xml/bih_1847-48_4-1-2_/bih_1847-48_4-1-2__04.xml,https://weburn.kb.se/riks/ståndsriksdagen/pdf/bih_1847-48_4-1-2_/bih_1847-48_4-1-2__04.pdf,https://weburn.kb.se/riks/metadata/21/21798421.html,1847
bih_1847-48_4-1-1__01,Om riksdagstrycket,bihang,1847,1847,https://weburn.kb.se/riks/ståndsriksdagen/xml/bih_1847-48_4-1-1_/bih_1847-48_4-1-1__01.xml,https://weburn.kb.se/riks/ståndsriksdagen/pdf/bih_1847-48_4-1-1_/bih_1847-48_4-1-1__01.pdf,https://weburn.kb.se/riks/metadata/18/21798418.html,1847
bih_1847-48_4-1-1__02,Om riksdagstrycket,bihang,1847,1847,https://weburn.kb.se/riks/ståndsriksdagen/xml/bih_1847-48_4-1-1_/bih_1847-48_4-1-1__02.xml,https://weburn.kb.se/riks/ståndsriksdagen/pdf/bih_1847-48_4-1-1_/bih_1847-48_4-1-1__02.pdf,https://weburn.kb.se/riks/metadata/18/21798418.html,1847
bih_1847-48_4-1-1__03,Om riksdagstrycket,bihang,1847,1847,https://weburn.kb.se/riks/ståndsriksdagen/xml/bih_1847-48_4-1-1_/bih_1847-48_4-1-1__03.xml,https://weburn.kb.se/riks/ståndsriksdagen/pdf/bih_1847-48_4-1-1_/bih_1847-48_4-1-1__03.pdf,https://weburn.kb.se/riks/metadata/18/21798418.html,1847
bih_1847-48_4-2_,Om riksdagstrycket,bihang,1847,1847,https://weburn.kb.se/riks/ståndsriksdagen/xml/bih_1847-48_4-2_/bih_1847-48_4-2_.xml,https://weburn.kb.se/riks/ståndsriksdagen/pdf/bih_1847-48_4-2_/bih_1847-48_4-2_.pdf,https://weburn.kb.se/riks/metadata/25/21798425.html,1847
bih_1847-48_1-1-2__01,Om riksdagstrycket,bihang,1847,1847,https://weburn.kb.se/riks/ståndsriksdagen/xml/bih_1847-48_1-1-2_/bih_1847-48_1-1-2__01.xml,https://weburn.kb.se/riks/ståndsriksdagen/pdf/bih_1847-48_1-1-2_/bih_1847-48_1-1-2__01.pdf,https://weburn.kb.se/riks/metadata/07/21798407.html,1847
bih_1847-48_1-1-2__02,Om riksdagstrycket,bihang,1847,1847,https://weburn.kb.se/riks/ståndsriksdagen/xml/bih_1847-48_1-1-2_/bih_1847-48_1-1-2__02.xml,https://weburn.kb.se/riks/ståndsriksdagen/pdf/bih_1847-48_1-1-2_/bih_1847-48_1-1-2__02.pdf,https://weburn.kb.se/riks/metadata/07/21798407.html,1847
bih_1847-48_1-1-2__03,Om riksdagstrycket,bihang,1847,1847,https://weburn.kb.se/riks/ståndsriksdagen/xml/bih_1847-48_1-1-2_/bih_1847-48_1-1-2__03.xml,https://weburn.kb.se/riks/ståndsriksdagen/pdf/bih_1847-48_1-1-2_/bih_1847-48_1-1-2__03.pdf,https://weburn.kb.se/riks/metadata/07/21798407.html,1847
bih_1847-48_1-1_2__01,Om riksdagstrycket,bihang,1847,1847,https://weburn.kb.se/riks/ståndsriksdagen/xml/bih_1847-48_1-1_2_/bih_1847-48_1-1_2__01.xml,https://weburn.kb.se/riks/ståndsriksdagen/pdf/bih_1847-48_1-1_2_/bih_1847-48_1-1_2__01.pdf,https://weburn.kb.se/riks/metadata/07/21798407.html,1847
bih_1847-48_1-1_2__02,Om riksdagstrycket,bihang,1847,1847,https://weburn.kb.se/riks/ståndsriksdagen/xml/bih_1847-48_1-1_2_/bih_1847-48_1-1_2__02.xml,https://weburn.kb.se/riks/ståndsriksdagen/pdf/bih_1847-48_1-1_2_/bih_1847-48_1-1_2__02.pdf,https://weburn.kb.se/riks/metadata/07/21798407.html,1847
bih_1847-48_1-1_2__03,Om riksdagstrycket,bihang,1847,1847,https://weburn.kb.se/riks/ståndsriksdagen/xml/bih_1847-48_1-1_2_/bih_1847-48_1-1_2__03.xml,https://weburn.kb.se/riks/ståndsriksdagen/pdf/bih_1847-48_1-1_2_/bih_1847-48_1-1_2__03.pdf,https://weburn.kb.se/riks/metadata/07/21798407.html,1847
bih_1847-48_1-1_2__04,Om riksdagstrycket,bihang,1847,1847,https://weburn.kb.se/riks/ståndsriksdagen/xml/bih_1847-48_1-1_2_/bih_1847-48_1-1_2__04.xml,https://weburn.kb.se/riks/ståndsriksdagen/pdf/bih_1847-48_1-1_2_/bih_1847-48_1-1_2__04.pdf,https://weburn.kb.se/riks/metadata/07/21798407.html,1847
bih_1847-48_1-1-1__01,Om riksdagstrycket,bihang,1847,1847,https://weburn.kb.se/riks/ståndsriksdagen/xml/bih_1847-48_1-1-1_/bih_1847-48_1-1-1__01.xml,https://weburn.kb.se/riks/ståndsriksdagen/pdf/bih_1847-48_1-1-1_/bih_1847-48_1-1-1__01.pdf,https://weburn.kb.se/riks/metadata/11/21798411.html,1847
bih_1847-48_1-1-1__02,Om riksdagstrycket,bihang,1847,1847,https://weburn.kb.se/riks/ståndsriksdagen/xml/bih_1847-48_1-1-1_/bih_1847-48_1-1-1__02.xml,https://weburn.kb.se/riks/ståndsriksdagen/pdf/bih_1847-48_1-1-1_/bih_1847-48_1-1-1__02.pdf,https://weburn.kb.se/riks/metadata/11/21798411.html,1847
bih_1847-48_1-1-1__03,Om riksdagstrycket,bihang,1847,1847,https://weburn.kb.se/riks/ståndsriksdagen/xml/bih_1847-48_1-1-1_/bih_1847-48_1-1-1__03.xml,https://weburn.kb.se/riks/ståndsriksdagen/pdf/bih_1847-48_1-1-1_/bih_1847-48_1-1-1__03.pdf,https://weburn.kb.se/riks/metadata/11/21798411.html,1847
bih_1847-48_1-1-1__04,Om riksdagstrycket,bihang,1847,1847,https://weburn.kb.se/riks/ståndsriksdagen/xml/bih_1847-48_1-1-1_/bih_1847-48_1-1-1__04.xml,https://weburn.kb.se/riks/ståndsriksdagen/pdf/bih_1847-48_1-1-1_/bih_1847-48_1-1-1__04.pdf,https://weburn.kb.se/riks/metadata/11/21798411.html,1847
bih_1847-48_9__01,Om riksdagstrycket,bihang,1847,1847,https://weburn.kb.se/riks/ståndsriksdagen/xml/bih_1847-48_9_/bih_1847-48_9__01.xml,https://weburn.kb.se/riks/ståndsriksdagen/pdf/bih_1847-48_9_/bih_1847-48_9__01.pdf,https://weburn.kb.se/riks/metadata/49/21798449.html,1847
bih_1847-48_9__02,Om riksdagstrycket,bihang,1847,1847,https://weburn.kb.se/riks/ståndsriksdagen/xml/bih_1847-48_9_/bih_1847-48_9__02.xml,https://weburn.kb.se/riks/ståndsriksdagen/pdf/bih_1847-48_9_/bih_1847-48_9__02.pdf,https://weburn.kb.se/riks/metadata/49/21798449.html,1847
bih_1847-48_9__03,Om riksdagstrycket,bihang,1847,1847,https://weburn.kb.se/riks/ståndsriksdagen/xml/bih_1847-48_9_/bih_1847-48_9__03.xml,https://weburn.kb.se/riks/ståndsriksdagen/pdf/bih_1847-48_9_/bih_1847-48_9__03.pdf,https://weburn.kb.se/riks/metadata/49/21798449.html,1847
bih_1847-48_6-1_2__01,Om riksdagstrycket,bihang,1847,1847,https://weburn.kb.se/riks/ståndsriksdagen/xml/bih_1847-48_6-1_2_/bih_1847-48_6-1_2__01.xml,https://weburn.kb.se/riks/ståndsriksdagen/pdf/bih_1847-48_6-1_2_/bih_1847-48_6-1_2__01.pdf,https://weburn.kb.se/riks/metadata/35/21798435.html,1847
bih_1847-48_6-1_2__02,Om riksdagstrycket,bihang,1847,1847,https://weburn.kb.se/riks/ståndsriksdagen/xml/bih_1847-48_6-1_2_/bih_1847-48_6-1_2__02.xml,https://weburn.kb.se/riks/ståndsriksdagen/pdf/bih_1847-48_6-1_2_/bih_1847-48_6-1_2__02.pdf,https://weburn.kb.se/riks/metadata/38/21798438.html,1847
bih_1847-48_7-1__01,Om riksdagstrycket,bihang,1847,1847,https://weburn.kb.se/riks/ståndsriksdagen/xml/bih_1847-48_7-1_/bih_1847-48_7-1__01.xml,https://weburn.kb.se/riks/ståndsriksdagen/pdf/bih_1847-48_7-1_/bih_1847-48_7-1__01.pdf,https://weburn.kb.se/riks/metadata/41/21798441.html,1847
bih_1847-48_7-1__02,Om riksdagstrycket,bihang,1847,1847,https://weburn.kb.se/riks/ståndsriksdagen/xml/bih_1847-48_7-1_/bih_1847-48_7-1__02.xml,https://weburn.kb.se/riks/ståndsriksdagen/pdf/bih_1847-48_7-1_/bih_1847-48_7-1__02.pdf,https://weburn.kb.se/riks/metadata/41/21798441.html,1847
bih_1847-48_7-1__03,Om riksdagstrycket,bihang,1847,1847,https://weburn.kb.se/riks/ståndsriksdagen/xml/bih_1847-48_7-1_/bih_1847-48_7-1__03.xml,https://weburn.kb.se/riks/ståndsriksdagen/pdf/bih_1847-48_7-1_/bih_1847-48_7-1__03.pdf,https://weburn.kb.se/riks/metadata/41/21798441.html,1847
bih_1847-48_7_2,Om riksdagstrycket,bihang,1847,1847,,https://weburn.kb.se/riks/ståndsriksdagen/pdf/bih_1847-48_7-2_/bih_1847-48_7_2.pdf,https://weburn.kb.se/riks/metadata/44/21798444.html,1847
bih_1847-48_10-1-2__01,Om riksdagstrycket,bihang,1847,1847,https://weburn.kb.se/riks/ståndsriksdagen/xml/bih_1847-48_10-1-2_/bih_1847-48_10-1-2__01.xml,https://weburn.kb.se/riks/ståndsriksdagen/pdf/bih_1847-48_10-1-2_/bih_1847-48_10-1-2__01.pdf,https://weburn.kb.se/riks/metadata/03/21798403.html,1847
bih_1847-48_10-1-2__02,Om riksdagstrycket,bihang,1847,1847,https://weburn.kb.se/riks/ståndsriksdagen/xml/bih_1847-48_10-1-2_/bih_1847-48_10-1-2__02.xml,https://weburn.kb.se/riks/ståndsriksdagen/pdf/bih_1847-48_10-1-2_/bih_1847-48_10-1-2__02.pdf,https://weburn.kb.se/riks/metadata/03/21798403.html,1847
bih_1847-48_10-1-1__01,Om riksdagstrycket,bihang,1847,1847,https://weburn.kb.se/riks/ståndsriksdagen/xml/bih_1847-48_10-1-1_/bih_1847-48_10-1-1__01.xml,https://weburn.kb.se/riks/ståndsriksdagen/pdf/bih_1847-48_10-1-1_/bih_1847-48_10-1-1__01.pdf,https://weburn.kb.se/riks/metadata/01/21798401.html,1847
bih_1847-48_10-1-1__02,Om riksdagstrycket,bihang,1847,1847,https://weburn.kb.se/riks/ståndsriksdagen/xml/bih_1847-48_10-1-1_/bih_1847-48_10-1-1__02.xml,https://weburn.kb.se/riks/ståndsriksdagen/pdf/bih_1847-48_10-1-1_/bih_1847-48_10-1-1__02.pdf,https://weburn.kb.se/riks/metadata/01/21798401.html,1847
bih_1847-48_10-1-1__03,Om riksdagstrycket,bihang,1847,1847,https://weburn.kb.se/riks/ståndsriksdagen/xml/bih_1847-48_10-1-1_/bih_1847-48_10-1-1__03.xml,https://weburn.kb.se/riks/ståndsriksdagen/pdf/bih_1847-48_10-1-1_/bih_1847-48_10-1-1__03.pdf,https://weburn.kb.se/riks/metadata/01/21798401.html,1847
bih_1847-48_3_,Om riksdagstrycket,bihang,1847,1847,https://weburn.kb.se/riks/ståndsriksdagen/xml/bih_1847-48_3_/bih_1847-48_3_.xml,https://weburn.kb.se/riks/ståndsriksdagen/pdf/bih_1847-48_3_/bih_1847-48_3_.pdf,https://weburn.kb.se/riks/metadata/17/21798417.html,1847
bih_1847-48_8__01,Om riksdagstrycket,bihang,1847,1847,https://weburn.kb.se/riks/ståndsriksdagen/xml/bih_1847-48_8_/bih_1847-48_8__01.xml,https://weburn.kb.se/riks/ståndsriksdagen/pdf/bih_1847-48_8_/bih_1847-48_8__01.pdf,https://weburn.kb.se/riks/metadata/46/21798446.html,1847
bih_1847-48_8__02,Om riksdagstrycket,bihang,1847,1847,https://weburn.kb.se/riks/ståndsriksdagen/xml/bih_1847-48_8_/bih_1847-48_8__02.xml,https://weburn.kb.se/riks/ståndsriksdagen/pdf/bih_1847-48_8_/bih_1847-48_8__02.pdf,https://weburn.kb.se/riks/metadata/46/21798446.html,1847
bg_1847-48_bil_,Om riksdagstrycket,borgare,1847,1847,https://weburn.kb.se/riks/ståndsriksdagen/xml/bg_1847-48_bil_/bg_1847-48_bil_.xml,https://weburn.kb.se/riks/ståndsriksdagen/pdf/bg_1847-48_bil_/bg_1847-48_bil_.pdf,https://weburn.kb.se/riks/metadata/53/21797953.html,1847
bn_1847-48_2__01,Om riksdagstrycket,bonder,1847,1847,https://weburn.kb.se/riks/ståndsriksdagen/xml/bn_1847-48_2_/bn_1847-48_2__01.xml,https://weburn.kb.se/riks/ståndsriksdagen/pdf/bn_1847-48_2_/bn_1847-48_2__01.pdf,https://weburn.kb.se/riks/metadata/37/21798837.html,1847
bn_1847-48_2__02,Om riksdagstrycket,bonder,1847,1847,https://weburn.kb.se/riks/ståndsriksdagen/xml/bn_1847-48_2_/bn_1847-48_2__02.xml,https://weburn.kb.se/riks/ståndsriksdagen/pdf/bn_1847-48_2_/bn_1847-48_2__02.pdf,https://weburn.kb.se/riks/metadata/37/21798837.html,1847
bn_1847-48_5__01,Om riksdagstrycket,bonder,1847,1847,https://weburn.kb.se/riks/ståndsriksdagen/xml/bn_1847-48_5_/bn_1847-48_5__01.xml,https://weburn.kb.se/riks/ståndsriksdagen/pdf/bn_1847-48_5_/bn_1847-48_5__01.pdf,https://weburn.kb.se/riks/metadata/40/21798840.html,1847
bn_1847-48_5__02,Om riksdagstrycket,bonder,1847,1847,https://weburn.kb.se/riks/ståndsriksdagen/xml/bn_1847-48_5_/bn_1847-48_5__02.xml,https://weburn.kb.se/riks/ståndsriksdagen/pdf/bn_1847-48_5_/bn_1847-48_5__02.pdf,https://weburn.kb.se/riks/metadata/40/21798840.html,1847
bn_1847-48_4__01,Om riksdagstrycket,bonder,1847,1847,https://weburn.kb.se/riks/ståndsriksdagen/xml/bn_1847-48_4_/bn_1847-48_4__01.xml,https://weburn.kb.se/riks/ståndsriksdagen/pdf/bn_1847-48_4_/bn_1847-48_4__01.pdf,https://weburn.kb.se/riks/metadata/39/21798839.html,1847
bn_1847-48_4__02,Om riksdagstrycket,bonder,1847,1847,https://weburn.kb.se/riks/ståndsriksdagen/xml/bn_1847-48_4_/bn_1847-48_4__02.xml,https://weburn.kb.se/riks/ståndsriksdagen/pdf/bn_1847-48_4_/bn_1847-48_4__02.pdf,https://weburn.kb.se/riks/metadata/39/21798839.html,1847
bn_1847-48_4__03,Om riksdagstrycket,bonder,1847,1847,https://weburn.kb.se/riks/ståndsriksdagen/xml/bn_1847-48_4_/bn_1847-48_4__03.xml,https://weburn.kb.se/riks/ståndsriksdagen/pdf/bn_1847-48_4_/bn_1847-48_4__03.pdf,https://weburn.kb.se/riks/metadata/39/21798839.html,1847
bn_1847-48_1__01,Om riksdagstrycket,bonder,1847,1847,https://weburn.kb.se/riks/ståndsriksdagen/xml/bn_1847-48_1_/bn_1847-48_1__01.xml,https://weburn.kb.se/riks/ståndsriksdagen/pdf/bn_1847-48_1_/bn_1847-48_1__01.pdf,https://weburn.kb.se/riks/metadata/36/21798836.html,1847
bn_1847-48_1__02,Om riksdagstrycket,bonder,1847,1847,https://weburn.kb.se/riks/ståndsriksdagen/xml/bn_1847-48_1_/bn_1847-48_1__02.xml,https://weburn.kb.se/riks/ståndsriksdagen/pdf/bn_1847-48_1_/bn_1847-48_1__02.pdf,https://weburn.kb.se/riks/metadata/36/21798836.html,1847
bn_1847-48_6__01,Om riksdagstrycket,bonder,1847,1847,https://weburn.kb.se/riks/ståndsriksdagen/xml/bn_1847-48_6_/bn_1847-48_6__01.xml,https://weburn.kb.se/riks/ståndsriksdagen/pdf/bn_1847-48_6_/bn_1847-48_6__01.pdf,https://weburn.kb.se/riks/metadata/41/21798841.html,1847
bn_1847-48_6__02,Om riksdagstrycket,bonder,1847,1847,https://weburn.kb.se/riks/ståndsriksdagen/xml/bn_1847-48_6_/bn_1847-48_6__02.xml,https://weburn.kb.se/riks/ståndsriksdagen/pdf/bn_1847-48_6_/bn_1847-48_6__02.pdf,https://weburn.kb.se/riks/metadata/41/21798841.html,1847
bn_1847-48_3__01,Om riksdagstrycket,bonder,1847,1847,https://weburn.kb.se/riks/ståndsriksdagen/xml/bn_1847-48_3_/bn_1847-48_3__01.xml,https://weburn.kb.se/riks/ståndsriksdagen/pdf/bn_1847-48_3_/bn_1847-48_3__01.pdf,https://weburn.kb.se/riks/metadata/38/21798838.html,1847
bn_1847-48_3__02,Om riksdagstrycket,bonder,1847,1847,https://weburn.kb.se/riks/ståndsriksdagen/xml/bn_1847-48_3_/bn_1847-48_3__02.xml,https://weburn.kb.se/riks/ståndsriksdagen/pdf/bn_1847-48_3_/bn_1847-48_3__02.pdf,https://weburn.kb.se/riks/metadata/38/21798838.html,1847
bn_1847-48_3__03,Om riksdagstrycket,bonder,1847,1847,https://weburn.kb.se/riks/ståndsriksdagen/xml/bn_1847-48_3_/bn_1847-48_3__03.xml,https://weburn.kb.se/riks/ståndsriksdagen/pdf/bn_1847-48_3_/bn_1847-48_3__03.pdf,https://weburn.kb.se/riks/metadata/38/21798838.html,1847
pr_1847-48_1__01,Om riksdagstrycket,praster,1847,1847,https://weburn.kb.se/riks/ståndsriksdagen/xml/pr_1847-48_1_/pr_1847-48_1__01.xml,https://weburn.kb.se/riks/ståndsriksdagen/pdf/pr_1847-48_1_/pr_1847-48_1__01.pdf,https://weburn.kb.se/riks/metadata/91/21799091.html,1847
pr_1847-48_1__02,Om riksdagstrycket,praster,1847,1847,https://weburn.kb.se/riks/ståndsriksdagen/xml/pr_1847-48_1_/pr_1847-48_1__02.xml,https://weburn.kb.se/riks/ståndsriksdagen/pdf/pr_1847-48_1_/pr_1847-48_1__02.pdf,https://weburn.kb.se/riks/metadata/91/21799091.html,1847
pr_1847-48_1__03,Om riksdagstrycket,praster,1847,1847,https://weburn.kb.se/riks/ståndsriksdagen/xml/pr_1847-48_1_/pr_1847-48_1__03.xml,https://weburn.kb.se/riks/ståndsriksdagen/pdf/pr_1847-48_1_/pr_1847-48_1__03.pdf,https://weburn.kb.se/riks/metadata/91/21799091.html,1847
pr_1847-48_2__01,Om riksdagstrycket,praster,1847,1847,https://weburn.kb.se/riks/ståndsriksdagen/xml/pr_1847-48_2_/pr_1847-48_2__01.xml,https://weburn.kb.se/riks/ståndsriksdagen/pdf/pr_1847-48_2_/pr_1847-48_2__01.pdf,https://weburn.kb.se/riks/metadata/93/21799093.html,1847
pr_1847-48_2__02,Om riksdagstrycket,praster,1847,1847,https://weburn.kb.se/riks/ståndsriksdagen/xml/pr_1847-48_2_/pr_1847-48_2__02.xml,https://weburn.kb.se/riks/ståndsriksdagen/pdf/pr_1847-48_2_/pr_1847-48_2__02.pdf,https://weburn.kb.se/riks/metadata/93/21799093.html,1847
pr_1847-48_5_,Om riksdagstrycket,praster,1847,1847,https://weburn.kb.se/riks/ståndsriksdagen/xml/pr_1847-48_5_/pr_1847-48_5_.xml,https://weburn.kb.se/riks/ståndsriksdagen/pdf/pr_1847-48_5_/pr_1847-48_5_.pdf,https://weburn.kb.se/riks/metadata/96/21799096.html,1847
pr_1847-48_4_,Om riksdagstrycket,praster,1847,1847,https://weburn.kb.se/riks/ståndsriksdagen/xml/pr_1847-48_4_/pr_1847-48_4_.xml,https://weburn.kb.se/riks/ståndsriksdagen/pdf/pr_1847-48_4_/pr_1847-48_4_.pdf,https://weburn.kb.se/riks/metadata/95/21799095.html,1847
pr_1847-48_9__01,Om riksdagstrycket,praster,1847,1847,https://weburn.kb.se/riks/ståndsriksdagen/xml/pr_1847-48_9_/pr_1847-48_9__01.xml,https://weburn.kb.se/riks/ståndsriksdagen/pdf/pr_1847-48_9_/pr_1847-48_9__01.pdf,https://weburn.kb.se/riks/metadata/02/21799102.html,1847
pr_1847-48_9__02,Om riksdagstrycket,praster,1847,1847,https://weburn.kb.se/riks/ståndsriksdagen/xml/pr_1847-48_9_/pr_1847-48_9__02.xml,https://weburn.kb.se/riks/ståndsriksdagen/pdf/pr_1847-48_9_/pr_1847-48_9__02.pdf,https://weburn.kb.se/riks/metadata/02/21799102.html,1847
pr_1847-48_6__01,Om riksdagstrycket,praster,1847,1847,https://weburn.kb.se/riks/ståndsriksdagen/xml/pr_1847-48_6_/pr_1847-48_6__01.xml,https://weburn.kb.se/riks/ståndsriksdagen/pdf/pr_1847-48_6_/pr_1847-48_6__01.pdf,https://weburn.kb.se/riks/metadata/97/21799097.html,1847
pr_1847-48_6__02,Om riksdagstrycket,praster,1847,1847,https://weburn.kb.se/riks/ståndsriksdagen/xml/pr_1847-48_6_/pr_1847-48_6__02.xml,https://weburn.kb.se/riks/ståndsriksdagen/pdf/pr_1847-48_6_/pr_1847-48_6__02.pdf,https://weburn.kb.se/riks/metadata/97/21799097.html,1847
pr_1847-48_7_,Om riksdagstrycket,praster,1847,1847,https://weburn.kb.se/riks/ståndsriksdagen/xml/pr_1847-48_7_/pr_1847-48_7_.xml,https://weburn.kb.se/riks/ståndsriksdagen/pdf/pr_1847-48_7_/pr_1847-48_7_.pdf,https://weburn.kb.se/riks/metadata/98/21799098.html,1847
pr_1847-48_10__01,Om riksdagstrycket,praster,1847,1847,https://weburn.kb.se/riks/ståndsriksdagen/xml/pr_1847-48_10_/pr_1847-48_10__01.xml,https://weburn.kb.se/riks/ståndsriksdagen/pdf/pr_1847-48_10_/pr_1847-48_10__01.pdf,https://weburn.kb.se/riks/metadata/92/21799092.html,1847
pr_1847-48_10__02,Om riksdagstrycket,praster,1847,1847,https://weburn.kb.se/riks/ståndsriksdagen/xml/pr_1847-48_10_/pr_1847-48_10__02.xml,https://weburn.kb.se/riks/ståndsriksdagen/pdf/pr_1847-48_10_/pr_1847-48_10__02.pdf,https://weburn.kb.se/riks/metadata/92/21799092.html,1847
pr_1847-48_8__01,Om riksdagstrycket,praster,1847,1847,https://weburn.kb.se/riks/ståndsriksdagen/xml/pr_1847-48_8_/pr_1847-48_8__01.xml,https://weburn.kb.se/riks/ståndsriksdagen/pdf/pr_1847-48_8_/pr_1847-48_8__01.pdf,https://weburn.kb.se/riks/metadata/99/21799099.html,1847
pr_1847-48_8__02,Om riksdagstrycket,praster,1847,1847,https://weburn.kb.se/riks/ståndsriksdagen/xml/pr_1847-48_8_/pr_1847-48_8__02.xml,https://weburn.kb.se/riks/ståndsriksdagen/pdf/pr_1847-48_8_/pr_1847-48_8__02.pdf,https://weburn.kb.se/riks/metadata/99/21799099.html,1847
roa_1847-48_1__01,Om riksdagstrycket,adel,1847,1847,https://weburn.kb.se/riks/ståndsriksdagen/xml/roa_1847-48_1_/roa_1847-48_1__01.xml,https://weburn.kb.se/riks/ståndsriksdagen/pdf/roa_1847-48_1_/roa_1847-48_1__01.pdf,https://weburn.kb.se/riks/metadata/15/21799515.html,1847
roa_1847-48_1__02,Om riksdagstrycket,adel,1847,1847,https://weburn.kb.se/riks/ståndsriksdagen/xml/roa_1847-48_1_/roa_1847-48_1__02.xml,https://weburn.kb.se/riks/ståndsriksdagen/pdf/roa_1847-48_1_/roa_1847-48_1__02.pdf,https://weburn.kb.se/riks/metadata/15/21799515.html,1847
roa_1847-48_2__01,Om riksdagstrycket,adel,1847,1847,https://weburn.kb.se/riks/ståndsriksdagen/xml/roa_1847-48_2_/roa_1847-48_2__01.xml,https://weburn.kb.se/riks/ståndsriksdagen/pdf/roa_1847-48_2_/roa_1847-48_2__01.pdf,https://weburn.kb.se/riks/metadata/18/21799518.html,1847
roa_1847-48_2__02,Om riksdagstrycket,adel,1847,1847,https://weburn.kb.se/riks/ståndsriksdagen/xml/roa_1847-48_2_/roa_1847-48_2__02.xml,https://weburn.kb.se/riks/ståndsriksdagen/pdf/roa_1847-48_2_/roa_1847-48_2__02.pdf,https://weburn.kb.se/riks/metadata/18/21799518.html,1847
roa_1847-48_2__03,Om riksdagstrycket,adel,1847,1847,https://weburn.kb.se/riks/ståndsriksdagen/xml/roa_1847-48_2_/roa_1847-48_2__03.xml,https://weburn.kb.se/riks/ståndsriksdagen/pdf/roa_1847-48_2_/roa_1847-48_2__03.pdf,https://weburn.kb.se/riks/metadata/18/21799518.html,1847
roa_1847-48_5__01,Om riksdagstrycket,adel,1847,1847,https://weburn.kb.se/riks/ståndsriksdagen/xml/roa_1847-48_5_/roa_1847-48_5__01.xml,https://weburn.kb.se/riks/ståndsriksdagen/pdf/roa_1847-48_5_/roa_1847-48_5__01.pdf,https://weburn.kb.se/riks/metadata/23/21799523.html,1847
roa_1847-48_5__02,Om riksdagstrycket,adel,1847,1847,https://weburn.kb.se/riks/ståndsriksdagen/xml/roa_1847-48_5_/roa_1847-48_5__02.xml,https://weburn.kb.se/riks/ståndsriksdagen/pdf/roa_1847-48_5_/roa_1847-48_5__02.pdf,https://weburn.kb.se/riks/metadata/23/21799523.html,1847
roa_1847-48_4__01,Om riksdagstrycket,adel,1847,1847,https://weburn.kb.se/riks/ståndsriksdagen/xml/roa_1847-48_4_/roa_1847-48_4__01.xml,https://weburn.kb.se/riks/ståndsriksdagen/pdf/roa_1847-48_4_/roa_1847-48_4__01.pdf,https://weburn.kb.se/riks/metadata/19/21799519.html,1847
roa_1847-48_4__02,Om riksdagstrycket,adel,1847,1847,https://weburn.kb.se/riks/ståndsriksdagen/xml/roa_1847-48_4_/roa_1847-48_4__02.xml,https://weburn.kb.se/riks/ståndsriksdagen/pdf/roa_1847-48_4_/roa_1847-48_4__02.pdf,https://weburn.kb.se/riks/metadata/19/21799519.html,1847
roa_1847-48_9__01,Om riksdagstrycket,adel,1847,1847,https://weburn.kb.se/riks/ståndsriksdagen/xml/roa_1847-48_9_/roa_1847-48_9__01.xml,https://weburn.kb.se/riks/ståndsriksdagen/pdf/roa_1847-48_9_/roa_1847-48_9__01.pdf,https://weburn.kb.se/riks/metadata/36/21799536.html,1847
roa_1847-48_9__02,Om riksdagstrycket,adel,1847,1847,https://weburn.kb.se/riks/ståndsriksdagen/xml/roa_1847-48_9_/roa_1847-48_9__02.xml,https://weburn.kb.se/riks/ståndsriksdagen/pdf/roa_1847-48_9_/roa_1847-48_9__02.pdf,https://weburn.kb.se/riks/metadata/36/21799536.html,1847
roa_1847-48_6__01,Om riksdagstrycket,adel,1847,1847,https://weburn.kb.se/riks/ståndsriksdagen/xml/roa_1847-48_6_/roa_1847-48_6__01.xml,https://weburn.kb.se/riks/ståndsriksdagen/pdf/roa_1847-48_6_/roa_1847-48_6__01.pdf,https://weburn.kb.se/riks/metadata/26/21799526.html,1847
roa_1847-48_6__02,Om riksdagstrycket,adel,1847,1847,https://weburn.kb.se/riks/ståndsriksdagen/xml/roa_1847-48_6_/roa_1847-48_6__02.xml,https://weburn.kb.se/riks/ståndsriksdagen/pdf/roa_1847-48_6_/roa_1847-48_6__02.pdf,https://weburn.kb.se/riks/metadata/26/21799526.html,1847
roa_1847-48_7__01,Om riksdagstrycket,adel,1847,1847,https://weburn.kb.se/riks/ståndsriksdagen/xml/roa_1847-48_7_/roa_1847-48_7__01.xml,https://weburn.kb.se/riks/ståndsriksdagen/pdf/roa_1847-48_7_/roa_1847-48_7__01.pdf,https://weburn.kb.se/riks/metadata/29/21799529.html,1847
roa_1847-48_7__02,Om riksdagstrycket,adel,1847,1847,https://weburn.kb.se/riks/ståndsriksdagen/xml/roa_1847-48_7_/roa_1847-48_7__02.xml,https://weburn.kb.se/riks/ståndsriksdagen/pdf/roa_1847-48_7_/roa_1847-48_7__02.pdf,https://weburn.kb.se/riks/metadata/29/21799529.html,1847
pr_1847-48_3__01,Om riksdagstrycket,praster,1847,1847,https://weburn.kb.se/riks/ståndsriksdagen/xml/pr_1847-48_3_/pr_1847-48_3__01.xml,https://weburn.kb.se/riks/ståndsriksdagen/pdf/pr_1847-48_3_/pr_1847-48_3__01.pdf,https://weburn.kb.se/riks/metadata/94/21799094.html,1847
pr_1847-48_3__02,Om riksdagstrycket,praster,1847,1847,https://weburn.kb.se/riks/ståndsriksdagen/xml/pr_1847-48_3_/pr_1847-48_3__02.xml,https://weburn.kb.se/riks/ståndsriksdagen/pdf/pr_1847-48_3_/pr_1847-48_3__02.pdf,https://weburn.kb.se/riks/metadata/94/21799094.html,1847
roa_1847-48_3__01,Om riksdagstrycket,praster,1847,1847,https://weburn.kb.se/riks/ståndsriksdagen/xml/roa_1847-48_3_/roa_1847-48_3__01.xml,https://weburn.kb.se/riks/ståndsriksdagen/pdf/roa_1847-48_3_/roa_1847-48_3__01.pdf,https://weburn.kb.se/riks/metadata/94/21799094.html,1847
roa_1847-48_3__02,Om riksdagstrycket,praster,1847,1847,https://weburn.kb.se/riks/ståndsriksdagen/xml/roa_1847-48_3_/roa_1847-48_3__02.xml,https://weburn.kb.se/riks/ståndsriksdagen/pdf/roa_1847-48_3_/roa_1847-48_3__02.pdf,https://weburn.kb.se/riks/metadata/94/21799094.html,1847
roa_1847-48_8_,Om riksdagstrycket,adel,1847,1847,https://weburn.kb.se/riks/ståndsriksdagen/xml/roa_1847-48_8_/roa_1847-48_8_.xml,https://weburn.kb.se/riks/ståndsriksdagen/pdf/roa_1847-48_8_/roa_1847-48_8_.pdf,https://weburn.kb.se/riks/metadata/33/21799533.html,1847
bg_1847-48_2__01,Om riksdagstrycket,borgare,1847,1847,https://weburn.kb.se/riks/ståndsriksdagen/xml/bg_1847-48_2_/bg_1847-48_2__01.xml,https://weburn.kb.se/riks/ståndsriksdagen/pdf/bg_1847-48_2_/bg_1847-48_2__01.pdf,https://weburn.kb.se/riks/metadata/49/21797949.html,1847
bg_1847-48_2__02,Om riksdagstrycket,borgare,1847,1847,https://weburn.kb.se/riks/ståndsriksdagen/xml/bg_1847-48_2_/bg_1847-48_2__02.xml,https://weburn.kb.se/riks/ståndsriksdagen/pdf/bg_1847-48_2_/bg_1847-48_2__02.pdf,https://weburn.kb.se/riks/metadata/49/21797949.html,1847
bg_1847-48_2__03,Om riksdagstrycket,borgare,1847,1847,https://weburn.kb.se/riks/ståndsriksdagen/xml/bg_1847-48_2_/bg_1847-48_2__03.xml,https://weburn.kb.se/riks/ståndsriksdagen/pdf/bg_1847-48_2_/bg_1847-48_2__03.pdf,https://weburn.kb.se/riks/metadata/49/21797949.html,1847
bg_1847-48_3__01,Om riksdagstrycket,borgare,1847,1847,https://weburn.kb.se/riks/ståndsriksdagen/xml/bg_1847-48_3_/bg_1847-48_3__01.xml,https://weburn.kb.se/riks/ståndsriksdagen/pdf/bg_1847-48_3_/bg_1847-48_3__01.pdf,https://weburn.kb.se/riks/metadata/49/21797949.html,1847
bg_1847-48_4__01,Om riksdagstrycket,borgare,1847,1847,https://weburn.kb.se/riks/ståndsriksdagen/xml/bg_1847-48_4_/bg_1847-48_4__01.xml,https://weburn.kb.se/riks/ståndsriksdagen/pdf/bg_1847-48_4_/bg_1847-48_4__01.pdf,https://weburn.kb.se/riks/metadata/51/21797951.html,1847
bg_1847-48_4__02,Om riksdagstrycket,borgare,1847,1847,https://weburn.kb.se/riks/ståndsriksdagen/xml/bg_1847-48_4_/bg_1847-48_4__02.xml,https://weburn.kb.se/riks/ståndsriksdagen/pdf/bg_1847-48_4_/bg_1847-48_4__02.pdf,https://weburn.kb.se/riks/metadata/51/21797951.html,1847
bg_1847-48_1_,Om riksdagstrycket,borgare,1847,1847,https://weburn.kb.se/riks/ståndsriksdagen/xml/bg_1847-48_1_/bg_1847-48_1_.xml,https://weburn.kb.se/riks/ståndsriksdagen/pdf/bg_1847-48_1_/bg_1847-48_1_.pdf,https://weburn.kb.se/riks/metadata/47/21797947.html,1847
bg_1847-48_3__02,Om riksdagstrycket,borgare,1847,1847,https://weburn.kb.se/riks/ståndsriksdagen/xml/bg_1847-48_3_/bg_1847-48_3__02.xml,https://weburn.kb.se/riks/ståndsriksdagen/pdf/bg_1847-48_3_/bg_1847-48_3__02.pdf,https://weburn.kb.se/riks/metadata/50/21797950.html,1847
bg_1847-48_3__03,Om riksdagstrycket,borgare,1847,1847,https://weburn.kb.se/riks/ståndsriksdagen/xml/bg_1847-48_3_/bg_1847-48_3__03.xml,https://weburn.kb.se/riks/ståndsriksdagen/pdf/bg_1847-48_3_/bg_1847-48_3__03.pdf,https://weburn.kb.se/riks/metadata/50/21797950.html,1847
bn_1847-48_reg__01,Om riksdagstrycket,bonder,1847,1847,https://weburn.kb.se/riks/ståndsriksdagen/xml/bn_1847-48_reg_/bn_1847-48_reg__01.xml,https://weburn.kb.se/riks/ståndsriksdagen/pdf/bn_1847-48_reg_/bn_1847-48_reg__01.pdf,https://weburn.kb.se/riks/metadata/42/21798842.html,1847
bn_1847-48_reg__02,Om riksdagstrycket,bonder,1847,1847,https://weburn.kb.se/riks/ståndsriksdagen/xml/bn_1847-48_reg_/bn_1847-48_reg__02.xml,https://weburn.kb.se/riks/ståndsriksdagen/pdf/bn_1847-48_reg_/bn_1847-48_reg__02.pdf,https://weburn.kb.se/riks/metadata/42/21798842.html,1847
bn_1847-48_reg__03,Om riksdagstrycket,bonder,1847,1847,https://weburn.kb.se/riks/ståndsriksdagen/xml/bn_1847-48_reg_/bn_1847-48_reg__03.xml,https://weburn.kb.se/riks/ståndsriksdagen/pdf/bn_1847-48_reg_/bn_1847-48_reg__03.pdf,https://weburn.kb.se/riks/metadata/42/21798842.html,1847
roa_1847-48_reg_,Om riksdagstrycket,adel,1847,1847,https://weburn.kb.se/riks/ståndsriksdagen/xml/roa_1847-48_reg_/roa_1847-48_reg_.xml,https://weburn.kb.se/riks/ståndsriksdagen/pdf/roa_1847-48_reg_/roa_1847-48_reg_.pdf,https://weburn.kb.se/riks/metadata/44/22075444.html,1847
pr_1847-48_reg_,Om riksdagstrycket,praster,1847,1847,https://weburn.kb.se/riks/ståndsriksdagen/xml/pr_1847-48_reg_/pr_1847-48_reg_.xml,https://weburn.kb.se/riks/ståndsriksdagen/pdf/pr_1847-48_reg_/pr_1847-48_reg_.pdf,https://weburn.kb.se/riks/metadata/03/21799103.html,1847
bg_1847-48_reg__01,Om riksdagstrycket,borgare,1847,1847,https://weburn.kb.se/riks/ståndsriksdagen/xml/bg_1847-48_reg_/bg_1847-48_reg__01.xml,https://weburn.kb.se/riks/ståndsriksdagen/pdf/bg_1847-48_reg_/bg_1847-48_reg__01.pdf,https://weburn.kb.se/riks/metadata/54/21797954.html,1847
bg_1847-48_reg__02,Om riksdagstrycket,borgare,1847,1847,https://weburn.kb.se/riks/ståndsriksdagen/xml/bg_1847-48_reg_/bg_1847-48_reg__02.xml,https://weburn.kb.se/riks/ståndsriksdagen/pdf/bg_1847-48_reg_/bg_1847-48_reg__02.pdf,https://weburn.kb.se/riks/metadata/54/21797954.html,1847
bih_1850-51_reg_,Om riksdagstrycket,bihang,1850,1850,https://weburn.kb.se/riks/ståndsriksdagen/xml/bih_1850-51_reg_/bih_1850-51_reg_.xml,https://weburn.kb.se/riks/ståndsriksdagen/pdf/bih_1850-51_reg_/bih_1850-51_reg_.pdf,https://weburn.kb.se/riks/metadata/04/21798504.html,1850
bih_1850-51_2-2-2__01,Om riksdagstrycket,bihang,1850,1850,https://weburn.kb.se/riks/ståndsriksdagen/xml/bih_1850-51_2-2-2_/bih_1850-51_2-2-2__01.xml,https://weburn.kb.se/riks/ståndsriksdagen/pdf/bih_1850-51_2-2-2_/bih_1850-51_2-2-2__01.pdf,https://weburn.kb.se/riks/metadata/74/21798474.html,1850
bih_1850-51_2-2-2__02,Om riksdagstrycket,bihang,1850,1850,https://weburn.kb.se/riks/ståndsriksdagen/xml/bih_1850-51_2-2-2_/bih_1850-51_2-2-2__02.xml,https://weburn.kb.se/riks/ståndsriksdagen/pdf/bih_1850-51_2-2-2_/bih_1850-51_2-2-2__02.pdf,https://weburn.kb.se/riks/metadata/74/21798474.html,1850
bih_1850-51_2-1-1__01,Om riksdagstrycket,bihang,1850,1850,https://weburn.kb.se/riks/ståndsriksdagen/xml/bih_1850-51_2-1-1_/bih_1850-51_2-1-1__01.xml,https://weburn.kb.se/riks/ståndsriksdagen/pdf/bih_1850-51_2-1-1_/bih_1850-51_2-1-1__01.pdf,https://weburn.kb.se/riks/metadata/70/21798470.html,1850
bih_1850-51_2-1-1__02,Om riksdagstrycket,bihang,1850,1850,https://weburn.kb.se/riks/ståndsriksdagen/xml/bih_1850-51_2-1-1_/bih_1850-51_2-1-1__02.xml,https://weburn.kb.se/riks/ståndsriksdagen/pdf/bih_1850-51_2-1-1_/bih_1850-51_2-1-1__02.pdf,https://weburn.kb.se/riks/metadata/70/21798470.html,1850
bih_1850-51_1-1_2__02,Om riksdagstrycket,bihang,1850,1850,https://weburn.kb.se/riks/ståndsriksdagen/xml/bih_1850-51_1-1_2_/bih_1850-51_1-1_2__02.xml,https://weburn.kb.se/riks/ståndsriksdagen/pdf/bih_1850-51_1-1_2_/bih_1850-51_1-1_2__02.pdf,https://weburn.kb.se/riks/metadata/65/21798465.html,1850
bih_1850-51_1-1_2__03,Om riksdagstrycket,bihang,1850,1850,https://weburn.kb.se/riks/ståndsriksdagen/xml/bih_1850-51_1-1_2_/bih_1850-51_1-1_2__03.xml,https://weburn.kb.se/riks/ståndsriksdagen/pdf/bih_1850-51_1-1_2_/bih_1850-51_1-1_2__03.pdf,https://weburn.kb.se/riks/metadata/65/21798465.html,1850
bih_1850-51_2-1-2__01,Om riksdagstrycket,bihang,1850,1850,https://weburn.kb.se/riks/ståndsriksdagen/xml/bih_1850-51_2-1-2_/bih_1850-51_2-1-2__01.xml,https://weburn.kb.se/riks/ståndsriksdagen/pdf/bih_1850-51_2-1-2_/bih_1850-51_2-1-2__01.pdf,https://weburn.kb.se/riks/metadata/65/21798465.html,1850
bih_1850-51_2-1-2__02,Om riksdagstrycket,bihang,1850,1850,https://weburn.kb.se/riks/ståndsriksdagen/xml/bih_1850-51_2-1-2_/bih_1850-51_2-1-2__02.xml,https://weburn.kb.se/riks/ståndsriksdagen/pdf/bih_1850-51_2-1-2_/bih_1850-51_2-1-2__02.pdf,https://weburn.kb.se/riks/metadata/65/21798465.html,1850
bih_1850-51_2-2-1__01,Om riksdagstrycket,bihang,1850,1850,https://weburn.kb.se/riks/ståndsriksdagen/xml/bih_1850-51_2-2-1_/bih_1850-51_2-2-1__01.xml,https://weburn.kb.se/riks/ståndsriksdagen/pdf/bih_1850-51_2-2-1_/bih_1850-51_2-2-1__01.pdf,https://weburn.kb.se/riks/metadata/72/21798472.html,1850
bih_1850-51_2-2-1__02,Om riksdagstrycket,bihang,1850,1850,https://weburn.kb.se/riks/ståndsriksdagen/xml/bih_1850-51_2-2-1_/bih_1850-51_2-2-1__02.xml,https://weburn.kb.se/riks/ståndsriksdagen/pdf/bih_1850-51_2-2-1_/bih_1850-51_2-2-1__02.pdf,https://weburn.kb.se/riks/metadata/72/21798472.html,1850
bih_1850-51_2-2-1__020001,Om riksdagstrycket,bihang,1850,1850,https://weburn.kb.se/riks/ståndsriksdagen/xml/bih_1850-51_2-2-1_/bih_1850-51_2-2-1__020001.xml,https://weburn.kb.se/riks/ståndsriksdagen/pdf/bih_1850-51_2-2-1_/bih_1850-51_2-2-1__020001.pdf,https://weburn.kb.se/riks/metadata/72/21798472.html,1850
bih_1850-51_5-1__01,Om riksdagstrycket,bihang,1850,1850,https://weburn.kb.se/riks/ståndsriksdagen/xml/bih_1850-51_5-1_/bih_1850-51_5-1__01.xml,https://weburn.kb.se/riks/ståndsriksdagen/pdf/bih_1850-51_5-1_/bih_1850-51_5-1__01.pdf,https://weburn.kb.se/riks/metadata/86/21798486.html,1850
bih_1850-51_5-1__02,Om riksdagstrycket,bihang,1850,1850,https://weburn.kb.se/riks/ståndsriksdagen/xml/bih_1850-51_5-1_/bih_1850-51_5-1__02.xml,https://weburn.kb.se/riks/ståndsriksdagen/pdf/bih_1850-51_5-1_/bih_1850-51_5-1__02.pdf,https://weburn.kb.se/riks/metadata/86/21798486.html,1850
bih_1850-51_5-1__03,Om riksdagstrycket,bihang,1850,1850,https://weburn.kb.se/riks/ståndsriksdagen/xml/bih_1850-51_5-1_/bih_1850-51_5-1__03.xml,https://weburn.kb.se/riks/ståndsriksdagen/pdf/bih_1850-51_5-1_/bih_1850-51_5-1__03.pdf,https://weburn.kb.se/riks/metadata/86/21798486.html,1850
bih_1850-51_5-2_,Om riksdagstrycket,bihang,1850,1850,https://weburn.kb.se/riks/ståndsriksdagen/xml/bih_1850-51_5-2_/bih_1850-51_5-2_.xml,https://weburn.kb.se/riks/ståndsriksdagen/pdf/bih_1850-51_5-2_/bih_1850-51_5-2_.pdf,https://weburn.kb.se/riks/metadata/88/21798488.html,1850
bih_1850-51_4-1-2__01,Om riksdagstrycket,bihang,1850,1850,https://weburn.kb.se/riks/ståndsriksdagen/xml/bih_1850-51_4-1-2_/bih_1850-51_4-1-2__01.xml,https://weburn.kb.se/riks/ståndsriksdagen/pdf/bih_1850-51_4-1-2_/bih_1850-51_4-1-2__01.pdf,https://weburn.kb.se/riks/metadata/81/21798481.html,1850
bih_1850-51_4-1-2__02,Om riksdagstrycket,bihang,1850,1850,https://weburn.kb.se/riks/ståndsriksdagen/xml/bih_1850-51_4-1-2_/bih_1850-51_4-1-2__02.xml,https://weburn.kb.se/riks/ståndsriksdagen/pdf/bih_1850-51_4-1-2_/bih_1850-51_4-1-2__02.pdf,https://weburn.kb.se/riks/metadata/81/21798481.html,1850
bih_1850-51_4-1-2__03,Om riksdagstrycket,bihang,1850,1850,https://weburn.kb.se/riks/ståndsriksdagen/xml/bih_1850-51_4-1-2_/bih_1850-51_4-1-2__03.xml,https://weburn.kb.se/riks/ståndsriksdagen/pdf/bih_1850-51_4-1-2_/bih_1850-51_4-1-2__03.pdf,https://weburn.kb.se/riks/metadata/81/21798481.html,1850
bih_1850-51_4-1-2__04,Om riksdagstrycket,bihang,1850,1850,https://weburn.kb.se/riks/ståndsriksdagen/xml/bih_1850-51_4-1-2_/bih_1850-51_4-1-2__04.xml,https://weburn.kb.se/riks/ståndsriksdagen/pdf/bih_1850-51_4-1-2_/bih_1850-51_4-1-2__04.pdf,https://weburn.kb.se/riks/metadata/81/21798481.html,1850
bih_1850-51_4-1-1__01,Om riksdagstrycket,bihang,1850,1850,https://weburn.kb.se/riks/ståndsriksdagen/xml/bih_1850-51_4-1-1_/bih_1850-51_4-1-1__01.xml,https://weburn.kb.se/riks/ståndsriksdagen/pdf/bih_1850-51_4-1-1_/bih_1850-51_4-1-1__01.pdf,https://weburn.kb.se/riks/metadata/79/21798479.html,1850
bih_1850-51_4-1-1__02,Om riksdagstrycket,bihang,1850,1850,https://weburn.kb.se/riks/ståndsriksdagen/xml/bih_1850-51_4-1-1_/bih_1850-51_4-1-1__02.xml,https://weburn.kb.se/riks/ståndsriksdagen/pdf/bih_1850-51_4-1-1_/bih_1850-51_4-1-1__02.pdf,https://weburn.kb.se/riks/metadata/79/21798479.html,1850
bih_1850-51_4-1-1__03,Om riksdagstrycket,bihang,1850,1850,https://weburn.kb.se/riks/ståndsriksdagen/xml/bih_1850-51_4-1-1_/bih_1850-51_4-1-1__03.xml,https://weburn.kb.se/riks/ståndsriksdagen/pdf/bih_1850-51_4-1-1_/bih_1850-51_4-1-1__03.pdf,https://weburn.kb.se/riks/metadata/79/21798479.html,1850
bih_1850-51_4-2_,Om riksdagstrycket,bihang,1850,1850,https://weburn.kb.se/riks/ståndsriksdagen/xml/bih_1850-51_4-2_/bih_1850-51_4-2_.xml,https://weburn.kb.se/riks/ståndsriksdagen/pdf/bih_1850-51_4-2_/bih_1850-51_4-2_.pdf,https://weburn.kb.se/riks/metadata/83/21798483.html,1850
bih_1850-51_1-1_2__01,Om riksdagstrycket,bihang,1850,1850,https://weburn.kb.se/riks/ståndsriksdagen/xml/bih_1850-51_1-1_2_/bih_1850-51_1-1_2__01.xml,https://weburn.kb.se/riks/ståndsriksdagen/pdf/bih_1850-51_1-1_2_/bih_1850-51_1-1_2__01.pdf,https://weburn.kb.se/riks/metadata/62/21798462.html,1850
bih_1850-51_1-1_2__04,Om riksdagstrycket,bihang,1850,1850,https://weburn.kb.se/riks/ståndsriksdagen/xml/bih_1850-51_1-1_2_/bih_1850-51_1-1_2__04.xml,https://weburn.kb.se/riks/ståndsriksdagen/pdf/bih_1850-51_1-1_2_/bih_1850-51_1-1_2__04.pdf,https://weburn.kb.se/riks/metadata/68/21798468.html,1850
bih_1850-51_9__01,Om riksdagstrycket,bihang,1850,1850,https://weburn.kb.se/riks/ståndsriksdagen/xml/bih_1850-51_9_/bih_1850-51_9__01.xml,https://weburn.kb.se/riks/ståndsriksdagen/pdf/bih_1850-51_9_/bih_1850-51_9__01.pdf,https://weburn.kb.se/riks/metadata/02/21798502.html,1850
bih_1850-51_9__02,Om riksdagstrycket,bihang,1850,1850,https://weburn.kb.se/riks/ståndsriksdagen/xml/bih_1850-51_9_/bih_1850-51_9__02.xml,https://weburn.kb.se/riks/ståndsriksdagen/pdf/bih_1850-51_9_/bih_1850-51_9__02.pdf,https://weburn.kb.se/riks/metadata/02/21798502.html,1850
bih_1850-51_6-1_2__01,Om riksdagstrycket,bihang,1850,1850,https://weburn.kb.se/riks/ståndsriksdagen/xml/bih_1850-51_6-1_2_/bih_1850-51_6-1_2__01.xml,https://weburn.kb.se/riks/ståndsriksdagen/pdf/bih_1850-51_6-1_2_/bih_1850-51_6-1_2__01.pdf,https://weburn.kb.se/riks/metadata/90/21798490.html,1850
bih_1850-51_6-1_2__02,Om riksdagstrycket,bihang,1850,1850,https://weburn.kb.se/riks/ståndsriksdagen/xml/bih_1850-51_6-1_2_/bih_1850-51_6-1_2__02.xml,https://weburn.kb.se/riks/ståndsriksdagen/pdf/bih_1850-51_6-1_2_/bih_1850-51_6-1_2__02.pdf,https://weburn.kb.se/riks/metadata/90/21798490.html,1850
bih_1850-51_7-1__01,Om riksdagstrycket,bihang,1850,1850,https://weburn.kb.se/riks/ståndsriksdagen/xml/bih_1850-51_7-1_/bih_1850-51_7-1__01.xml,https://weburn.kb.se/riks/ståndsriksdagen/pdf/bih_1850-51_7-1_/bih_1850-51_7-1__01.pdf,https://weburn.kb.se/riks/metadata/97/21798497.html,1850
bih_1850-51_7-1__02,Om riksdagstrycket,bihang,1850,1850,https://weburn.kb.se/riks/ståndsriksdagen/xml/bih_1850-51_7-1_/bih_1850-51_7-1__02.xml,https://weburn.kb.se/riks/ståndsriksdagen/pdf/bih_1850-51_7-1_/bih_1850-51_7-1__02.pdf,https://weburn.kb.se/riks/metadata/97/21798497.html,1850
bih_1850-51_7-1__03,Om riksdagstrycket,bihang,1850,1850,https://weburn.kb.se/riks/ståndsriksdagen/xml/bih_1850-51_7-1_/bih_1850-51_7-1__03.xml,https://weburn.kb.se/riks/ståndsriksdagen/pdf/bih_1850-51_7-1_/bih_1850-51_7-1__03.pdf,https://weburn.kb.se/riks/metadata/97/21798497.html,1850
bih_1850-51_7-2_,Om riksdagstrycket,bihang,1850,1850,https://weburn.kb.se/riks/ståndsriksdagen/xml/bih_1850-51_7-2_/bih_1850-51_7-2_.xml,https://weburn.kb.se/riks/ståndsriksdagen/pdf/bih_1850-51_7-2_/bih_1850-51_7-2_.pdf,https://weburn.kb.se/riks/metadata/99/21798499.html,1850
bih_1850-51_10-1-1__01,Om riksdagstrycket,bihang,1850,1850,https://weburn.kb.se/riks/ståndsriksdagen/xml/bih_1850-51_10-1-1_/bih_1850-51_10-1-1__01.xml,https://weburn.kb.se/riks/ståndsriksdagen/pdf/bih_1850-51_10-1-1_/bih_1850-51_10-1-1__01.pdf,https://weburn.kb.se/riks/metadata/56/21798456.html,1850
bih_1850-51_10-1-1__02,Om riksdagstrycket,bihang,1850,1850,https://weburn.kb.se/riks/ståndsriksdagen/xml/bih_1850-51_10-1-1_/bih_1850-51_10-1-1__02.xml,https://weburn.kb.se/riks/ståndsriksdagen/pdf/bih_1850-51_10-1-1_/bih_1850-51_10-1-1__02.pdf,https://weburn.kb.se/riks/metadata/56/21798456.html,1850
bih_1850-51_10-1-1__03,Om riksdagstrycket,bihang,1850,1850,https://weburn.kb.se/riks/ståndsriksdagen/xml/bih_1850-51_10-1-1_/bih_1850-51_10-1-1__03.xml,https://weburn.kb.se/riks/ståndsriksdagen/pdf/bih_1850-51_10-1-1_/bih_1850-51_10-1-1__03.pdf,https://weburn.kb.se/riks/metadata/56/21798456.html,1850
bih_1850-51_10-1-2_,Om riksdagstrycket,bihang,1850,1850,https://weburn.kb.se/riks/ståndsriksdagen/xml/bih_1850-51_10-1-2_/bih_1850-51_10-1-2_.xml,https://weburn.kb.se/riks/ståndsriksdagen/pdf/bih_1850-51_10-1-2_/bih_1850-51_10-1-2_.pdf,https://weburn.kb.se/riks/metadata/58/21798458.html,1850
bih_1850-51_10-1-2__01,Om riksdagstrycket,bihang,1850,1850,https://weburn.kb.se/riks/ståndsriksdagen/xml/bih_1850-51_10-1-2_/bih_1850-51_10-1-2__01.xml,https://weburn.kb.se/riks/ståndsriksdagen/pdf/bih_1850-51_10-1-2_/bih_1850-51_10-1-2__01.pdf,https://weburn.kb.se/riks/metadata/58/21798458.html,1850
bih_1850-51_10-1-2__02,Om riksdagstrycket,bihang,1850,1850,https://weburn.kb.se/riks/ståndsriksdagen/xml/bih_1850-51_10-1-2_/bih_1850-51_10-1-2__02.xml,https://weburn.kb.se/riks/ståndsriksdagen/pdf/bih_1850-51_10-1-2_/bih_1850-51_10-1-2__02.pdf,https://weburn.kb.se/riks/metadata/58/21798458.html,1850
bih_1850-51_10-2_,Om riksdagstrycket,bihang,1850,1850,https://weburn.kb.se/riks/ståndsriksdagen/xml/bih_1850-51_10-2_/bih_1850-51_10-2_.xml,https://weburn.kb.se/riks/ståndsriksdagen/pdf/bih_1850-51_10-2_/bih_1850-51_10-2_.pdf,https://weburn.kb.se/riks/metadata/60/21798460.html,1850
bih_1850-51_3__01,Om riksdagstrycket,bihang,1850,1850,https://weburn.kb.se/riks/ståndsriksdagen/xml/bih_1850-51_3_/bih_1850-51_3__01.xml,https://weburn.kb.se/riks/ståndsriksdagen/pdf/bih_1850-51_3_/bih_1850-51_3__01.pdf,https://weburn.kb.se/riks/metadata/77/21798477.html,1850
bih_1850-51_3__02,Om riksdagstrycket,bihang,1850,1850,https://weburn.kb.se/riks/ståndsriksdagen/xml/bih_1850-51_3_/bih_1850-51_3__02.xml,https://weburn.kb.se/riks/ståndsriksdagen/pdf/bih_1850-51_3_/bih_1850-51_3__02.pdf,https://weburn.kb.se/riks/metadata/77/21798477.html,1850
bih_1850-51_8__01,Om riksdagstrycket,bihang,1850,1850,https://weburn.kb.se/riks/ståndsriksdagen/xml/bih_1850-51_8_/bih_1850-51_8__01.xml,https://weburn.kb.se/riks/ståndsriksdagen/pdf/bih_1850-51_8_/bih_1850-51_8__01.pdf,https://weburn.kb.se/riks/metadata/01/21798501.html,1850
bih_1850-51_8__02,Om riksdagstrycket,bihang,1850,1850,https://weburn.kb.se/riks/ståndsriksdagen/xml/bih_1850-51_8_/bih_1850-51_8__02.xml,https://weburn.kb.se/riks/ståndsriksdagen/pdf/bih_1850-51_8_/bih_1850-51_8__02.pdf,https://weburn.kb.se/riks/metadata/01/21798501.html,1850
Borgarprotokoll_1850-51__,Om riksdagstrycket,borgare,1850,1850,https://weburn.kb.se/riks/ståndsriksdagen/xml/Borgarprotokoll_1850-51__/Borgarprotokoll_1850-51__.xml,https://weburn.kb.se/riks/ståndsriksdagen/pdf/Borgarprotokoll_1850-51__/Borgarprotokoll_1850-51__.pdf,https://weburn.kb.se/riks/metadata/59/21797959.html,1850
bg_1850-51_5_bil_,Om riksdagstrycket,borgare,1850,1850,https://weburn.kb.se/riks/ståndsriksdagen/xml/bg_1850-51_5_bil_/bg_1850-51_5_bil_.xml,https://weburn.kb.se/riks/ståndsriksdagen/pdf/bg_1850-51_5_bil_/bg_1850-51_5_bil_.pdf,https://weburn.kb.se/riks/metadata/59/21797959.html,1850
bn_1850-51_2__01,Om riksdagstrycket,bonder,1850,1850,https://weburn.kb.se/riks/ståndsriksdagen/xml/bn_1850-51_2_/bn_1850-51_2__01.xml,https://weburn.kb.se/riks/ståndsriksdagen/pdf/bn_1850-51_2_/bn_1850-51_2__01.pdf,https://weburn.kb.se/riks/metadata/44/21798844.html,1850
bn_1850-51_2__02,Om riksdagstrycket,bonder,1850,1850,https://weburn.kb.se/riks/ståndsriksdagen/xml/bn_1850-51_2_/bn_1850-51_2__02.xml,https://weburn.kb.se/riks/ståndsriksdagen/pdf/bn_1850-51_2_/bn_1850-51_2__02.pdf,https://weburn.kb.se/riks/metadata/44/21798844.html,1850
bn_1850-51_7__01,Om riksdagstrycket,bonder,1850,1850,https://weburn.kb.se/riks/ståndsriksdagen/xml/bn_1850-51_7_/bn_1850-51_7__01.xml,https://weburn.kb.se/riks/ståndsriksdagen/pdf/bn_1850-51_7_/bn_1850-51_7__01.pdf,https://weburn.kb.se/riks/metadata/44/21798844.html,1850
bn_1850-51_7__02,Om riksdagstrycket,bonder,1850,1850,https://weburn.kb.se/riks/ståndsriksdagen/xml/bn_1850-51_7_/bn_1850-51_7__02.xml,https://weburn.kb.se/riks/ståndsriksdagen/pdf/bn_1850-51_7_/bn_1850-51_7__02.pdf,https://weburn.kb.se/riks/metadata/44/21798844.html,1850
bn_1850-51_7__03,Om riksdagstrycket,bonder,1850,1850,https://weburn.kb.se/riks/ståndsriksdagen/xml/bn_1850-51_7_/bn_1850-51_7__03.xml,https://weburn.kb.se/riks/ståndsriksdagen/pdf/bn_1850-51_7_/bn_1850-51_7__03.pdf,https://weburn.kb.se/riks/metadata/44/21798844.html,1850
bn_1850-51_5__01,Om riksdagstrycket,bonder,1850,1850,https://weburn.kb.se/riks/ståndsriksdagen/xml/bn_1850-51_5_/bn_1850-51_5__01.xml,https://weburn.kb.se/riks/ståndsriksdagen/pdf/bn_1850-51_5_/bn_1850-51_5__01.pdf,https://weburn.kb.se/riks/metadata/47/21798847.html,1850
bn_1850-51_5__02,Om riksdagstrycket,bonder,1850,1850,https://weburn.kb.se/riks/ståndsriksdagen/xml/bn_1850-51_5_/bn_1850-51_5__02.xml,https://weburn.kb.se/riks/ståndsriksdagen/pdf/bn_1850-51_5_/bn_1850-51_5__02.pdf,https://weburn.kb.se/riks/metadata/47/21798847.html,1850
bn_1850-51_4__01,Om riksdagstrycket,bonder,1850,1850,https://weburn.kb.se/riks/ståndsriksdagen/xml/bn_1850-51_4_/bn_1850-51_4__01.xml,https://weburn.kb.se/riks/ståndsriksdagen/pdf/bn_1850-51_4_/bn_1850-51_4__01.pdf,https://weburn.kb.se/riks/metadata/46/21798846.html,1850
bn_1850-51_4__02,Om riksdagstrycket,bonder,1850,1850,https://weburn.kb.se/riks/ståndsriksdagen/xml/bn_1850-51_4_/bn_1850-51_4__02.xml,https://weburn.kb.se/riks/ståndsriksdagen/pdf/bn_1850-51_4_/bn_1850-51_4__02.pdf,https://weburn.kb.se/riks/metadata/46/21798846.html,1850
bn_1850-51_1__01,Om riksdagstrycket,bonder,1850,1850,https://weburn.kb.se/riks/ståndsriksdagen/xml/bn_1850-51_1_/bn_1850-51_1__01.xml,https://weburn.kb.se/riks/ståndsriksdagen/pdf/bn_1850-51_1_/bn_1850-51_1__01.pdf,https://weburn.kb.se/riks/metadata/43/21798843.html,1850
bn_1850-51_1__02,Om riksdagstrycket,bonder,1850,1850,https://weburn.kb.se/riks/ståndsriksdagen/xml/bn_1850-51_1_/bn_1850-51_1__02.xml,https://weburn.kb.se/riks/ståndsriksdagen/pdf/bn_1850-51_1_/bn_1850-51_1__02.pdf,https://weburn.kb.se/riks/metadata/43/21798843.html,1850
bn_1850-51_6__01,Om riksdagstrycket,bonder,1850,1850,https://weburn.kb.se/riks/ståndsriksdagen/xml/bn_1850-51_6_/bn_1850-51_6__01.xml,https://weburn.kb.se/riks/ståndsriksdagen/pdf/bn_1850-51_6_/bn_1850-51_6__01.pdf,https://weburn.kb.se/riks/metadata/48/21798848.html,1850
bn_1850-51_6__02,Om riksdagstrycket,bonder,1850,1850,https://weburn.kb.se/riks/ståndsriksdagen/xml/bn_1850-51_6_/bn_1850-51_6__02.xml,https://weburn.kb.se/riks/ståndsriksdagen/pdf/bn_1850-51_6_/bn_1850-51_6__02.pdf,https://weburn.kb.se/riks/metadata/48/21798848.html,1850
bn_1850-51_3__01,Om riksdagstrycket,bonder,1850,1850,https://weburn.kb.se/riks/ståndsriksdagen/xml/bn_1850-51_3_/bn_1850-51_3__01.xml,https://weburn.kb.se/riks/ståndsriksdagen/pdf/bn_1850-51_3_/bn_1850-51_3__01.pdf,https://weburn.kb.se/riks/metadata/45/21798845.html,1850
bn_1850-51_3__02,Om riksdagstrycket,bonder,1850,1850,https://weburn.kb.se/riks/ståndsriksdagen/xml/bn_1850-51_3_/bn_1850-51_3__02.xml,https://weburn.kb.se/riks/ståndsriksdagen/pdf/bn_1850-51_3_/bn_1850-51_3__02.pdf,https://weburn.kb.se/riks/metadata/45/21798845.html,1850
pr_1850-51_1__01,Om riksdagstrycket,praster,1850,1850,https://weburn.kb.se/riks/ståndsriksdagen/xml/pr_1850-51_1_/pr_1850-51_1__01.xml,https://weburn.kb.se/riks/ståndsriksdagen/pdf/pr_1850-51_1_/pr_1850-51_1__01.pdf,https://weburn.kb.se/riks/metadata/04/21799104.html,1850
pr_1850-51_1__02,Om riksdagstrycket,praster,1850,1850,https://weburn.kb.se/riks/ståndsriksdagen/xml/pr_1850-51_1_/pr_1850-51_1__02.xml,https://weburn.kb.se/riks/ståndsriksdagen/pdf/pr_1850-51_1_/pr_1850-51_1__02.pdf,https://weburn.kb.se/riks/metadata/04/21799104.html,1850
pr_1850-51_11__01,Om riksdagstrycket,praster,1850,1850,https://weburn.kb.se/riks/ståndsriksdagen/xml/pr_1850-51_11_/pr_1850-51_11__01.xml,https://weburn.kb.se/riks/ståndsriksdagen/pdf/pr_1850-51_11_/pr_1850-51_11__01.pdf,https://weburn.kb.se/riks/metadata/06/21799106.html,1850
pr_1850-51_11__02,Om riksdagstrycket,praster,1850,1850,https://weburn.kb.se/riks/ståndsriksdagen/xml/pr_1850-51_11_/pr_1850-51_11__02.xml,https://weburn.kb.se/riks/ståndsriksdagen/pdf/pr_1850-51_11_/pr_1850-51_11__02.pdf,https://weburn.kb.se/riks/metadata/06/21799106.html,1850
pr_1850-51_5__01,Om riksdagstrycket,praster,1850,1850,https://weburn.kb.se/riks/ståndsriksdagen/xml/pr_1850-51_5_/pr_1850-51_5__01.xml,https://weburn.kb.se/riks/ståndsriksdagen/pdf/pr_1850-51_5_/pr_1850-51_5__01.pdf,https://weburn.kb.se/riks/metadata/12/21799112.html,1850
pr_1850-51_5__02,Om riksdagstrycket,praster,1850,1850,https://weburn.kb.se/riks/ståndsriksdagen/xml/pr_1850-51_5_/pr_1850-51_5__02.xml,https://weburn.kb.se/riks/ståndsriksdagen/pdf/pr_1850-51_5_/pr_1850-51_5__02.pdf,https://weburn.kb.se/riks/metadata/12/21799112.html,1850
pr_1850-51_4__01,Om riksdagstrycket,praster,1850,1850,https://weburn.kb.se/riks/ståndsriksdagen/xml/pr_1850-51_4_/pr_1850-51_4__01.xml,https://weburn.kb.se/riks/ståndsriksdagen/pdf/pr_1850-51_4_/pr_1850-51_4__01.pdf,https://weburn.kb.se/riks/metadata/11/21799111.html,1850
pr_1850-51_4__02,Om riksdagstrycket,praster,1850,1850,https://weburn.kb.se/riks/ståndsriksdagen/xml/pr_1850-51_4_/pr_1850-51_4__02.xml,https://weburn.kb.se/riks/ståndsriksdagen/pdf/pr_1850-51_4_/pr_1850-51_4__02.pdf,https://weburn.kb.se/riks/metadata/11/21799111.html,1850
pr_1850-51_9__01,Om riksdagstrycket,praster,1850,1850,https://weburn.kb.se/riks/ståndsriksdagen/xml/pr_1850-51_9_/pr_1850-51_9__01.xml,https://weburn.kb.se/riks/ståndsriksdagen/pdf/pr_1850-51_9_/pr_1850-51_9__01.pdf,https://weburn.kb.se/riks/metadata/16/21799116.html,1850
pr_1850-51_9__02,Om riksdagstrycket,praster,1850,1850,https://weburn.kb.se/riks/ståndsriksdagen/xml/pr_1850-51_9_/pr_1850-51_9__02.xml,https://weburn.kb.se/riks/ståndsriksdagen/pdf/pr_1850-51_9_/pr_1850-51_9__02.pdf,https://weburn.kb.se/riks/metadata/16/21799116.html,1850
pr_1850-51_6__01,Om riksdagstrycket,praster,1850,1850,https://weburn.kb.se/riks/ståndsriksdagen/xml/pr_1850-51_6_/pr_1850-51_6__01.xml,https://weburn.kb.se/riks/ståndsriksdagen/pdf/pr_1850-51_6_/pr_1850-51_6__01.pdf,https://weburn.kb.se/riks/metadata/13/21799113.html,1850
pr_1850-51_6__02,Om riksdagstrycket,praster,1850,1850,https://weburn.kb.se/riks/ståndsriksdagen/xml/pr_1850-51_6_/pr_1850-51_6__02.xml,https://weburn.kb.se/riks/ståndsriksdagen/pdf/pr_1850-51_6_/pr_1850-51_6__02.pdf,https://weburn.kb.se/riks/metadata/13/21799113.html,1850
pr_1850-51_7__01,Om riksdagstrycket,praster,1850,1850,https://weburn.kb.se/riks/ståndsriksdagen/xml/pr_1850-51_7_/pr_1850-51_7__01.xml,https://weburn.kb.se/riks/ståndsriksdagen/pdf/pr_1850-51_7_/pr_1850-51_7__01.pdf,https://weburn.kb.se/riks/metadata/14/21799114.html,1850
pr_1850-51_7__02,Om riksdagstrycket,praster,1850,1850,https://weburn.kb.se/riks/ståndsriksdagen/xml/pr_1850-51_7_/pr_1850-51_7__02.xml,https://weburn.kb.se/riks/ståndsriksdagen/pdf/pr_1850-51_7_/pr_1850-51_7__02.pdf,https://weburn.kb.se/riks/metadata/14/21799114.html,1850
pr_1850-51_10__01,Om riksdagstrycket,praster,1850,1850,https://weburn.kb.se/riks/ståndsriksdagen/xml/pr_1850-51_10_/pr_1850-51_10__01.xml,https://weburn.kb.se/riks/ståndsriksdagen/pdf/pr_1850-51_10_/pr_1850-51_10__01.pdf,https://weburn.kb.se/riks/metadata/05/21799105.html,1850
pr_1850-51_10__02,Om riksdagstrycket,praster,1850,1850,https://weburn.kb.se/riks/ståndsriksdagen/xml/pr_1850-51_10_/pr_1850-51_10__02.xml,https://weburn.kb.se/riks/ståndsriksdagen/pdf/pr_1850-51_10_/pr_1850-51_10__02.pdf,https://weburn.kb.se/riks/metadata/05/21799105.html,1850
pr_1850-51_3__01,Om riksdagstrycket,praster,1850,1850,https://weburn.kb.se/riks/ståndsriksdagen/xml/pr_1850-51_3_/pr_1850-51_3__01.xml,https://weburn.kb.se/riks/ståndsriksdagen/pdf/pr_1850-51_3_/pr_1850-51_3__01.pdf,https://weburn.kb.se/riks/metadata/10/21799110.html,1850
pr_1850-51_3__02,Om riksdagstrycket,praster,1850,1850,https://weburn.kb.se/riks/ståndsriksdagen/xml/pr_1850-51_3_/pr_1850-51_3__02.xml,https://weburn.kb.se/riks/ståndsriksdagen/pdf/pr_1850-51_3_/pr_1850-51_3__02.pdf,https://weburn.kb.se/riks/metadata/10/21799110.html,1850
pr_1850-51_8__01,Om riksdagstrycket,praster,1850,1850,https://weburn.kb.se/riks/ståndsriksdagen/xml/pr_1850-51_8_/pr_1850-51_8__01.xml,https://weburn.kb.se/riks/ståndsriksdagen/pdf/pr_1850-51_8_/pr_1850-51_8__01.pdf,https://weburn.kb.se/riks/metadata/15/21799115.html,1850
pr_1850-51_8__02,Om riksdagstrycket,praster,1850,1850,https://weburn.kb.se/riks/ståndsriksdagen/xml/pr_1850-51_8_/pr_1850-51_8__02.xml,https://weburn.kb.se/riks/ståndsriksdagen/pdf/pr_1850-51_8_/pr_1850-51_8__02.pdf,https://weburn.kb.se/riks/metadata/15/21799115.html,1850
pr_1850-51_2__01,Om riksdagstrycket,praster,1850,1850,https://weburn.kb.se/riks/ståndsriksdagen/xml/pr_1850-51_2_/pr_1850-51_2__01.xml,https://weburn.kb.se/riks/ståndsriksdagen/pdf/pr_1850-51_2_/pr_1850-51_2__01.pdf,https://weburn.kb.se/riks/metadata/09/21799109.html,1850
pr_1850-51_2__02,Om riksdagstrycket,praster,1850,1850,https://weburn.kb.se/riks/ståndsriksdagen/xml/pr_1850-51_2_/pr_1850-51_2__02.xml,https://weburn.kb.se/riks/ståndsriksdagen/pdf/pr_1850-51_2_/pr_1850-51_2__02.pdf,https://weburn.kb.se/riks/metadata/09/21799109.html,1850
roa_1850-51_1__01,Om riksdagstrycket,adel,1850,1850,https://weburn.kb.se/riks/ståndsriksdagen/xml/roa_1850-51_1_/roa_1850-51_1__01.xml,https://weburn.kb.se/riks/ståndsriksdagen/pdf/roa_1850-51_1_/roa_1850-51_1__01.pdf,https://weburn.kb.se/riks/metadata/48/21799548.html,1850
roa_1850-51_1__02,Om riksdagstrycket,adel,1850,1850,https://weburn.kb.se/riks/ståndsriksdagen/xml/roa_1850-51_1_/roa_1850-51_1__02.xml,https://weburn.kb.se/riks/ståndsriksdagen/pdf/roa_1850-51_1_/roa_1850-51_1__02.pdf,https://weburn.kb.se/riks/metadata/48/21799548.html,1850
roa_1850-51_2__01,Om riksdagstrycket,adel,1850,1850,https://weburn.kb.se/riks/ståndsriksdagen/xml/roa_1850-51_2_/roa_1850-51_2__01.xml,https://weburn.kb.se/riks/ståndsriksdagen/pdf/roa_1850-51_2_/roa_1850-51_2__01.pdf,https://weburn.kb.se/riks/metadata/51/21799551.html,1850
roa_1850-51_2__02,Om riksdagstrycket,adel,1850,1850,https://weburn.kb.se/riks/ståndsriksdagen/xml/roa_1850-51_2_/roa_1850-51_2__02.xml,https://weburn.kb.se/riks/ståndsriksdagen/pdf/roa_1850-51_2_/roa_1850-51_2__02.pdf,https://weburn.kb.se/riks/metadata/51/21799551.html,1850
roa_1850-51_5__01,Om riksdagstrycket,adel,1850,1850,https://weburn.kb.se/riks/ståndsriksdagen/xml/roa_1850-51_5_/roa_1850-51_5__01.xml,https://weburn.kb.se/riks/ståndsriksdagen/pdf/roa_1850-51_5_/roa_1850-51_5__01.pdf,https://weburn.kb.se/riks/metadata/61/21799561.html,1850
roa_1850-51_5__02,Om riksdagstrycket,adel,1850,1850,https://weburn.kb.se/riks/ståndsriksdagen/xml/roa_1850-51_5_/roa_1850-51_5__02.xml,https://weburn.kb.se/riks/ståndsriksdagen/pdf/roa_1850-51_5_/roa_1850-51_5__02.pdf,https://weburn.kb.se/riks/metadata/61/21799561.html,1850
roa_1850-51_4__01,Om riksdagstrycket,adel,1850,1850,https://weburn.kb.se/riks/ståndsriksdagen/xml/roa_1850-51_4_/roa_1850-51_4__01.xml,https://weburn.kb.se/riks/ståndsriksdagen/pdf/roa_1850-51_4_/roa_1850-51_4__01.pdf,https://weburn.kb.se/riks/metadata/57/21799557.html,1850
roa_1850-51_4__02,Om riksdagstrycket,adel,1850,1850,https://weburn.kb.se/riks/ståndsriksdagen/xml/roa_1850-51_4_/roa_1850-51_4__02.xml,https://weburn.kb.se/riks/ståndsriksdagen/pdf/roa_1850-51_4_/roa_1850-51_4__02.pdf,https://weburn.kb.se/riks/metadata/57/21799557.html,1850
roa_1850-51_9__01,Om riksdagstrycket,adel,1850,1850,https://weburn.kb.se/riks/ståndsriksdagen/xml/roa_1850-51_9_/roa_1850-51_9__01.xml,https://weburn.kb.se/riks/ståndsriksdagen/pdf/roa_1850-51_9_/roa_1850-51_9__01.pdf,https://weburn.kb.se/riks/metadata/72/21799572.html,1850
roa_1850-51_9__02,Om riksdagstrycket,adel,1850,1850,https://weburn.kb.se/riks/ståndsriksdagen/xml/roa_1850-51_9_/roa_1850-51_9__02.xml,https://weburn.kb.se/riks/ståndsriksdagen/pdf/roa_1850-51_9_/roa_1850-51_9__02.pdf,https://weburn.kb.se/riks/metadata/72/21799572.html,1850
roa_1850-51_9__03,Om riksdagstrycket,adel,1850,1850,https://weburn.kb.se/riks/ståndsriksdagen/xml/roa_1850-51_9_/roa_1850-51_9__03.xml,https://weburn.kb.se/riks/ståndsriksdagen/pdf/roa_1850-51_9_/roa_1850-51_9__03.pdf,https://weburn.kb.se/riks/metadata/72/21799572.html,1850
roa_1850-51_6__01,Om riksdagstrycket,adel,1850,1850,https://weburn.kb.se/riks/ståndsriksdagen/xml/roa_1850-51_6_/roa_1850-51_6__01.xml,https://weburn.kb.se/riks/ståndsriksdagen/pdf/roa_1850-51_6_/roa_1850-51_6__01.pdf,https://weburn.kb.se/riks/metadata/64/21799564.html,1850
roa_1850-51_6__02,Om riksdagstrycket,adel,1850,1850,https://weburn.kb.se/riks/ståndsriksdagen/xml/roa_1850-51_6_/roa_1850-51_6__02.xml,https://weburn.kb.se/riks/ståndsriksdagen/pdf/roa_1850-51_6_/roa_1850-51_6__02.pdf,https://weburn.kb.se/riks/metadata/64/21799564.html,1850
roa_1850-51_7__01,Om riksdagstrycket,adel,1850,1850,https://weburn.kb.se/riks/ståndsriksdagen/xml/roa_1850-51_7_/roa_1850-51_7__01.xml,https://weburn.kb.se/riks/ståndsriksdagen/pdf/roa_1850-51_7_/roa_1850-51_7__01.pdf,https://weburn.kb.se/riks/metadata/67/21799567.html,1850
roa_1850-51_7__02,Om riksdagstrycket,adel,1850,1850,https://weburn.kb.se/riks/ståndsriksdagen/xml/roa_1850-51_7_/roa_1850-51_7__02.xml,https://weburn.kb.se/riks/ståndsriksdagen/pdf/roa_1850-51_7_/roa_1850-51_7__02.pdf,https://weburn.kb.se/riks/metadata/67/21799567.html,1850
roa_1850-51_3__01,Om riksdagstrycket,adel,1850,1850,https://weburn.kb.se/riks/ståndsriksdagen/xml/roa_1850-51_3_/roa_1850-51_3__01.xml,https://weburn.kb.se/riks/ståndsriksdagen/pdf/roa_1850-51_3_/roa_1850-51_3__01.pdf,https://weburn.kb.se/riks/metadata/54/21799554.html,1850
roa_1850-51_3__02,Om riksdagstrycket,adel,1850,1850,https://weburn.kb.se/riks/ståndsriksdagen/xml/roa_1850-51_3_/roa_1850-51_3__02.xml,https://weburn.kb.se/riks/ståndsriksdagen/pdf/roa_1850-51_3_/roa_1850-51_3__02.pdf,https://weburn.kb.se/riks/metadata/54/21799554.html,1850
roa_1850-51_8__01,Om riksdagstrycket,adel,1850,1850,https://weburn.kb.se/riks/ståndsriksdagen/xml/roa_1850-51_8_/roa_1850-51_8__01.xml,https://weburn.kb.se/riks/ståndsriksdagen/pdf/roa_1850-51_8_/roa_1850-51_8__01.pdf,https://weburn.kb.se/riks/metadata/69/21799569.html,1850
roa_1850-51_8__02,Om riksdagstrycket,adel,1850,1850,https://weburn.kb.se/riks/ståndsriksdagen/xml/roa_1850-51_8_/roa_1850-51_8__02.xml,https://weburn.kb.se/riks/ståndsriksdagen/pdf/roa_1850-51_8_/roa_1850-51_8__02.pdf,https://weburn.kb.se/riks/metadata/69/21799569.html,1850
bg_1850-51_2__01,Om riksdagstrycket,borgare,1850,1850,https://weburn.kb.se/riks/ståndsriksdagen/xml/bg_1850-51_2_/bg_1850-51_2__01.xml,https://weburn.kb.se/riks/ståndsriksdagen/pdf/bg_1850-51_2_/bg_1850-51_2__01.pdf,https://weburn.kb.se/riks/metadata/56/21797956.html,1850
bg_1850-51_2__02,Om riksdagstrycket,borgare,1850,1850,https://weburn.kb.se/riks/ståndsriksdagen/xml/bg_1850-51_2_/bg_1850-51_2__02.xml,https://weburn.kb.se/riks/ståndsriksdagen/pdf/bg_1850-51_2_/bg_1850-51_2__02.pdf,https://weburn.kb.se/riks/metadata/56/21797956.html,1850
bg_1850-51_4__01,Om riksdagstrycket,borgare,1850,1850,https://weburn.kb.se/riks/ståndsriksdagen/xml/bg_1850-51_4_/bg_1850-51_4__01.xml,https://weburn.kb.se/riks/ståndsriksdagen/pdf/bg_1850-51_4_/bg_1850-51_4__01.pdf,https://weburn.kb.se/riks/metadata/58/21797958.html,1850
bg_1850-51_4__02,Om riksdagstrycket,borgare,1850,1850,https://weburn.kb.se/riks/ståndsriksdagen/xml/bg_1850-51_4_/bg_1850-51_4__02.xml,https://weburn.kb.se/riks/ståndsriksdagen/pdf/bg_1850-51_4_/bg_1850-51_4__02.pdf,https://weburn.kb.se/riks/metadata/58/21797958.html,1850
bg_1850-51_1_,Om riksdagstrycket,borgare,1850,1850,https://weburn.kb.se/riks/ståndsriksdagen/xml/bg_1850-51_1_/bg_1850-51_1_.xml,https://weburn.kb.se/riks/ståndsriksdagen/pdf/bg_1850-51_1_/bg_1850-51_1_.pdf,https://weburn.kb.se/riks/metadata/55/21797955.html,1850
bg_1850-51_3__01,Om riksdagstrycket,borgare,1850,1850,https://weburn.kb.se/riks/ståndsriksdagen/xml/bg_1850-51_3_/bg_1850-51_3__01.xml,https://weburn.kb.se/riks/ståndsriksdagen/pdf/bg_1850-51_3_/bg_1850-51_3__01.pdf,https://weburn.kb.se/riks/metadata/57/21797957.html,1850
bg_1850-51_3__02,Om riksdagstrycket,borgare,1850,1850,https://weburn.kb.se/riks/ståndsriksdagen/xml/bg_1850-51_3_/bg_1850-51_3__02.xml,https://weburn.kb.se/riks/ståndsriksdagen/pdf/bg_1850-51_3_/bg_1850-51_3__02.pdf,https://weburn.kb.se/riks/metadata/57/21797957.html,1850
bn_1850-51_reg__01,Om riksdagstrycket,bonder,1850,1850,https://weburn.kb.se/riks/ståndsriksdagen/xml/bn_1850-51_reg_/bn_1850-51_reg__01.xml,https://weburn.kb.se/riks/ståndsriksdagen/pdf/bn_1850-51_reg_/bn_1850-51_reg__01.pdf,https://weburn.kb.se/riks/metadata/49/21798849.html,1850
bn_1850-51_reg__02,Om riksdagstrycket,bonder,1850,1850,https://weburn.kb.se/riks/ståndsriksdagen/xml/bn_1850-51_reg_/bn_1850-51_reg__02.xml,https://weburn.kb.se/riks/ståndsriksdagen/pdf/bn_1850-51_reg_/bn_1850-51_reg__02.pdf,https://weburn.kb.se/riks/metadata/49/21798849.html,1850
roa_1850-51_reg_,Om riksdagstrycket,adel,1850,1850,https://weburn.kb.se/riks/ståndsriksdagen/xml/roa_1850-51_reg_/roa_1850-51_reg_.xml,https://weburn.kb.se/riks/ståndsriksdagen/pdf/roa_1850-51_reg_/roa_1850-51_reg_.pdf,https://weburn.kb.se/riks/metadata/75/21799575.html,1850
pr_1850-51_13_reg_,Om riksdagstrycket,praster,1850,1850,https://weburn.kb.se/riks/ståndsriksdagen/xml/pr_1850-51_13_reg_/pr_1850-51_13_reg_.xml,https://weburn.kb.se/riks/ståndsriksdagen/pdf/pr_1850-51_13_reg_/pr_1850-51_13_reg_.pdf,https://weburn.kb.se/riks/metadata/08/21799108.html,1850
bg_1850-51_reg_,Om riksdagstrycket,borgare,1850,1850,https://weburn.kb.se/riks/ståndsriksdagen/xml/bg_1850-51_reg_/bg_1850-51_reg_.xml,https://weburn.kb.se/riks/ståndsriksdagen/pdf/bg_1850-51_reg_/bg_1850-51_reg_.pdf,https://weburn.kb.se/riks/metadata/60/21797960.html,1850
pr_1850-51_12_suppl_,Om riksdagstrycket,praster,1850,1850,https://weburn.kb.se/riks/ståndsriksdagen/xml/pr_1850-51_12_suppl_/pr_1850-51_12_suppl_.xml,https://weburn.kb.se/riks/ståndsriksdagen/pdf/pr_1850-51_12_suppl_/pr_1850-51_12_suppl_.pdf,https://weburn.kb.se/riks/metadata/07/21799107.html,1850
bih_1853-54_reg_,Om riksdagstrycket,bihang,1853,1853,https://weburn.kb.se/riks/ståndsriksdagen/xml/bih_1853-54_reg_/bih_1853-54_reg_.xml,https://weburn.kb.se/riks/ståndsriksdagen/pdf/bih_1853-54_reg_/bih_1853-54_reg_.pdf,https://weburn.kb.se/riks/metadata/30/21798530.html,1853
bih_1853-54_2-1-2__01,Om riksdagstrycket,bihang,1853,1853,https://weburn.kb.se/riks/ståndsriksdagen/xml/bih_1853-54_2-1-2_/bih_1853-54_2-1-2__01.xml,https://weburn.kb.se/riks/ståndsriksdagen/pdf/bih_1853-54_2-1-2_/bih_1853-54_2-1-2__01.pdf,https://weburn.kb.se/riks/metadata/13/21798513.html,1853
bih_1853-54_2-1-2__02,Om riksdagstrycket,bihang,1853,1853,https://weburn.kb.se/riks/ståndsriksdagen/xml/bih_1853-54_2-1-2_/bih_1853-54_2-1-2__02.xml,https://weburn.kb.se/riks/ståndsriksdagen/pdf/bih_1853-54_2-1-2_/bih_1853-54_2-1-2__02.pdf,https://weburn.kb.se/riks/metadata/13/21798513.html,1853
bih_1853-54_2-1-1_,Om riksdagstrycket,bihang,1853,1853,https://weburn.kb.se/riks/ståndsriksdagen/xml/bih_1853-54_2-1-1_/bih_1853-54_2-1-1_.xml,https://weburn.kb.se/riks/ståndsriksdagen/pdf/bih_1853-54_2-1-1_/bih_1853-54_2-1-1_.pdf,https://weburn.kb.se/riks/metadata/12/21798512.html,1853
bih_1853-54_2-1-3_,Om riksdagstrycket,bihang,1853,1853,https://weburn.kb.se/riks/ståndsriksdagen/xml/bih_1853-54_2-1-3_/bih_1853-54_2-1-3_.xml,https://weburn.kb.se/riks/ståndsriksdagen/pdf/bih_1853-54_2-1-3_/bih_1853-54_2-1-3_.pdf,https://weburn.kb.se/riks/metadata/14/21798514.html,1853
bih_1853-54_2-2-2__01,Om riksdagstrycket,bihang,1853,1853,https://weburn.kb.se/riks/ståndsriksdagen/xml/bih_1853-54_2-2-2_/bih_1853-54_2-2-2__01.xml,https://weburn.kb.se/riks/ståndsriksdagen/pdf/bih_1853-54_2-2-2_/bih_1853-54_2-2-2__01.pdf,https://weburn.kb.se/riks/metadata/16/21798516.html,1853
bih_1853-54_2-2-2__02,Om riksdagstrycket,bihang,1853,1853,https://weburn.kb.se/riks/ståndsriksdagen/xml/bih_1853-54_2-2-2_/bih_1853-54_2-2-2__02.xml,https://weburn.kb.se/riks/ståndsriksdagen/pdf/bih_1853-54_2-2-2_/bih_1853-54_2-2-2__02.pdf,https://weburn.kb.se/riks/metadata/16/21798516.html,1853
bih_1853-54_2-2-1__01,Om riksdagstrycket,bihang,1853,1853,https://weburn.kb.se/riks/ståndsriksdagen/xml/bih_1853-54_2-2-1_/bih_1853-54_2-2-1__01.xml,https://weburn.kb.se/riks/ståndsriksdagen/pdf/bih_1853-54_2-2-1_/bih_1853-54_2-2-1__01.pdf,https://weburn.kb.se/riks/metadata/15/21798515.html,1853
bih_1853-54_2-2-1__02,Om riksdagstrycket,bihang,1853,1853,https://weburn.kb.se/riks/ståndsriksdagen/xml/bih_1853-54_2-2-1_/bih_1853-54_2-2-1__02.xml,https://weburn.kb.se/riks/ståndsriksdagen/pdf/bih_1853-54_2-2-1_/bih_1853-54_2-2-1__02.pdf,https://weburn.kb.se/riks/metadata/15/21798515.html,1853
bih_1853-54_11__01,Om riksdagstrycket,bihang,1853,1853,https://weburn.kb.se/riks/ståndsriksdagen/xml/bih_1853-54_11_/bih_1853-54_11__01.xml,https://weburn.kb.se/riks/ståndsriksdagen/pdf/bih_1853-54_11_/bih_1853-54_11__01.pdf,https://weburn.kb.se/riks/metadata/08/21798508.html,1853
bih_1853-54_11__02,Om riksdagstrycket,bihang,1853,1853,https://weburn.kb.se/riks/ståndsriksdagen/xml/bih_1853-54_11_/bih_1853-54_11__02.xml,https://weburn.kb.se/riks/ståndsriksdagen/pdf/bih_1853-54_11_/bih_1853-54_11__02.pdf,https://weburn.kb.se/riks/metadata/08/21798508.html,1853
bih_1853-54_5-1__01,Om riksdagstrycket,bihang,1853,1853,https://weburn.kb.se/riks/ståndsriksdagen/xml/bih_1853-54_5-1_/bih_1853-54_5-1__01.xml,https://weburn.kb.se/riks/ståndsriksdagen/pdf/bih_1853-54_5-1_/bih_1853-54_5-1__01.pdf,https://weburn.kb.se/riks/metadata/22/21798522.html,1853
bih_1853-54_5-1__02,Om riksdagstrycket,bihang,1853,1853,https://weburn.kb.se/riks/ståndsriksdagen/xml/bih_1853-54_5-1_/bih_1853-54_5-1__02.xml,https://weburn.kb.se/riks/ståndsriksdagen/pdf/bih_1853-54_5-1_/bih_1853-54_5-1__02.pdf,https://weburn.kb.se/riks/metadata/22/21798522.html,1853
bih_1853-54_4-1-2__01,Om riksdagstrycket,bihang,1853,1853,https://weburn.kb.se/riks/ståndsriksdagen/xml/bih_1853-54_4-1-2_/bih_1853-54_4-1-2__01.xml,https://weburn.kb.se/riks/ståndsriksdagen/pdf/bih_1853-54_4-1-2_/bih_1853-54_4-1-2__01.pdf,https://weburn.kb.se/riks/metadata/21/21798521.html,1853
bih_1853-54_4-1-2__02,Om riksdagstrycket,bihang,1853,1853,https://weburn.kb.se/riks/ståndsriksdagen/xml/bih_1853-54_4-1-2_/bih_1853-54_4-1-2__02.xml,https://weburn.kb.se/riks/ståndsriksdagen/pdf/bih_1853-54_4-1-2_/bih_1853-54_4-1-2__02.pdf,https://weburn.kb.se/riks/metadata/21/21798521.html,1853
bih_1853-54_4-1-2__03,Om riksdagstrycket,bihang,1853,1853,https://weburn.kb.se/riks/ståndsriksdagen/xml/bih_1853-54_4-1-2_/bih_1853-54_4-1-2__03.xml,https://weburn.kb.se/riks/ståndsriksdagen/pdf/bih_1853-54_4-1-2_/bih_1853-54_4-1-2__03.pdf,https://weburn.kb.se/riks/metadata/21/21798521.html,1853
bih_1853-54_4-1-1__01,Om riksdagstrycket,bihang,1853,1853,https://weburn.kb.se/riks/ståndsriksdagen/xml/bih_1853-54_4-1-1_/bih_1853-54_4-1-1__01.xml,https://weburn.kb.se/riks/ståndsriksdagen/pdf/bih_1853-54_4-1-1_/bih_1853-54_4-1-1__01.pdf,https://weburn.kb.se/riks/metadata/20/21798520.html,1853
bih_1853-54_4-1-1__02,Om riksdagstrycket,bihang,1853,1853,https://weburn.kb.se/riks/ståndsriksdagen/xml/bih_1853-54_4-1-1_/bih_1853-54_4-1-1__02.xml,https://weburn.kb.se/riks/ståndsriksdagen/pdf/bih_1853-54_4-1-1_/bih_1853-54_4-1-1__02.pdf,https://weburn.kb.se/riks/metadata/20/21798520.html,1853
bih_1853-54_4-1-1__03,Om riksdagstrycket,bihang,1853,1853,https://weburn.kb.se/riks/ståndsriksdagen/xml/bih_1853-54_4-1-1_/bih_1853-54_4-1-1__03.xml,https://weburn.kb.se/riks/ståndsriksdagen/pdf/bih_1853-54_4-1-1_/bih_1853-54_4-1-1__03.pdf,https://weburn.kb.se/riks/metadata/20/21798520.html,1853
bih_1853-54_4-1_2-3__01,Om riksdagstrycket,bihang,1853,1853,https://weburn.kb.se/riks/ståndsriksdagen/xml/bih_1853-54_4-1_2-3_/bih_1853-54_4-1_2-3__01.xml,https://weburn.kb.se/riks/ståndsriksdagen/pdf/bih_1853-54_4-1_2-3_/bih_1853-54_4-1_2-3__01.pdf,https://weburn.kb.se/riks/metadata/18/21798518.html,1853
bih_1853-54_4-1_2-3__02,Om riksdagstrycket,bihang,1853,1853,https://weburn.kb.se/riks/ståndsriksdagen/xml/bih_1853-54_4-1_2-3_/bih_1853-54_4-1_2-3__02.xml,https://weburn.kb.se/riks/ståndsriksdagen/pdf/bih_1853-54_4-1_2-3_/bih_1853-54_4-1_2-3__02.pdf,https://weburn.kb.se/riks/metadata/18/21798518.html,1853
bih_1853-54_1-2__01,Om riksdagstrycket,bihang,1853,1853,https://weburn.kb.se/riks/ståndsriksdagen/xml/bih_1853-54_1-2_/bih_1853-54_1-2__01.xml,https://weburn.kb.se/riks/ståndsriksdagen/pdf/bih_1853-54_1-2_/bih_1853-54_1-2__01.pdf,https://weburn.kb.se/riks/metadata/09/21798509.html,1853
bih_1853-54_1-2__02,Om riksdagstrycket,bihang,1853,1853,https://weburn.kb.se/riks/ståndsriksdagen/xml/bih_1853-54_1-2_/bih_1853-54_1-2__02.xml,https://weburn.kb.se/riks/ståndsriksdagen/pdf/bih_1853-54_1-2_/bih_1853-54_1-2__02.pdf,https://weburn.kb.se/riks/metadata/09/21798509.html,1853
bih_1853-54_1-2__03,Om riksdagstrycket,bihang,1853,1853,https://weburn.kb.se/riks/ståndsriksdagen/xml/bih_1853-54_1-2_/bih_1853-54_1-2__03.xml,https://weburn.kb.se/riks/ståndsriksdagen/pdf/bih_1853-54_1-2_/bih_1853-54_1-2__03.pdf,https://weburn.kb.se/riks/metadata/09/21798509.html,1853
bih_1853-54_1-2__04,Om riksdagstrycket,bihang,1853,1853,https://weburn.kb.se/riks/ståndsriksdagen/xml/bih_1853-54_1-2_/bih_1853-54_1-2__04.xml,https://weburn.kb.se/riks/ståndsriksdagen/pdf/bih_1853-54_1-2_/bih_1853-54_1-2__04.pdf,https://weburn.kb.se/riks/metadata/09/21798509.html,1853
bih_1853-54_9_,Om riksdagstrycket,bihang,1853,1853,https://weburn.kb.se/riks/ståndsriksdagen/xml/bih_1853-54_9_/bih_1853-54_9_.xml,https://weburn.kb.se/riks/ståndsriksdagen/pdf/bih_1853-54_9_/bih_1853-54_9_.pdf,https://weburn.kb.se/riks/metadata/29/21798529.html,1853
bih_1853-54_6-1_2__01,Om riksdagstrycket,bihang,1853,1853,https://weburn.kb.se/riks/ståndsriksdagen/xml/bih_1853-54_6-1_2_/bih_1853-54_6-1_2__01.xml,https://weburn.kb.se/riks/ståndsriksdagen/pdf/bih_1853-54_6-1_2_/bih_1853-54_6-1_2__01.pdf,https://weburn.kb.se/riks/metadata/24/21798524.html,1853
bih_1853-54_6-1_2__02,Om riksdagstrycket,bihang,1853,1853,https://weburn.kb.se/riks/ståndsriksdagen/xml/bih_1853-54_6-1_2_/bih_1853-54_6-1_2__02.xml,https://weburn.kb.se/riks/ståndsriksdagen/pdf/bih_1853-54_6-1_2_/bih_1853-54_6-1_2__02.pdf,https://weburn.kb.se/riks/metadata/24/21798524.html,1853
bih_1853-54_6-1_2__03,Om riksdagstrycket,bihang,1853,1853,https://weburn.kb.se/riks/ståndsriksdagen/xml/bih_1853-54_6-1_2_/bih_1853-54_6-1_2__03.xml,https://weburn.kb.se/riks/ståndsriksdagen/pdf/bih_1853-54_6-1_2_/bih_1853-54_6-1_2__03.pdf,https://weburn.kb.se/riks/metadata/24/21798524.html,1853
bih_1853-54_7-1_2_,Om riksdagstrycket,bihang,1853,1853,https://weburn.kb.se/riks/ståndsriksdagen/xml/bih_1853-54_7-1_2_/bih_1853-54_7-1_2_.xml,https://weburn.kb.se/riks/ståndsriksdagen/pdf/bih_1853-54_7-1_2_/bih_1853-54_7-1_2_.pdf,https://weburn.kb.se/riks/metadata/26/21798526.html,1853
bih_1853-54_10-1-1__01,Om riksdagstrycket,bihang,1853,1853,https://weburn.kb.se/riks/ståndsriksdagen/xml/bih_1853-54_10-1-1_/bih_1853-54_10-1-1__01.xml,https://weburn.kb.se/riks/ståndsriksdagen/pdf/bih_1853-54_10-1-1_/bih_1853-54_10-1-1__01.pdf,https://weburn.kb.se/riks/metadata/07/21798507.html,1853
bih_1853-54_10-1-1__02,Om riksdagstrycket,bihang,1853,1853,https://weburn.kb.se/riks/ståndsriksdagen/xml/bih_1853-54_10-1-1_/bih_1853-54_10-1-1__02.xml,https://weburn.kb.se/riks/ståndsriksdagen/pdf/bih_1853-54_10-1-1_/bih_1853-54_10-1-1__02.pdf,https://weburn.kb.se/riks/metadata/07/21798507.html,1853
bih_1853-54_10-1-1__03,Om riksdagstrycket,bihang,1853,1853,https://weburn.kb.se/riks/ståndsriksdagen/xml/bih_1853-54_10-1-1_/bih_1853-54_10-1-1__03.xml,https://weburn.kb.se/riks/ståndsriksdagen/pdf/bih_1853-54_10-1-1_/bih_1853-54_10-1-1__03.pdf,https://weburn.kb.se/riks/metadata/07/21798507.html,1853
bih_1853-54_10-1_2-2__01,Om riksdagstrycket,bihang,1853,1853,https://weburn.kb.se/riks/ståndsriksdagen/xml/bih_1853-54_10-1_2-2_/bih_1853-54_10-1_2-2__01.xml,https://weburn.kb.se/riks/ståndsriksdagen/pdf/bih_1853-54_10-1_2-2_/bih_1853-54_10-1_2-2__01.pdf,https://weburn.kb.se/riks/metadata/05/21798505.html,1853
bih_1853-54_10-1_2-2__02,Om riksdagstrycket,bihang,1853,1853,https://weburn.kb.se/riks/ståndsriksdagen/xml/bih_1853-54_10-1_2-2_/bih_1853-54_10-1_2-2__02.xml,https://weburn.kb.se/riks/ståndsriksdagen/pdf/bih_1853-54_10-1_2-2_/bih_1853-54_10-1_2-2__02.pdf,https://weburn.kb.se/riks/metadata/05/21798505.html,1853
bih_1853-54_3__01,Om riksdagstrycket,bihang,1853,1853,https://weburn.kb.se/riks/ståndsriksdagen/xml/bih_1853-54_3_/bih_1853-54_3__01.xml,https://weburn.kb.se/riks/ståndsriksdagen/pdf/bih_1853-54_3_/bih_1853-54_3__01.pdf,https://weburn.kb.se/riks/metadata/17/21798517.html,1853
bih_1853-54_3__02,Om riksdagstrycket,bihang,1853,1853,https://weburn.kb.se/riks/ståndsriksdagen/xml/bih_1853-54_3_/bih_1853-54_3__02.xml,https://weburn.kb.se/riks/ståndsriksdagen/pdf/bih_1853-54_3_/bih_1853-54_3__02.pdf,https://weburn.kb.se/riks/metadata/17/21798517.html,1853
bih_1853-54_8_,Om riksdagstrycket,bihang,1853,1853,https://weburn.kb.se/riks/ståndsriksdagen/xml/bih_1853-54_8_/bih_1853-54_8_.xml,https://weburn.kb.se/riks/ståndsriksdagen/pdf/bih_1853-54_8_/bih_1853-54_8_.pdf,https://weburn.kb.se/riks/metadata/28/21798528.html,1853
bg_1853-54_7_,Om riksdagstrycket,borgare,1853,1853,https://weburn.kb.se/riks/ståndsriksdagen/xml/bg_1853-54_7_/bg_1853-54_7_.xml,https://weburn.kb.se/riks/ståndsriksdagen/pdf/bg_1853-54_7_/bg_1853-54_7_.pdf,https://weburn.kb.se/riks/metadata/72/21797972.html,1853
bg_1853-54_bil_,Om riksdagstrycket,borgare,1853,1853,https://weburn.kb.se/riks/ståndsriksdagen/xml/bg_1853-54_bil_/bg_1853-54_bil_.xml,https://weburn.kb.se/riks/ståndsriksdagen/pdf/bg_1853-54_bil_/bg_1853-54_bil_.pdf,https://weburn.kb.se/riks/metadata/72/21797972.html,1853
bn_1853-54_2__01,Om riksdagstrycket,bonder,1853,1853,https://weburn.kb.se/riks/ståndsriksdagen/xml/bn_1853-54_2_/bn_1853-54_2__01.xml,https://weburn.kb.se/riks/ståndsriksdagen/pdf/bn_1853-54_2_/bn_1853-54_2__01.pdf,https://weburn.kb.se/riks/metadata/51/21798851.html,1853
bn_1853-54_2__02,Om riksdagstrycket,bonder,1853,1853,https://weburn.kb.se/riks/ståndsriksdagen/xml/bn_1853-54_2_/bn_1853-54_2__02.xml,https://weburn.kb.se/riks/ståndsriksdagen/pdf/bn_1853-54_2_/bn_1853-54_2__02.pdf,https://weburn.kb.se/riks/metadata/51/21798851.html,1853
bn_1853-54_5__01,Om riksdagstrycket,bonder,1853,1853,https://weburn.kb.se/riks/ståndsriksdagen/xml/bn_1853-54_5_/bn_1853-54_5__01.xml,https://weburn.kb.se/riks/ståndsriksdagen/pdf/bn_1853-54_5_/bn_1853-54_5__01.pdf,https://weburn.kb.se/riks/metadata/54/21798854.html,1853
bn_1853-54_5__02,Om riksdagstrycket,bonder,1853,1853,https://weburn.kb.se/riks/ståndsriksdagen/xml/bn_1853-54_5_/bn_1853-54_5__02.xml,https://weburn.kb.se/riks/ståndsriksdagen/pdf/bn_1853-54_5_/bn_1853-54_5__02.pdf,https://weburn.kb.se/riks/metadata/54/21798854.html,1853
bn_1853-54_4__01,Om riksdagstrycket,bonder,1853,1853,https://weburn.kb.se/riks/ståndsriksdagen/xml/bn_1853-54_4_/bn_1853-54_4__01.xml,https://weburn.kb.se/riks/ståndsriksdagen/pdf/bn_1853-54_4_/bn_1853-54_4__01.pdf,https://weburn.kb.se/riks/metadata/53/21798853.html,1853
bn_1853-54_4__02,Om riksdagstrycket,bonder,1853,1853,https://weburn.kb.se/riks/ståndsriksdagen/xml/bn_1853-54_4_/bn_1853-54_4__02.xml,https://weburn.kb.se/riks/ståndsriksdagen/pdf/bn_1853-54_4_/bn_1853-54_4__02.pdf,https://weburn.kb.se/riks/metadata/53/21798853.html,1853
bn_1853-54_1_,Om riksdagstrycket,bonder,1853,1853,https://weburn.kb.se/riks/ståndsriksdagen/xml/bn_1853-54_1_/bn_1853-54_1_.xml,https://weburn.kb.se/riks/ståndsriksdagen/pdf/bn_1853-54_1_/bn_1853-54_1_.pdf,https://weburn.kb.se/riks/metadata/50/21798850.html,1853
bn_1853-54_6__01,Om riksdagstrycket,bonder,1853,1853,https://weburn.kb.se/riks/ståndsriksdagen/xml/bn_1853-54_6_/bn_1853-54_6__01.xml,https://weburn.kb.se/riks/ståndsriksdagen/pdf/bn_1853-54_6_/bn_1853-54_6__01.pdf,https://weburn.kb.se/riks/metadata/55/21798855.html,1853
bn_1853-54_6__02,Om riksdagstrycket,bonder,1853,1853,https://weburn.kb.se/riks/ståndsriksdagen/xml/bn_1853-54_6_/bn_1853-54_6__02.xml,https://weburn.kb.se/riks/ståndsriksdagen/pdf/bn_1853-54_6_/bn_1853-54_6__02.pdf,https://weburn.kb.se/riks/metadata/55/21798855.html,1853
bn_1853-54_7__01,Om riksdagstrycket,bonder,1853,1853,https://weburn.kb.se/riks/ståndsriksdagen/xml/bn_1853-54_7_/bn_1853-54_7__01.xml,https://weburn.kb.se/riks/ståndsriksdagen/pdf/bn_1853-54_7_/bn_1853-54_7__01.pdf,https://weburn.kb.se/riks/metadata/56/21798856.html,1853
bn_1853-54_7__02,Om riksdagstrycket,bonder,1853,1853,https://weburn.kb.se/riks/ståndsriksdagen/xml/bn_1853-54_7_/bn_1853-54_7__02.xml,https://weburn.kb.se/riks/ståndsriksdagen/pdf/bn_1853-54_7_/bn_1853-54_7__02.pdf,https://weburn.kb.se/riks/metadata/56/21798856.html,1853
bn_1853-54_3__01,Om riksdagstrycket,bonder,1853,1853,https://weburn.kb.se/riks/ståndsriksdagen/xml/bn_1853-54_3_/bn_1853-54_3__01.xml,https://weburn.kb.se/riks/ståndsriksdagen/pdf/bn_1853-54_3_/bn_1853-54_3__01.pdf,https://weburn.kb.se/riks/metadata/52/21798852.html,1853
bn_1853-54_3__02,Om riksdagstrycket,bonder,1853,1853,https://weburn.kb.se/riks/ståndsriksdagen/xml/bn_1853-54_3_/bn_1853-54_3__02.xml,https://weburn.kb.se/riks/ståndsriksdagen/pdf/bn_1853-54_3_/bn_1853-54_3__02.pdf,https://weburn.kb.se/riks/metadata/52/21798852.html,1853
bn_1853-54_8__01,Om riksdagstrycket,bonder,1853,1853,https://weburn.kb.se/riks/ståndsriksdagen/xml/bn_1853-54_8_/bn_1853-54_8__01.xml,https://weburn.kb.se/riks/ståndsriksdagen/pdf/bn_1853-54_8_/bn_1853-54_8__01.pdf,https://weburn.kb.se/riks/metadata/57/21798857.html,1853
bn_1853-54_8__02,Om riksdagstrycket,bonder,1853,1853,https://weburn.kb.se/riks/ståndsriksdagen/xml/bn_1853-54_8_/bn_1853-54_8__02.xml,https://weburn.kb.se/riks/ståndsriksdagen/pdf/bn_1853-54_8_/bn_1853-54_8__02.pdf,https://weburn.kb.se/riks/metadata/57/21798857.html,1853
pr_1853-54_1__01,Om riksdagstrycket,praster,1853,1853,https://weburn.kb.se/riks/ståndsriksdagen/xml/pr_1853-54_1_/pr_1853-54_1__01.xml,https://weburn.kb.se/riks/ståndsriksdagen/pdf/pr_1853-54_1_/pr_1853-54_1__01.pdf,https://weburn.kb.se/riks/metadata/17/21799117.html,1853
pr_1853-54_1__02,Om riksdagstrycket,praster,1853,1853,https://weburn.kb.se/riks/ståndsriksdagen/xml/pr_1853-54_1_/pr_1853-54_1__02.xml,https://weburn.kb.se/riks/ståndsriksdagen/pdf/pr_1853-54_1_/pr_1853-54_1__02.pdf,https://weburn.kb.se/riks/metadata/17/21799117.html,1853
pr_1853-54_2__01,Om riksdagstrycket,praster,1853,1853,https://weburn.kb.se/riks/ståndsriksdagen/xml/pr_1853-54_2_/pr_1853-54_2__01.xml,https://weburn.kb.se/riks/ståndsriksdagen/pdf/pr_1853-54_2_/pr_1853-54_2__01.pdf,https://weburn.kb.se/riks/metadata/20/21799120.html,1853
pr_1853-54_2__02,Om riksdagstrycket,praster,1853,1853,https://weburn.kb.se/riks/ståndsriksdagen/xml/pr_1853-54_2_/pr_1853-54_2__02.xml,https://weburn.kb.se/riks/ståndsriksdagen/pdf/pr_1853-54_2_/pr_1853-54_2__02.pdf,https://weburn.kb.se/riks/metadata/20/21799120.html,1853
pr_1853-54_5__01,Om riksdagstrycket,praster,1853,1853,https://weburn.kb.se/riks/ståndsriksdagen/xml/pr_1853-54_5_/pr_1853-54_5__01.xml,https://weburn.kb.se/riks/ståndsriksdagen/pdf/pr_1853-54_5_/pr_1853-54_5__01.pdf,https://weburn.kb.se/riks/metadata/23/21799123.html,1853
pr_1853-54_5__02,Om riksdagstrycket,praster,1853,1853,https://weburn.kb.se/riks/ståndsriksdagen/xml/pr_1853-54_5_/pr_1853-54_5__02.xml,https://weburn.kb.se/riks/ståndsriksdagen/pdf/pr_1853-54_5_/pr_1853-54_5__02.pdf,https://weburn.kb.se/riks/metadata/23/21799123.html,1853
pr_1853-54_4__01,Om riksdagstrycket,praster,1853,1853,https://weburn.kb.se/riks/ståndsriksdagen/xml/pr_1853-54_4_/pr_1853-54_4__01.xml,https://weburn.kb.se/riks/ståndsriksdagen/pdf/pr_1853-54_4_/pr_1853-54_4__01.pdf,https://weburn.kb.se/riks/metadata/22/21799122.html,1853
pr_1853-54_4__02,Om riksdagstrycket,praster,1853,1853,https://weburn.kb.se/riks/ståndsriksdagen/xml/pr_1853-54_4_/pr_1853-54_4__02.xml,https://weburn.kb.se/riks/ståndsriksdagen/pdf/pr_1853-54_4_/pr_1853-54_4__02.pdf,https://weburn.kb.se/riks/metadata/22/21799122.html,1853
pr_1853-54_9__01,Om riksdagstrycket,praster,1853,1853,https://weburn.kb.se/riks/ståndsriksdagen/xml/pr_1853-54_9_/pr_1853-54_9__01.xml,https://weburn.kb.se/riks/ståndsriksdagen/pdf/pr_1853-54_9_/pr_1853-54_9__01.pdf,https://weburn.kb.se/riks/metadata/27/21799127.html,1853
pr_1853-54_9__02,Om riksdagstrycket,praster,1853,1853,https://weburn.kb.se/riks/ståndsriksdagen/xml/pr_1853-54_9_/pr_1853-54_9__02.xml,https://weburn.kb.se/riks/ståndsriksdagen/pdf/pr_1853-54_9_/pr_1853-54_9__02.pdf,https://weburn.kb.se/riks/metadata/27/21799127.html,1853
pr_1853-54_6__01,Om riksdagstrycket,praster,1853,1853,https://weburn.kb.se/riks/ståndsriksdagen/xml/pr_1853-54_6_/pr_1853-54_6__01.xml,https://weburn.kb.se/riks/ståndsriksdagen/pdf/pr_1853-54_6_/pr_1853-54_6__01.pdf,https://weburn.kb.se/riks/metadata/24/21799124.html,1853
pr_1853-54_6__02,Om riksdagstrycket,praster,1853,1853,https://weburn.kb.se/riks/ståndsriksdagen/xml/pr_1853-54_6_/pr_1853-54_6__02.xml,https://weburn.kb.se/riks/ståndsriksdagen/pdf/pr_1853-54_6_/pr_1853-54_6__02.pdf,https://weburn.kb.se/riks/metadata/24/21799124.html,1853
pr_1853-54_7__01,Om riksdagstrycket,praster,1853,1853,https://weburn.kb.se/riks/ståndsriksdagen/xml/pr_1853-54_7_/pr_1853-54_7__01.xml,https://weburn.kb.se/riks/ståndsriksdagen/pdf/pr_1853-54_7_/pr_1853-54_7__01.pdf,https://weburn.kb.se/riks/metadata/25/21799125.html,1853
pr_1853-54_7__02,Om riksdagstrycket,praster,1853,1853,https://weburn.kb.se/riks/ståndsriksdagen/xml/pr_1853-54_7_/pr_1853-54_7__02.xml,https://weburn.kb.se/riks/ståndsriksdagen/pdf/pr_1853-54_7_/pr_1853-54_7__02.pdf,https://weburn.kb.se/riks/metadata/25/21799125.html,1853
pr_1853-54_3__01,Om riksdagstrycket,praster,1853,1853,https://weburn.kb.se/riks/ståndsriksdagen/xml/pr_1853-54_3_/pr_1853-54_3__01.xml,https://weburn.kb.se/riks/ståndsriksdagen/pdf/pr_1853-54_3_/pr_1853-54_3__01.pdf,https://weburn.kb.se/riks/metadata/21/21799121.html,1853
pr_1853-54_3__02,Om riksdagstrycket,praster,1853,1853,https://weburn.kb.se/riks/ståndsriksdagen/xml/pr_1853-54_3_/pr_1853-54_3__02.xml,https://weburn.kb.se/riks/ståndsriksdagen/pdf/pr_1853-54_3_/pr_1853-54_3__02.pdf,https://weburn.kb.se/riks/metadata/21/21799121.html,1853
pr_1853-54_8__01,Om riksdagstrycket,praster,1853,1853,https://weburn.kb.se/riks/ståndsriksdagen/xml/pr_1853-54_8_/pr_1853-54_8__01.xml,https://weburn.kb.se/riks/ståndsriksdagen/pdf/pr_1853-54_8_/pr_1853-54_8__01.pdf,https://weburn.kb.se/riks/metadata/26/21799126.html,1853
pr_1853-54_8__02,Om riksdagstrycket,praster,1853,1853,https://weburn.kb.se/riks/ståndsriksdagen/xml/pr_1853-54_8_/pr_1853-54_8__02.xml,https://weburn.kb.se/riks/ståndsriksdagen/pdf/pr_1853-54_8_/pr_1853-54_8__02.pdf,https://weburn.kb.se/riks/metadata/26/21799126.html,1853
roa_1853-54_2__01,Om riksdagstrycket,adel,1853,1853,https://weburn.kb.se/riks/ståndsriksdagen/xml/roa_1853-54_2_/roa_1853-54_2__01.xml,https://weburn.kb.se/riks/ståndsriksdagen/pdf/roa_1853-54_2_/roa_1853-54_2__01.pdf,https://weburn.kb.se/riks/metadata/00/21799600.html,1853
roa_1853-54_2__02,Om riksdagstrycket,adel,1853,1853,https://weburn.kb.se/riks/ståndsriksdagen/xml/roa_1853-54_2_/roa_1853-54_2__02.xml,https://weburn.kb.se/riks/ståndsriksdagen/pdf/roa_1853-54_2_/roa_1853-54_2__02.pdf,https://weburn.kb.se/riks/metadata/00/21799600.html,1853
roa_1853-54_1__01,Om riksdagstrycket,adel,1853,1853,https://weburn.kb.se/riks/ståndsriksdagen/xml/roa_1853-54_1_/roa_1853-54_1__01.xml,https://weburn.kb.se/riks/ståndsriksdagen/pdf/roa_1853-54_1_/roa_1853-54_1__01.pdf,https://weburn.kb.se/riks/metadata/78/21799578.html,1853
roa_1853-54_1__02,Om riksdagstrycket,adel,1853,1853,https://weburn.kb.se/riks/ståndsriksdagen/xml/roa_1853-54_1_/roa_1853-54_1__02.xml,https://weburn.kb.se/riks/ståndsriksdagen/pdf/roa_1853-54_1_/roa_1853-54_1__02.pdf,https://weburn.kb.se/riks/metadata/78/21799578.html,1853
roa_1853-54_11__01,Om riksdagstrycket,adel,1853,1853,https://weburn.kb.se/riks/ståndsriksdagen/xml/roa_1853-54_11_/roa_1853-54_11__01.xml,https://weburn.kb.se/riks/ståndsriksdagen/pdf/roa_1853-54_11_/roa_1853-54_11__01.pdf,https://weburn.kb.se/riks/metadata/85/21799585.html,1853
roa_1853-54_11__02,Om riksdagstrycket,adel,1853,1853,https://weburn.kb.se/riks/ståndsriksdagen/xml/roa_1853-54_11_/roa_1853-54_11__02.xml,https://weburn.kb.se/riks/ståndsriksdagen/pdf/roa_1853-54_11_/roa_1853-54_11__02.pdf,https://weburn.kb.se/riks/metadata/85/21799585.html,1853
roa_1853-54_5__01,Om riksdagstrycket,adel,1853,1853,https://weburn.kb.se/riks/ståndsriksdagen/xml/roa_1853-54_5_/roa_1853-54_5__01.xml,https://weburn.kb.se/riks/ståndsriksdagen/pdf/roa_1853-54_5_/roa_1853-54_5__01.pdf,https://weburn.kb.se/riks/metadata/10/21799610.html,1853
roa_1853-54_5__02,Om riksdagstrycket,adel,1853,1853,https://weburn.kb.se/riks/ståndsriksdagen/xml/roa_1853-54_5_/roa_1853-54_5__02.xml,https://weburn.kb.se/riks/ståndsriksdagen/pdf/roa_1853-54_5_/roa_1853-54_5__02.pdf,https://weburn.kb.se/riks/metadata/10/21799610.html,1853
roa_1853-54_15_,Om riksdagstrycket,adel,1853,1853,https://weburn.kb.se/riks/ståndsriksdagen/xml/roa_1853-54_15_/roa_1853-54_15_.xml,https://weburn.kb.se/riks/ståndsriksdagen/pdf/roa_1853-54_15_/roa_1853-54_15_.pdf,https://weburn.kb.se/riks/metadata/95/21799595.html,1853
roa_1853-54_4__01,Om riksdagstrycket,adel,1853,1853,https://weburn.kb.se/riks/ståndsriksdagen/xml/roa_1853-54_4_/roa_1853-54_4__01.xml,https://weburn.kb.se/riks/ståndsriksdagen/pdf/roa_1853-54_4_/roa_1853-54_4__01.pdf,https://weburn.kb.se/riks/metadata/06/21799606.html,1853
roa_1853-54_4__02,Om riksdagstrycket,adel,1853,1853,https://weburn.kb.se/riks/ståndsriksdagen/xml/roa_1853-54_4_/roa_1853-54_4__02.xml,https://weburn.kb.se/riks/ståndsriksdagen/pdf/roa_1853-54_4_/roa_1853-54_4__02.pdf,https://weburn.kb.se/riks/metadata/06/21799606.html,1853
roa_1853-54_14__01,Om riksdagstrycket,adel,1853,1853,https://weburn.kb.se/riks/ståndsriksdagen/xml/roa_1853-54_14_/roa_1853-54_14__01.xml,https://weburn.kb.se/riks/ståndsriksdagen/pdf/roa_1853-54_14_/roa_1853-54_14__01.pdf,https://weburn.kb.se/riks/metadata/92/21799592.html,1853
roa_1853-54_14__02,Om riksdagstrycket,adel,1853,1853,https://weburn.kb.se/riks/ståndsriksdagen/xml/roa_1853-54_14_/roa_1853-54_14__02.xml,https://weburn.kb.se/riks/ståndsriksdagen/pdf/roa_1853-54_14_/roa_1853-54_14__02.pdf,https://weburn.kb.se/riks/metadata/92/21799592.html,1853
roa_1853-54_9__01,Om riksdagstrycket,adel,1853,1853,https://weburn.kb.se/riks/ståndsriksdagen/xml/roa_1853-54_9_/roa_1853-54_9__01.xml,https://weburn.kb.se/riks/ståndsriksdagen/pdf/roa_1853-54_9_/roa_1853-54_9__01.pdf,https://weburn.kb.se/riks/metadata/22/21799622.html,1853
roa_1853-54_9__02,Om riksdagstrycket,adel,1853,1853,https://weburn.kb.se/riks/ståndsriksdagen/xml/roa_1853-54_9_/roa_1853-54_9__02.xml,https://weburn.kb.se/riks/ståndsriksdagen/pdf/roa_1853-54_9_/roa_1853-54_9__02.pdf,https://weburn.kb.se/riks/metadata/22/21799622.html,1853
roa_1853-54_6__01,Om riksdagstrycket,adel,1853,1853,https://weburn.kb.se/riks/ståndsriksdagen/xml/roa_1853-54_6_/roa_1853-54_6__01.xml,https://weburn.kb.se/riks/ståndsriksdagen/pdf/roa_1853-54_6_/roa_1853-54_6__01.pdf,https://weburn.kb.se/riks/metadata/12/21799612.html,1853
roa_1853-54_6__02,Om riksdagstrycket,adel,1853,1853,https://weburn.kb.se/riks/ståndsriksdagen/xml/roa_1853-54_6_/roa_1853-54_6__02.xml,https://weburn.kb.se/riks/ståndsriksdagen/pdf/roa_1853-54_6_/roa_1853-54_6__02.pdf,https://weburn.kb.se/riks/metadata/12/21799612.html,1853
roa_1853-54_7__01,Om riksdagstrycket,adel,1853,1853,https://weburn.kb.se/riks/ståndsriksdagen/xml/roa_1853-54_7_/roa_1853-54_7__01.xml,https://weburn.kb.se/riks/ståndsriksdagen/pdf/roa_1853-54_7_/roa_1853-54_7__01.pdf,https://weburn.kb.se/riks/metadata/15/21799615.html,1853
roa_1853-54_7__02,Om riksdagstrycket,adel,1853,1853,https://weburn.kb.se/riks/ståndsriksdagen/xml/roa_1853-54_7_/roa_1853-54_7__02.xml,https://weburn.kb.se/riks/ståndsriksdagen/pdf/roa_1853-54_7_/roa_1853-54_7__02.pdf,https://weburn.kb.se/riks/metadata/15/21799615.html,1853
roa_1853-54_10__01,Om riksdagstrycket,adel,1853,1853,https://weburn.kb.se/riks/ståndsriksdagen/xml/roa_1853-54_10_/roa_1853-54_10__01.xml,https://weburn.kb.se/riks/ståndsriksdagen/pdf/roa_1853-54_10_/roa_1853-54_10__01.pdf,https://weburn.kb.se/riks/metadata/82/21799582.html,1853
roa_1853-54_10__02,Om riksdagstrycket,adel,1853,1853,https://weburn.kb.se/riks/ståndsriksdagen/xml/roa_1853-54_10_/roa_1853-54_10__02.xml,https://weburn.kb.se/riks/ståndsriksdagen/pdf/roa_1853-54_10_/roa_1853-54_10__02.pdf,https://weburn.kb.se/riks/metadata/82/21799582.html,1853
roa_1853-54_12__01,Om riksdagstrycket,adel,1853,1853,https://weburn.kb.se/riks/ståndsriksdagen/xml/roa_1853-54_12_/roa_1853-54_12__01.xml,https://weburn.kb.se/riks/ståndsriksdagen/pdf/roa_1853-54_12_/roa_1853-54_12__01.pdf,https://weburn.kb.se/riks/metadata/87/21799587.html,1853
roa_1853-54_12__02,Om riksdagstrycket,adel,1853,1853,https://weburn.kb.se/riks/ståndsriksdagen/xml/roa_1853-54_12_/roa_1853-54_12__02.xml,https://weburn.kb.se/riks/ståndsriksdagen/pdf/roa_1853-54_12_/roa_1853-54_12__02.pdf,https://weburn.kb.se/riks/metadata/87/21799587.html,1853
roa_1853-54_3__01,Om riksdagstrycket,adel,1853,1853,https://weburn.kb.se/riks/ståndsriksdagen/xml/roa_1853-54_3_/roa_1853-54_3__01.xml,https://weburn.kb.se/riks/ståndsriksdagen/pdf/roa_1853-54_3_/roa_1853-54_3__01.pdf,https://weburn.kb.se/riks/metadata/04/21799604.html,1853
roa_1853-54_3__02,Om riksdagstrycket,adel,1853,1853,https://weburn.kb.se/riks/ståndsriksdagen/xml/roa_1853-54_3_/roa_1853-54_3__02.xml,https://weburn.kb.se/riks/ståndsriksdagen/pdf/roa_1853-54_3_/roa_1853-54_3__02.pdf,https://weburn.kb.se/riks/metadata/04/21799604.html,1853
roa_1853-54_13__01,Om riksdagstrycket,adel,1853,1853,https://weburn.kb.se/riks/ståndsriksdagen/xml/roa_1853-54_13_/roa_1853-54_13__01.xml,https://weburn.kb.se/riks/ståndsriksdagen/pdf/roa_1853-54_13_/roa_1853-54_13__01.pdf,https://weburn.kb.se/riks/metadata/88/21799588.html,1853
roa_1853-54_13__02,Om riksdagstrycket,adel,1853,1853,https://weburn.kb.se/riks/ståndsriksdagen/xml/roa_1853-54_13_/roa_1853-54_13__02.xml,https://weburn.kb.se/riks/ståndsriksdagen/pdf/roa_1853-54_13_/roa_1853-54_13__02.pdf,https://weburn.kb.se/riks/metadata/88/21799588.html,1853
roa_1853-54_8__01,Om riksdagstrycket,adel,1853,1853,https://weburn.kb.se/riks/ståndsriksdagen/xml/roa_1853-54_8_/roa_1853-54_8__01.xml,https://weburn.kb.se/riks/ståndsriksdagen/pdf/roa_1853-54_8_/roa_1853-54_8__01.pdf,https://weburn.kb.se/riks/metadata/18/21799618.html,1853
roa_1853-54_8__02,Om riksdagstrycket,adel,1853,1853,https://weburn.kb.se/riks/ståndsriksdagen/xml/roa_1853-54_8_/roa_1853-54_8__02.xml,https://weburn.kb.se/riks/ståndsriksdagen/pdf/roa_1853-54_8_/roa_1853-54_8__02.pdf,https://weburn.kb.se/riks/metadata/18/21799618.html,1853
bg_1853-54_2__01,Om riksdagstrycket,borgare,1853,1853,https://weburn.kb.se/riks/ståndsriksdagen/xml/bg_1853-54_2_/bg_1853-54_2__01.xml,https://weburn.kb.se/riks/ståndsriksdagen/pdf/bg_1853-54_2_/bg_1853-54_2__01.pdf,https://weburn.kb.se/riks/metadata/64/21797964.html,1853
bg_1853-54_2__02,Om riksdagstrycket,borgare,1853,1853,https://weburn.kb.se/riks/ståndsriksdagen/xml/bg_1853-54_2_/bg_1853-54_2__02.xml,https://weburn.kb.se/riks/ståndsriksdagen/pdf/bg_1853-54_2_/bg_1853-54_2__02.pdf,https://weburn.kb.se/riks/metadata/64/21797964.html,1853
bg_1853-54_5__01,Om riksdagstrycket,borgare,1853,1853,https://weburn.kb.se/riks/ståndsriksdagen/xml/bg_1853-54_5_/bg_1853-54_5__01.xml,https://weburn.kb.se/riks/ståndsriksdagen/pdf/bg_1853-54_5_/bg_1853-54_5__01.pdf,https://weburn.kb.se/riks/metadata/69/21797969.html,1853
bg_1853-54_5__02,Om riksdagstrycket,borgare,1853,1853,https://weburn.kb.se/riks/ståndsriksdagen/xml/bg_1853-54_5_/bg_1853-54_5__02.xml,https://weburn.kb.se/riks/ståndsriksdagen/pdf/bg_1853-54_5_/bg_1853-54_5__02.pdf,https://weburn.kb.se/riks/metadata/69/21797969.html,1853
bg_1853-54_4__01,Om riksdagstrycket,borgare,1853,1853,https://weburn.kb.se/riks/ståndsriksdagen/xml/bg_1853-54_4_/bg_1853-54_4__01.xml,https://weburn.kb.se/riks/ståndsriksdagen/pdf/bg_1853-54_4_/bg_1853-54_4__01.pdf,https://weburn.kb.se/riks/metadata/67/21797967.html,1853
bg_1853-54_4__02,Om riksdagstrycket,borgare,1853,1853,https://weburn.kb.se/riks/ståndsriksdagen/xml/bg_1853-54_4_/bg_1853-54_4__02.xml,https://weburn.kb.se/riks/ståndsriksdagen/pdf/bg_1853-54_4_/bg_1853-54_4__02.pdf,https://weburn.kb.se/riks/metadata/67/21797967.html,1853
bg_1853-54_4__03,Om riksdagstrycket,borgare,1853,1853,https://weburn.kb.se/riks/ståndsriksdagen/xml/bg_1853-54_4_/bg_1853-54_4__03.xml,https://weburn.kb.se/riks/ståndsriksdagen/pdf/bg_1853-54_4_/bg_1853-54_4__03.pdf,https://weburn.kb.se/riks/metadata/67/21797967.html,1853
bg_1853-54_1__01,Om riksdagstrycket,borgare,1853,1853,https://weburn.kb.se/riks/ståndsriksdagen/xml/bg_1853-54_1_/bg_1853-54_1__01.xml,https://weburn.kb.se/riks/ståndsriksdagen/pdf/bg_1853-54_1_/bg_1853-54_1__01.pdf,https://weburn.kb.se/riks/metadata/62/21797962.html,1853
bg_1853-54_1__02,Om riksdagstrycket,borgare,1853,1853,https://weburn.kb.se/riks/ståndsriksdagen/xml/bg_1853-54_1_/bg_1853-54_1__02.xml,https://weburn.kb.se/riks/ståndsriksdagen/pdf/bg_1853-54_1_/bg_1853-54_1__02.pdf,https://weburn.kb.se/riks/metadata/62/21797962.html,1853
bg_1853-54_6__01,Om riksdagstrycket,borgare,1853,1853,https://weburn.kb.se/riks/ståndsriksdagen/xml/bg_1853-54_6_/bg_1853-54_6__01.xml,https://weburn.kb.se/riks/ståndsriksdagen/pdf/bg_1853-54_6_/bg_1853-54_6__01.pdf,https://weburn.kb.se/riks/metadata/70/21797970.html,1853
bg_1853-54_6__02,Om riksdagstrycket,borgare,1853,1853,https://weburn.kb.se/riks/ståndsriksdagen/xml/bg_1853-54_6_/bg_1853-54_6__02.xml,https://weburn.kb.se/riks/ståndsriksdagen/pdf/bg_1853-54_6_/bg_1853-54_6__02.pdf,https://weburn.kb.se/riks/metadata/70/21797970.html,1853
bg_1853-54_6__03,Om riksdagstrycket,borgare,1853,1853,https://weburn.kb.se/riks/ståndsriksdagen/xml/bg_1853-54_6_/bg_1853-54_6__03.xml,https://weburn.kb.se/riks/ståndsriksdagen/pdf/bg_1853-54_6_/bg_1853-54_6__03.pdf,https://weburn.kb.se/riks/metadata/70/21797970.html,1853
bg_1853-54_6__04,Om riksdagstrycket,borgare,1853,1853,https://weburn.kb.se/riks/ståndsriksdagen/xml/bg_1853-54_6_/bg_1853-54_6__04.xml,https://weburn.kb.se/riks/ståndsriksdagen/pdf/bg_1853-54_6_/bg_1853-54_6__04.pdf,https://weburn.kb.se/riks/metadata/70/21797970.html,1853
bg_1853-54_3__01,Om riksdagstrycket,borgare,1853,1853,https://weburn.kb.se/riks/ståndsriksdagen/xml/bg_1853-54_3_/bg_1853-54_3__01.xml,https://weburn.kb.se/riks/ståndsriksdagen/pdf/bg_1853-54_3_/bg_1853-54_3__01.pdf,https://weburn.kb.se/riks/metadata/65/21797965.html,1853
bg_1853-54_3__02,Om riksdagstrycket,borgare,1853,1853,https://weburn.kb.se/riks/ståndsriksdagen/xml/bg_1853-54_3_/bg_1853-54_3__02.xml,https://weburn.kb.se/riks/ståndsriksdagen/pdf/bg_1853-54_3_/bg_1853-54_3__02.pdf,https://weburn.kb.se/riks/metadata/65/21797965.html,1853
bn_1853-54_reg__01,Om riksdagstrycket,bonder,1853,1853,https://weburn.kb.se/riks/ståndsriksdagen/xml/bn_1853-54_reg_/bn_1853-54_reg__01.xml,https://weburn.kb.se/riks/ståndsriksdagen/pdf/bn_1853-54_reg_/bn_1853-54_reg__01.pdf,https://weburn.kb.se/riks/metadata/58/21798858.html,1853
bn_1853-54_reg__02,Om riksdagstrycket,bonder,1853,1853,https://weburn.kb.se/riks/ståndsriksdagen/xml/bn_1853-54_reg_/bn_1853-54_reg__02.xml,https://weburn.kb.se/riks/ståndsriksdagen/pdf/bn_1853-54_reg_/bn_1853-54_reg__02.pdf,https://weburn.kb.se/riks/metadata/58/21798858.html,1853
bn_1853-54_reg__03,Om riksdagstrycket,bonder,1853,1853,https://weburn.kb.se/riks/ståndsriksdagen/xml/bn_1853-54_reg_/bn_1853-54_reg__03.xml,https://weburn.kb.se/riks/ståndsriksdagen/pdf/bn_1853-54_reg_/bn_1853-54_reg__03.pdf,https://weburn.kb.se/riks/metadata/58/21798858.html,1853
bn_1853-54_reg__04,Om riksdagstrycket,bonder,1853,1853,https://weburn.kb.se/riks/ståndsriksdagen/xml/bn_1853-54_reg_/bn_1853-54_reg__04.xml,https://weburn.kb.se/riks/ståndsriksdagen/pdf/bn_1853-54_reg_/bn_1853-54_reg__04.pdf,https://weburn.kb.se/riks/metadata/58/21798858.html,1853
roa_1853-54_16_reg_,Om riksdagstrycket,adel,1853,1853,https://weburn.kb.se/riks/ståndsriksdagen/xml/roa_1853-54_16_reg_/roa_1853-54_16_reg_.xml,https://weburn.kb.se/riks/ståndsriksdagen/pdf/roa_1853-54_16_reg_/roa_1853-54_16_reg_.pdf,https://weburn.kb.se/riks/metadata/98/21799598.html,1853
pr_1853-54_10_suppl_,Om riksdagstrycket,praster,1853,1853,https://weburn.kb.se/riks/ståndsriksdagen/xml/pr_1853-54_10_suppl_/pr_1853-54_10_suppl_.xml,https://weburn.kb.se/riks/ståndsriksdagen/pdf/pr_1853-54_10_suppl_/pr_1853-54_10_suppl_.pdf,https://weburn.kb.se/riks/metadata/18/21799118.html,1853
bg_1853-54_8_reg_,Om riksdagstrycket,borgare,1853,1853,https://weburn.kb.se/riks/ståndsriksdagen/xml/bg_1853-54_8_reg_/bg_1853-54_8_reg_.xml,https://weburn.kb.se/riks/ståndsriksdagen/pdf/bg_1853-54_8_reg_/bg_1853-54_8_reg_.pdf,https://weburn.kb.se/riks/metadata/73/21797973.html,1853
pr_1853-54_11_reg_,Om riksdagstrycket,praster,1853,1853,https://weburn.kb.se/riks/ståndsriksdagen/xml/pr_1853-54_11_reg_/pr_1853-54_11_reg_.xml,https://weburn.kb.se/riks/ståndsriksdagen/pdf/pr_1853-54_11_reg_/pr_1853-54_11_reg_.pdf,https://weburn.kb.se/riks/metadata/19/21799119.html,1853
bih_1856-58_reg_,Om riksdagstrycket,bihang,1856,1856,https://weburn.kb.se/riks/ståndsriksdagen/xml/bih_1856-58_reg_/bih_1856-58_reg_.xml,https://weburn.kb.se/riks/ståndsriksdagen/pdf/bih_1856-58_reg_/bih_1856-58_reg_.pdf,https://weburn.kb.se/riks/metadata/58/21798558.html,1856
bih_1856-58_2-1-1_,Om riksdagstrycket,bihang,1856,1856,https://weburn.kb.se/riks/ståndsriksdagen/xml/bih_1856-58_2-1-1_/bih_1856-58_2-1-1_.xml,https://weburn.kb.se/riks/ståndsriksdagen/pdf/bih_1856-58_2-1-1_/bih_1856-58_2-1-1_.pdf,https://weburn.kb.se/riks/metadata/38/21798538.html,1856
bih_1856-58_2-1-1__01,Om riksdagstrycket,bihang,1856,1856,https://weburn.kb.se/riks/ståndsriksdagen/xml/bih_1856-58_2-1-1_/bih_1856-58_2-1-1__01.xml,https://weburn.kb.se/riks/ståndsriksdagen/pdf/bih_1856-58_2-1-1_/bih_1856-58_2-1-1__01.pdf,https://weburn.kb.se/riks/metadata/38/21798538.html,1856
bih_1856-58_2-1-1__02,Om riksdagstrycket,bihang,1856,1856,https://weburn.kb.se/riks/ståndsriksdagen/xml/bih_1856-58_2-1-1_/bih_1856-58_2-1-1__02.xml,https://weburn.kb.se/riks/ståndsriksdagen/pdf/bih_1856-58_2-1-1_/bih_1856-58_2-1-1__02.pdf,https://weburn.kb.se/riks/metadata/38/21798538.html,1856
bih_1856-58_2-1-2_,Om riksdagstrycket,bihang,1856,1856,https://weburn.kb.se/riks/ståndsriksdagen/xml/bih_1856-58_2-1-2_/bih_1856-58_2-1-2_.xml,https://weburn.kb.se/riks/ståndsriksdagen/pdf/bih_1856-58_2-1-2_/bih_1856-58_2-1-2_.pdf,https://weburn.kb.se/riks/metadata/39/21798539.html,1856
bih_1856-58_2-2-2__01,Om riksdagstrycket,bihang,1856,1856,https://weburn.kb.se/riks/ståndsriksdagen/xml/bih_1856-58_2-2-2_/bih_1856-58_2-2-2__01.xml,https://weburn.kb.se/riks/ståndsriksdagen/pdf/bih_1856-58_2-2-2_/bih_1856-58_2-2-2__01.pdf,https://weburn.kb.se/riks/metadata/41/21798541.html,1856
bih_1856-58_2-2-2__02,Om riksdagstrycket,bihang,1856,1856,https://weburn.kb.se/riks/ståndsriksdagen/xml/bih_1856-58_2-2-2_/bih_1856-58_2-2-2__02.xml,https://weburn.kb.se/riks/ståndsriksdagen/pdf/bih_1856-58_2-2-2_/bih_1856-58_2-2-2__02.pdf,https://weburn.kb.se/riks/metadata/41/21798541.html,1856
bih_1856-58_2-2-1__01,Om riksdagstrycket,bihang,1856,1856,https://weburn.kb.se/riks/ståndsriksdagen/xml/bih_1856-58_2-2-1_/bih_1856-58_2-2-1__01.xml,https://weburn.kb.se/riks/ståndsriksdagen/pdf/bih_1856-58_2-2-1_/bih_1856-58_2-2-1__01.pdf,https://weburn.kb.se/riks/metadata/40/21798540.html,1856
bih_1856-58_2-2-1__02,Om riksdagstrycket,bihang,1856,1856,https://weburn.kb.se/riks/ståndsriksdagen/xml/bih_1856-58_2-2-1_/bih_1856-58_2-2-1__02.xml,https://weburn.kb.se/riks/ståndsriksdagen/pdf/bih_1856-58_2-2-1_/bih_1856-58_2-2-1__02.pdf,https://weburn.kb.se/riks/metadata/40/21798540.html,1856
bih_1856-58_4-1-2__01,Om riksdagstrycket,bihang,1856,1856,https://weburn.kb.se/riks/ståndsriksdagen/xml/bih_1856-58_4-1-2_/bih_1856-58_4-1-2__01.xml,https://weburn.kb.se/riks/ståndsriksdagen/pdf/bih_1856-58_4-1-2_/bih_1856-58_4-1-2__01.pdf,https://weburn.kb.se/riks/metadata/45/21798545.html,1856
bih_1856-58_4-1-2__02,Om riksdagstrycket,bihang,1856,1856,https://weburn.kb.se/riks/ståndsriksdagen/xml/bih_1856-58_4-1-2_/bih_1856-58_4-1-2__02.xml,https://weburn.kb.se/riks/ståndsriksdagen/pdf/bih_1856-58_4-1-2_/bih_1856-58_4-1-2__02.pdf,https://weburn.kb.se/riks/metadata/45/21798545.html,1856
bih_1856-58_4-1-2__03,Om riksdagstrycket,bihang,1856,1856,https://weburn.kb.se/riks/ståndsriksdagen/xml/bih_1856-58_4-1-2_/bih_1856-58_4-1-2__03.xml,https://weburn.kb.se/riks/ståndsriksdagen/pdf/bih_1856-58_4-1-2_/bih_1856-58_4-1-2__03.pdf,https://weburn.kb.se/riks/metadata/45/21798545.html,1856
bih_1856-58_4-1-1__01,Om riksdagstrycket,bihang,1856,1856,https://weburn.kb.se/riks/ståndsriksdagen/xml/bih_1856-58_4-1-1_/bih_1856-58_4-1-1__01.xml,https://weburn.kb.se/riks/ståndsriksdagen/pdf/bih_1856-58_4-1-1_/bih_1856-58_4-1-1__01.pdf,https://weburn.kb.se/riks/metadata/43/21798543.html,1856
bih_1856-58_4-1-1__02,Om riksdagstrycket,bihang,1856,1856,https://weburn.kb.se/riks/ståndsriksdagen/xml/bih_1856-58_4-1-1_/bih_1856-58_4-1-1__02.xml,https://weburn.kb.se/riks/ståndsriksdagen/pdf/bih_1856-58_4-1-1_/bih_1856-58_4-1-1__02.pdf,https://weburn.kb.se/riks/metadata/43/21798543.html,1856
bih_1856-58_4-1-1__03,Om riksdagstrycket,bihang,1856,1856,https://weburn.kb.se/riks/ståndsriksdagen/xml/bih_1856-58_4-1-1_/bih_1856-58_4-1-1__03.xml,https://weburn.kb.se/riks/ståndsriksdagen/pdf/bih_1856-58_4-1-1_/bih_1856-58_4-1-1__03.pdf,https://weburn.kb.se/riks/metadata/43/21798543.html,1856
bih_1856-58_1-1-1__01,Om riksdagstrycket,bihang,1856,1856,https://weburn.kb.se/riks/ståndsriksdagen/xml/bih_1856-58_1-1-1_/bih_1856-58_1-1-1__01.xml,https://weburn.kb.se/riks/ståndsriksdagen/pdf/bih_1856-58_1-1-1_/bih_1856-58_1-1-1__01.pdf,https://weburn.kb.se/riks/metadata/36/21798536.html,1856
bih_1856-58_1-1-1__02,Om riksdagstrycket,bihang,1856,1856,https://weburn.kb.se/riks/ståndsriksdagen/xml/bih_1856-58_1-1-1_/bih_1856-58_1-1-1__02.xml,https://weburn.kb.se/riks/ståndsriksdagen/pdf/bih_1856-58_1-1-1_/bih_1856-58_1-1-1__02.pdf,https://weburn.kb.se/riks/metadata/36/21798536.html,1856
bih_1856-58_1-1-1__03,Om riksdagstrycket,bihang,1856,1856,https://weburn.kb.se/riks/ståndsriksdagen/xml/bih_1856-58_1-1-1_/bih_1856-58_1-1-1__03.xml,https://weburn.kb.se/riks/ståndsriksdagen/pdf/bih_1856-58_1-1-1_/bih_1856-58_1-1-1__03.pdf,https://weburn.kb.se/riks/metadata/36/21798536.html,1856
bih_1856-58_1-1-1__04,Om riksdagstrycket,bihang,1856,1856,https://weburn.kb.se/riks/ståndsriksdagen/xml/bih_1856-58_1-1-1_/bih_1856-58_1-1-1__04.xml,https://weburn.kb.se/riks/ståndsriksdagen/pdf/bih_1856-58_1-1-1_/bih_1856-58_1-1-1__04.pdf,https://weburn.kb.se/riks/metadata/36/21798536.html,1856
bih_1856-58_5-1_2__01,Om riksdagstrycket,bihang,1856,1856,https://weburn.kb.se/riks/ståndsriksdagen/xml/bih_1856-58_5-1_2_/bih_1856-58_5-1_2__01.xml,https://weburn.kb.se/riks/ståndsriksdagen/pdf/bih_1856-58_5-1_2_/bih_1856-58_5-1_2__01.pdf,https://weburn.kb.se/riks/metadata/49/21798549.html,1856
bih_1856-58_5-1_2__02,Om riksdagstrycket,bihang,1856,1856,https://weburn.kb.se/riks/ståndsriksdagen/xml/bih_1856-58_5-1_2_/bih_1856-58_5-1_2__02.xml,https://weburn.kb.se/riks/ståndsriksdagen/pdf/bih_1856-58_5-1_2_/bih_1856-58_5-1_2__02.pdf,https://weburn.kb.se/riks/metadata/49/21798549.html,1856
bih_1856-58_5-1_2__03,Om riksdagstrycket,bihang,1856,1856,https://weburn.kb.se/riks/ståndsriksdagen/xml/bih_1856-58_5-1_2_/bih_1856-58_5-1_2__03.xml,https://weburn.kb.se/riks/ståndsriksdagen/pdf/bih_1856-58_5-1_2_/bih_1856-58_5-1_2__03.pdf,https://weburn.kb.se/riks/metadata/50/21798550.html,1856
bih_1856-58_4-1-4__01,Om riksdagstrycket,bihang,1856,1856,https://weburn.kb.se/riks/ståndsriksdagen/xml/bih_1856-58_4-1-4_/bih_1856-58_4-1-4__01.xml,https://weburn.kb.se/riks/ståndsriksdagen/pdf/bih_1856-58_4-1-4_/bih_1856-58_4-1-4__01.pdf,https://weburn.kb.se/riks/metadata/47/21798547.html,1856
bih_1856-58_4-1-4__02,Om riksdagstrycket,bihang,1856,1856,https://weburn.kb.se/riks/ståndsriksdagen/xml/bih_1856-58_4-1-4_/bih_1856-58_4-1-4__02.xml,https://weburn.kb.se/riks/ståndsriksdagen/pdf/bih_1856-58_4-1-4_/bih_1856-58_4-1-4__02.pdf,https://weburn.kb.se/riks/metadata/47/21798547.html,1856
bih_1856-58_4-1-2_3__01,Om riksdagstrycket,bihang,1856,1856,https://weburn.kb.se/riks/ståndsriksdagen/xml/bih_1856-58_4-1-2_3_/bih_1856-58_4-1-2_3__01.xml,https://weburn.kb.se/riks/ståndsriksdagen/pdf/bih_1856-58_4-1-2_3_/bih_1856-58_4-1-2_3__01.pdf,https://weburn.kb.se/riks/metadata/46/21798546.html,1856
bih_1856-58_4-1-2_3__02,Om riksdagstrycket,bihang,1856,1856,https://weburn.kb.se/riks/ståndsriksdagen/xml/bih_1856-58_4-1-2_3_/bih_1856-58_4-1-2_3__02.xml,https://weburn.kb.se/riks/ståndsriksdagen/pdf/bih_1856-58_4-1-2_3_/bih_1856-58_4-1-2_3__02.pdf,https://weburn.kb.se/riks/metadata/46/21798546.html,1856
bih_1856-58_4-1-2_3__03,Om riksdagstrycket,bihang,1856,1856,https://weburn.kb.se/riks/ståndsriksdagen/xml/bih_1856-58_4-1-2_3_/bih_1856-58_4-1-2_3__03.xml,https://weburn.kb.se/riks/ståndsriksdagen/pdf/bih_1856-58_4-1-2_3_/bih_1856-58_4-1-2_3__03.pdf,https://weburn.kb.se/riks/metadata/46/21798546.html,1856
bih_1856-58_4-2_,Om riksdagstrycket,bihang,1856,1856,https://weburn.kb.se/riks/ståndsriksdagen/xml/bih_1856-58_4-2_/bih_1856-58_4-2_.xml,https://weburn.kb.se/riks/ståndsriksdagen/pdf/bih_1856-58_4-2_/bih_1856-58_4-2_.pdf,https://weburn.kb.se/riks/metadata/48/21798548.html,1856
bih_1856-58_9__01,Om riksdagstrycket,bihang,1856,1856,https://weburn.kb.se/riks/ståndsriksdagen/xml/bih_1856-58_9_/bih_1856-58_9__01.xml,https://weburn.kb.se/riks/ståndsriksdagen/pdf/bih_1856-58_9_/bih_1856-58_9__01.pdf,https://weburn.kb.se/riks/metadata/57/21798557.html,1856
bih_1856-58_9__02,Om riksdagstrycket,bihang,1856,1856,https://weburn.kb.se/riks/ståndsriksdagen/xml/bih_1856-58_9_/bih_1856-58_9__02.xml,https://weburn.kb.se/riks/ståndsriksdagen/pdf/bih_1856-58_9_/bih_1856-58_9__02.pdf,https://weburn.kb.se/riks/metadata/57/21798557.html,1856
bih_1856-58_9__03,Om riksdagstrycket,bihang,1856,1856,https://weburn.kb.se/riks/ståndsriksdagen/xml/bih_1856-58_9_/bih_1856-58_9__03.xml,https://weburn.kb.se/riks/ståndsriksdagen/pdf/bih_1856-58_9_/bih_1856-58_9__03.pdf,https://weburn.kb.se/riks/metadata/57/21798557.html,1856
bih_1856-58_6-1_2__01,Om riksdagstrycket,bihang,1856,1856,https://weburn.kb.se/riks/ståndsriksdagen/xml/bih_1856-58_6-1_2_/bih_1856-58_6-1_2__01.xml,https://weburn.kb.se/riks/ståndsriksdagen/pdf/bih_1856-58_6-1_2_/bih_1856-58_6-1_2__01.pdf,https://weburn.kb.se/riks/metadata/52/21798552.html,1856
bih_1856-58_6-1_2__02,Om riksdagstrycket,bihang,1856,1856,https://weburn.kb.se/riks/ståndsriksdagen/xml/bih_1856-58_6-1_2_/bih_1856-58_6-1_2__02.xml,https://weburn.kb.se/riks/ståndsriksdagen/pdf/bih_1856-58_6-1_2_/bih_1856-58_6-1_2__02.pdf,https://weburn.kb.se/riks/metadata/52/21798552.html,1856
bih_1856-58_6-1_2__03,Om riksdagstrycket,bihang,1856,1856,https://weburn.kb.se/riks/ståndsriksdagen/xml/bih_1856-58_6-1_2_/bih_1856-58_6-1_2__03.xml,https://weburn.kb.se/riks/ståndsriksdagen/pdf/bih_1856-58_6-1_2_/bih_1856-58_6-1_2__03.pdf,https://weburn.kb.se/riks/metadata/53/21798553.html,1856
bih_1856-58_7-1_2__01,Om riksdagstrycket,bihang,1856,1856,https://weburn.kb.se/riks/ståndsriksdagen/xml/bih_1856-58_7-1_2_/bih_1856-58_7-1_2__01.xml,https://weburn.kb.se/riks/ståndsriksdagen/pdf/bih_1856-58_7-1_2_/bih_1856-58_7-1_2__01.pdf,https://weburn.kb.se/riks/metadata/54/21798554.html,1856
bih_1856-58_7-1_2__02,Om riksdagstrycket,bihang,1856,1856,https://weburn.kb.se/riks/ståndsriksdagen/xml/bih_1856-58_7-1_2_/bih_1856-58_7-1_2__02.xml,https://weburn.kb.se/riks/ståndsriksdagen/pdf/bih_1856-58_7-1_2_/bih_1856-58_7-1_2__02.pdf,https://weburn.kb.se/riks/metadata/54/21798554.html,1856
bih_1856-58_7-1_2__03,Om riksdagstrycket,bihang,1856,1856,https://weburn.kb.se/riks/ståndsriksdagen/xml/bih_1856-58_7-1_2_/bih_1856-58_7-1_2__03.xml,https://weburn.kb.se/riks/ståndsriksdagen/pdf/bih_1856-58_7-1_2_/bih_1856-58_7-1_2__03.pdf,https://weburn.kb.se/riks/metadata/55/21798555.html,1856
bih_1856-58_10-1-2_,Om riksdagstrycket,bihang,1856,1856,https://weburn.kb.se/riks/ståndsriksdagen/xml/bih_1856-58_10-1-2_/bih_1856-58_10-1-2_.xml,https://weburn.kb.se/riks/ståndsriksdagen/pdf/bih_1856-58_10-1-2_/bih_1856-58_10-1-2_.pdf,https://weburn.kb.se/riks/metadata/32/21798532.html,1856
bih_1856-58_suppl_,Om riksdagstrycket,bihang,1856,1856,https://weburn.kb.se/riks/ståndsriksdagen/xml/bih_1856-58_suppl_/bih_1856-58_suppl_.xml,https://weburn.kb.se/riks/ståndsriksdagen/pdf/bih_1856-58_suppl_/bih_1856-58_suppl_.pdf,https://weburn.kb.se/riks/metadata/59/21798559.html,1856
bih_1856-58_10-1-1__01,Om riksdagstrycket,bihang,1856,1856,https://weburn.kb.se/riks/ståndsriksdagen/xml/bih_1856-58_10-1-1_/bih_1856-58_10-1-1__01.xml,https://weburn.kb.se/riks/ståndsriksdagen/pdf/bih_1856-58_10-1-1_/bih_1856-58_10-1-1__01.pdf,https://weburn.kb.se/riks/metadata/31/21798531.html,1856
bih_1856-58_10-1-1__02,Om riksdagstrycket,bihang,1856,1856,https://weburn.kb.se/riks/ståndsriksdagen/xml/bih_1856-58_10-1-1_/bih_1856-58_10-1-1__02.xml,https://weburn.kb.se/riks/ståndsriksdagen/pdf/bih_1856-58_10-1-1_/bih_1856-58_10-1-1__02.pdf,https://weburn.kb.se/riks/metadata/31/21798531.html,1856
bih_1856-58_10-1-1__03,Om riksdagstrycket,bihang,1856,1856,https://weburn.kb.se/riks/ståndsriksdagen/xml/bih_1856-58_10-1-1_/bih_1856-58_10-1-1__03.xml,https://weburn.kb.se/riks/ståndsriksdagen/pdf/bih_1856-58_10-1-1_/bih_1856-58_10-1-1__03.pdf,https://weburn.kb.se/riks/metadata/31/21798531.html,1856
bih_1856-58_10-1-3__01,Om riksdagstrycket,bihang,1856,1856,https://weburn.kb.se/riks/ståndsriksdagen/xml/bih_1856-58_10-1-3_/bih_1856-58_10-1-3__01.xml,https://weburn.kb.se/riks/ståndsriksdagen/pdf/bih_1856-58_10-1-3_/bih_1856-58_10-1-3__01.pdf,https://weburn.kb.se/riks/metadata/33/21798533.html,1856
bih_1856-58_10-1-3__02,Om riksdagstrycket,bihang,1856,1856,https://weburn.kb.se/riks/ståndsriksdagen/xml/bih_1856-58_10-1-3_/bih_1856-58_10-1-3__02.xml,https://weburn.kb.se/riks/ståndsriksdagen/pdf/bih_1856-58_10-1-3_/bih_1856-58_10-1-3__02.pdf,https://weburn.kb.se/riks/metadata/33/21798533.html,1856
bih_1856-58_3__01,Om riksdagstrycket,bihang,1856,1856,https://weburn.kb.se/riks/ståndsriksdagen/xml/bih_1856-58_3_/bih_1856-58_3__01.xml,https://weburn.kb.se/riks/ståndsriksdagen/pdf/bih_1856-58_3_/bih_1856-58_3__01.pdf,https://weburn.kb.se/riks/metadata/42/21798542.html,1856
bih_1856-58_3__02,Om riksdagstrycket,bihang,1856,1856,https://weburn.kb.se/riks/ståndsriksdagen/xml/bih_1856-58_3_/bih_1856-58_3__02.xml,https://weburn.kb.se/riks/ståndsriksdagen/pdf/bih_1856-58_3_/bih_1856-58_3__02.pdf,https://weburn.kb.se/riks/metadata/42/21798542.html,1856
bih_1856-58_8__01,Om riksdagstrycket,bihang,1856,1856,https://weburn.kb.se/riks/ståndsriksdagen/xml/bih_1856-58_8_/bih_1856-58_8__01.xml,https://weburn.kb.se/riks/ståndsriksdagen/pdf/bih_1856-58_8_/bih_1856-58_8__01.pdf,https://weburn.kb.se/riks/metadata/56/21798556.html,1856
bih_1856-58_8__02,Om riksdagstrycket,bihang,1856,1856,https://weburn.kb.se/riks/ståndsriksdagen/xml/bih_1856-58_8_/bih_1856-58_8__02.xml,https://weburn.kb.se/riks/ståndsriksdagen/pdf/bih_1856-58_8_/bih_1856-58_8__02.pdf,https://weburn.kb.se/riks/metadata/56/21798556.html,1856
bih_1856-58_1-1_2-2__01,Om riksdagstrycket,bihang,1856,1856,https://weburn.kb.se/riks/ståndsriksdagen/xml/bih_1856-58_1-1_2-2_/bih_1856-58_1-1_2-2__01.xml,https://weburn.kb.se/riks/ståndsriksdagen/pdf/bih_1856-58_1-1_2-2_/bih_1856-58_1-1_2-2__01.pdf,https://weburn.kb.se/riks/metadata/35/21798535.html,1856
bih_1856-58_1-1_2-2__02,Om riksdagstrycket,bihang,1856,1856,https://weburn.kb.se/riks/ståndsriksdagen/xml/bih_1856-58_1-1_2-2_/bih_1856-58_1-1_2-2__02.xml,https://weburn.kb.se/riks/ståndsriksdagen/pdf/bih_1856-58_1-1_2-2_/bih_1856-58_1-1_2-2__02.pdf,https://weburn.kb.se/riks/metadata/35/21798535.html,1856
bih_1856-58_1-1_2-2__03,Om riksdagstrycket,bihang,1856,1856,https://weburn.kb.se/riks/ståndsriksdagen/xml/bih_1856-58_1-1_2-2_/bih_1856-58_1-1_2-2__03.xml,https://weburn.kb.se/riks/ståndsriksdagen/pdf/bih_1856-58_1-1_2-2_/bih_1856-58_1-1_2-2__03.pdf,https://weburn.kb.se/riks/metadata/35/21798535.html,1856
bg_1856-58_bil_,Om riksdagstrycket,borgare,1856,1856,https://weburn.kb.se/riks/ståndsriksdagen/xml/bg_1856-58_bil_/bg_1856-58_bil_.xml,https://weburn.kb.se/riks/ståndsriksdagen/pdf/bg_1856-58_bil_/bg_1856-58_bil_.pdf,https://weburn.kb.se/riks/metadata/82/21797982.html,1856
bn_1856-58_2__01,Om riksdagstrycket,bonder,1856,1856,https://weburn.kb.se/riks/ståndsriksdagen/xml/bn_1856-58_2_/bn_1856-58_2__01.xml,https://weburn.kb.se/riks/ståndsriksdagen/pdf/bn_1856-58_2_/bn_1856-58_2__01.pdf,https://weburn.kb.se/riks/metadata/60/21798860.html,1856
bn_1856-58_2__02,Om riksdagstrycket,bonder,1856,1856,https://weburn.kb.se/riks/ståndsriksdagen/xml/bn_1856-58_2_/bn_1856-58_2__02.xml,https://weburn.kb.se/riks/ståndsriksdagen/pdf/bn_1856-58_2_/bn_1856-58_2__02.pdf,https://weburn.kb.se/riks/metadata/60/21798860.html,1856
bn_1856-58_5__01,Om riksdagstrycket,bonder,1856,1856,https://weburn.kb.se/riks/ståndsriksdagen/xml/bn_1856-58_5_/bn_1856-58_5__01.xml,https://weburn.kb.se/riks/ståndsriksdagen/pdf/bn_1856-58_5_/bn_1856-58_5__01.pdf,https://weburn.kb.se/riks/metadata/63/21798863.html,1856
bn_1856-58_5__02,Om riksdagstrycket,bonder,1856,1856,https://weburn.kb.se/riks/ståndsriksdagen/xml/bn_1856-58_5_/bn_1856-58_5__02.xml,https://weburn.kb.se/riks/ståndsriksdagen/pdf/bn_1856-58_5_/bn_1856-58_5__02.pdf,https://weburn.kb.se/riks/metadata/63/21798863.html,1856
bn_1856-58_4__01,Om riksdagstrycket,bonder,1856,1856,https://weburn.kb.se/riks/ståndsriksdagen/xml/bn_1856-58_4_/bn_1856-58_4__01.xml,https://weburn.kb.se/riks/ståndsriksdagen/pdf/bn_1856-58_4_/bn_1856-58_4__01.pdf,https://weburn.kb.se/riks/metadata/62/21798862.html,1856
bn_1856-58_4__02,Om riksdagstrycket,bonder,1856,1856,https://weburn.kb.se/riks/ståndsriksdagen/xml/bn_1856-58_4_/bn_1856-58_4__02.xml,https://weburn.kb.se/riks/ståndsriksdagen/pdf/bn_1856-58_4_/bn_1856-58_4__02.pdf,https://weburn.kb.se/riks/metadata/62/21798862.html,1856
bn_1856-58_1__01,Om riksdagstrycket,bonder,1856,1856,https://weburn.kb.se/riks/ståndsriksdagen/xml/bn_1856-58_1_/bn_1856-58_1__01.xml,https://weburn.kb.se/riks/ståndsriksdagen/pdf/bn_1856-58_1_/bn_1856-58_1__01.pdf,https://weburn.kb.se/riks/metadata/59/21798859.html,1856
bn_1856-58_1__02,Om riksdagstrycket,bonder,1856,1856,https://weburn.kb.se/riks/ståndsriksdagen/xml/bn_1856-58_1_/bn_1856-58_1__02.xml,https://weburn.kb.se/riks/ståndsriksdagen/pdf/bn_1856-58_1_/bn_1856-58_1__02.pdf,https://weburn.kb.se/riks/metadata/59/21798859.html,1856
bn_1856-58_6__01,Om riksdagstrycket,bonder,1856,1856,https://weburn.kb.se/riks/ståndsriksdagen/xml/bn_1856-58_6_/bn_1856-58_6__01.xml,https://weburn.kb.se/riks/ståndsriksdagen/pdf/bn_1856-58_6_/bn_1856-58_6__01.pdf,https://weburn.kb.se/riks/metadata/64/21798864.html,1856
bn_1856-58_6__02,Om riksdagstrycket,bonder,1856,1856,https://weburn.kb.se/riks/ståndsriksdagen/xml/bn_1856-58_6_/bn_1856-58_6__02.xml,https://weburn.kb.se/riks/ståndsriksdagen/pdf/bn_1856-58_6_/bn_1856-58_6__02.pdf,https://weburn.kb.se/riks/metadata/64/21798864.html,1856
bn_1856-58_7__01,Om riksdagstrycket,bonder,1856,1856,https://weburn.kb.se/riks/ståndsriksdagen/xml/bn_1856-58_7_/bn_1856-58_7__01.xml,https://weburn.kb.se/riks/ståndsriksdagen/pdf/bn_1856-58_7_/bn_1856-58_7__01.pdf,https://weburn.kb.se/riks/metadata/65/21798865.html,1856
bn_1856-58_7__02,Om riksdagstrycket,bonder,1856,1856,https://weburn.kb.se/riks/ståndsriksdagen/xml/bn_1856-58_7_/bn_1856-58_7__02.xml,https://weburn.kb.se/riks/ståndsriksdagen/pdf/bn_1856-58_7_/bn_1856-58_7__02.pdf,https://weburn.kb.se/riks/metadata/65/21798865.html,1856
bn_1856-58_3__01,Om riksdagstrycket,bonder,1856,1856,https://weburn.kb.se/riks/ståndsriksdagen/xml/bn_1856-58_3_/bn_1856-58_3__01.xml,https://weburn.kb.se/riks/ståndsriksdagen/pdf/bn_1856-58_3_/bn_1856-58_3__01.pdf,https://weburn.kb.se/riks/metadata/61/21798861.html,1856
bn_1856-58_3__02,Om riksdagstrycket,bonder,1856,1856,https://weburn.kb.se/riks/ståndsriksdagen/xml/bn_1856-58_3_/bn_1856-58_3__02.xml,https://weburn.kb.se/riks/ståndsriksdagen/pdf/bn_1856-58_3_/bn_1856-58_3__02.pdf,https://weburn.kb.se/riks/metadata/61/21798861.html,1856
bn_1856-58_8__01,Om riksdagstrycket,bonder,1856,1856,https://weburn.kb.se/riks/ståndsriksdagen/xml/bn_1856-58_8_/bn_1856-58_8__01.xml,https://weburn.kb.se/riks/ståndsriksdagen/pdf/bn_1856-58_8_/bn_1856-58_8__01.pdf,https://weburn.kb.se/riks/metadata/66/21798866.html,1856
bn_1856-58_8__02,Om riksdagstrycket,bonder,1856,1856,https://weburn.kb.se/riks/ståndsriksdagen/xml/bn_1856-58_8_/bn_1856-58_8__02.xml,https://weburn.kb.se/riks/ståndsriksdagen/pdf/bn_1856-58_8_/bn_1856-58_8__02.pdf,https://weburn.kb.se/riks/metadata/66/21798866.html,1856
bn_1856-58_9_,Om riksdagstrycket,bonder,1856,1856,https://weburn.kb.se/riks/ståndsriksdagen/xml/bn_1856-58_9_/bn_1856-58_9_.xml,https://weburn.kb.se/riks/ståndsriksdagen/pdf/bn_1856-58_9_/bn_1856-58_9_.pdf,https://weburn.kb.se/riks/metadata/67/21798867.html,1856
pr_1856-58_2__01,Om riksdagstrycket,praster,1856,1856,https://weburn.kb.se/riks/ståndsriksdagen/xml/pr_1856-58_2_/pr_1856-58_2__01.xml,https://weburn.kb.se/riks/ståndsriksdagen/pdf/pr_1856-58_2_/pr_1856-58_2__01.pdf,https://weburn.kb.se/riks/metadata/29/21799129.html,1856
pr_1856-58_2__02,Om riksdagstrycket,praster,1856,1856,https://weburn.kb.se/riks/ståndsriksdagen/xml/pr_1856-58_2_/pr_1856-58_2__02.xml,https://weburn.kb.se/riks/ståndsriksdagen/pdf/pr_1856-58_2_/pr_1856-58_2__02.pdf,https://weburn.kb.se/riks/metadata/29/21799129.html,1856
pr_1856-58_5__01,Om riksdagstrycket,praster,1856,1856,https://weburn.kb.se/riks/ståndsriksdagen/xml/pr_1856-58_5_/pr_1856-58_5__01.xml,https://weburn.kb.se/riks/ståndsriksdagen/pdf/pr_1856-58_5_/pr_1856-58_5__01.pdf,https://weburn.kb.se/riks/metadata/32/21799132.html,1856
pr_1856-58_5__02,Om riksdagstrycket,praster,1856,1856,https://weburn.kb.se/riks/ståndsriksdagen/xml/pr_1856-58_5_/pr_1856-58_5__02.xml,https://weburn.kb.se/riks/ståndsriksdagen/pdf/pr_1856-58_5_/pr_1856-58_5__02.pdf,https://weburn.kb.se/riks/metadata/32/21799132.html,1856
pr_1856-58_4__01,Om riksdagstrycket,praster,1856,1856,https://weburn.kb.se/riks/ståndsriksdagen/xml/pr_1856-58_4_/pr_1856-58_4__01.xml,https://weburn.kb.se/riks/ståndsriksdagen/pdf/pr_1856-58_4_/pr_1856-58_4__01.pdf,https://weburn.kb.se/riks/metadata/31/21799131.html,1856
pr_1856-58_4__02,Om riksdagstrycket,praster,1856,1856,https://weburn.kb.se/riks/ståndsriksdagen/xml/pr_1856-58_4_/pr_1856-58_4__02.xml,https://weburn.kb.se/riks/ståndsriksdagen/pdf/pr_1856-58_4_/pr_1856-58_4__02.pdf,https://weburn.kb.se/riks/metadata/31/21799131.html,1856
pr_1856-58_1_,Om riksdagstrycket,praster,1856,1856,https://weburn.kb.se/riks/ståndsriksdagen/xml/pr_1856-58_1_/pr_1856-58_1_.xml,https://weburn.kb.se/riks/ståndsriksdagen/pdf/pr_1856-58_1_/pr_1856-58_1_.pdf,https://weburn.kb.se/riks/metadata/28/21799128.html,1856
pr_1856-58_6__01,Om riksdagstrycket,praster,1856,1856,https://weburn.kb.se/riks/ståndsriksdagen/xml/pr_1856-58_6_/pr_1856-58_6__01.xml,https://weburn.kb.se/riks/ståndsriksdagen/pdf/pr_1856-58_6_/pr_1856-58_6__01.pdf,https://weburn.kb.se/riks/metadata/33/21799133.html,1856
pr_1856-58_6__02,Om riksdagstrycket,praster,1856,1856,https://weburn.kb.se/riks/ståndsriksdagen/xml/pr_1856-58_6_/pr_1856-58_6__02.xml,https://weburn.kb.se/riks/ståndsriksdagen/pdf/pr_1856-58_6_/pr_1856-58_6__02.pdf,https://weburn.kb.se/riks/metadata/33/21799133.html,1856
pr_1856-58_3__01,Om riksdagstrycket,praster,1856,1856,https://weburn.kb.se/riks/ståndsriksdagen/xml/pr_1856-58_3_/pr_1856-58_3__01.xml,https://weburn.kb.se/riks/ståndsriksdagen/pdf/pr_1856-58_3_/pr_1856-58_3__01.pdf,https://weburn.kb.se/riks/metadata/30/21799130.html,1856
pr_1856-58_3__02,Om riksdagstrycket,praster,1856,1856,https://weburn.kb.se/riks/ståndsriksdagen/xml/pr_1856-58_3_/pr_1856-58_3__02.xml,https://weburn.kb.se/riks/ståndsriksdagen/pdf/pr_1856-58_3_/pr_1856-58_3__02.pdf,https://weburn.kb.se/riks/metadata/30/21799130.html,1856
pr_1856-58_9__01,Om riksdagstrycket,praster,1856,1856,https://weburn.kb.se/riks/ståndsriksdagen/xml/pr_1856-58_9_/pr_1856-58_9__01.xml,https://weburn.kb.se/riks/ståndsriksdagen/pdf/pr_1856-58_9_/pr_1856-58_9__01.pdf,https://weburn.kb.se/riks/metadata/36/21799136.html,1856
pr_1856-58_9__02,Om riksdagstrycket,praster,1856,1856,https://weburn.kb.se/riks/ståndsriksdagen/xml/pr_1856-58_9_/pr_1856-58_9__02.xml,https://weburn.kb.se/riks/ståndsriksdagen/pdf/pr_1856-58_9_/pr_1856-58_9__02.pdf,https://weburn.kb.se/riks/metadata/36/21799136.html,1856
pr_1856-58_7__01,Om riksdagstrycket,praster,1856,1856,https://weburn.kb.se/riks/ståndsriksdagen/xml/pr_1856-58_7_/pr_1856-58_7__01.xml,https://weburn.kb.se/riks/ståndsriksdagen/pdf/pr_1856-58_7_/pr_1856-58_7__01.pdf,https://weburn.kb.se/riks/metadata/34/21799134.html,1856
pr_1856-58_7__02,Om riksdagstrycket,praster,1856,1856,https://weburn.kb.se/riks/ståndsriksdagen/xml/pr_1856-58_7_/pr_1856-58_7__02.xml,https://weburn.kb.se/riks/ståndsriksdagen/pdf/pr_1856-58_7_/pr_1856-58_7__02.pdf,https://weburn.kb.se/riks/metadata/34/21799134.html,1856
pr_1856-58_7__03,Om riksdagstrycket,praster,1856,1856,https://weburn.kb.se/riks/ståndsriksdagen/xml/pr_1856-58_7_/pr_1856-58_7__03.xml,https://weburn.kb.se/riks/ståndsriksdagen/pdf/pr_1856-58_7_/pr_1856-58_7__03.pdf,https://weburn.kb.se/riks/metadata/34/21799134.html,1856
pr_1856-58_8__01,Om riksdagstrycket,praster,1856,1856,https://weburn.kb.se/riks/ståndsriksdagen/xml/pr_1856-58_8_/pr_1856-58_8__01.xml,https://weburn.kb.se/riks/ståndsriksdagen/pdf/pr_1856-58_8_/pr_1856-58_8__01.pdf,https://weburn.kb.se/riks/metadata/35/21799135.html,1856
pr_1856-58_8__02,Om riksdagstrycket,praster,1856,1856,https://weburn.kb.se/riks/ståndsriksdagen/xml/pr_1856-58_8_/pr_1856-58_8__02.xml,https://weburn.kb.se/riks/ståndsriksdagen/pdf/pr_1856-58_8_/pr_1856-58_8__02.pdf,https://weburn.kb.se/riks/metadata/35/21799135.html,1856
roa_1856-58_2__01,Om riksdagstrycket,adel,1856,1856,https://weburn.kb.se/riks/ståndsriksdagen/xml/roa_1856-58_2_/roa_1856-58_2__01.xml,https://weburn.kb.se/riks/ståndsriksdagen/pdf/roa_1856-58_2_/roa_1856-58_2__01.pdf,https://weburn.kb.se/riks/metadata/33/21799633.html,1856
roa_1856-58_2__02,Om riksdagstrycket,adel,1856,1856,https://weburn.kb.se/riks/ståndsriksdagen/xml/roa_1856-58_2_/roa_1856-58_2__02.xml,https://weburn.kb.se/riks/ståndsriksdagen/pdf/roa_1856-58_2_/roa_1856-58_2__02.pdf,https://weburn.kb.se/riks/metadata/33/21799633.html,1856
roa_1856-58_2__03,Om riksdagstrycket,adel,1856,1856,https://weburn.kb.se/riks/ståndsriksdagen/xml/roa_1856-58_2_/roa_1856-58_2__03.xml,https://weburn.kb.se/riks/ståndsriksdagen/pdf/roa_1856-58_2_/roa_1856-58_2__03.pdf,https://weburn.kb.se/riks/metadata/33/21799633.html,1856
roa_1856-58_1__01,Om riksdagstrycket,adel,1856,1856,https://weburn.kb.se/riks/ståndsriksdagen/xml/roa_1856-58_1_/roa_1856-58_1__01.xml,https://weburn.kb.se/riks/ståndsriksdagen/pdf/roa_1856-58_1_/roa_1856-58_1__01.pdf,https://weburn.kb.se/riks/metadata/24/21799624.html,1856
roa_1856-58_1__02,Om riksdagstrycket,adel,1856,1856,https://weburn.kb.se/riks/ståndsriksdagen/xml/roa_1856-58_1_/roa_1856-58_1__02.xml,https://weburn.kb.se/riks/ståndsriksdagen/pdf/roa_1856-58_1_/roa_1856-58_1__02.pdf,https://weburn.kb.se/riks/metadata/24/21799624.html,1856
roa_1856-58_11__01,Om riksdagstrycket,adel,1856,1856,https://weburn.kb.se/riks/ståndsriksdagen/xml/roa_1856-58_11_/roa_1856-58_11__01.xml,https://weburn.kb.se/riks/ståndsriksdagen/pdf/roa_1856-58_11_/roa_1856-58_11__01.pdf,https://weburn.kb.se/riks/metadata/30/21799630.html,1856
roa_1856-58_11__02,Om riksdagstrycket,adel,1856,1856,https://weburn.kb.se/riks/ståndsriksdagen/xml/roa_1856-58_11_/roa_1856-58_11__02.xml,https://weburn.kb.se/riks/ståndsriksdagen/pdf/roa_1856-58_11_/roa_1856-58_11__02.pdf,https://weburn.kb.se/riks/metadata/30/21799630.html,1856
roa_1856-58_3__01,Om riksdagstrycket,adel,1856,1856,https://weburn.kb.se/riks/ståndsriksdagen/xml/roa_1856-58_3_/roa_1856-58_3__01.xml,https://weburn.kb.se/riks/ståndsriksdagen/pdf/roa_1856-58_3_/roa_1856-58_3__01.pdf,https://weburn.kb.se/riks/metadata/36/21799636.html,1856
roa_1856-58_3__02,Om riksdagstrycket,adel,1856,1856,https://weburn.kb.se/riks/ståndsriksdagen/xml/roa_1856-58_3_/roa_1856-58_3__02.xml,https://weburn.kb.se/riks/ståndsriksdagen/pdf/roa_1856-58_3_/roa_1856-58_3__02.pdf,https://weburn.kb.se/riks/metadata/36/21799636.html,1856
roa_1856-58_3__03,Om riksdagstrycket,adel,1856,1856,https://weburn.kb.se/riks/ståndsriksdagen/xml/roa_1856-58_3_/roa_1856-58_3__03.xml,https://weburn.kb.se/riks/ståndsriksdagen/pdf/roa_1856-58_3_/roa_1856-58_3__03.pdf,https://weburn.kb.se/riks/metadata/36/21799636.html,1856
roa_1856-58_4__01,Om riksdagstrycket,adel,1856,1856,https://weburn.kb.se/riks/ståndsriksdagen/xml/roa_1856-58_4_/roa_1856-58_4__01.xml,https://weburn.kb.se/riks/ståndsriksdagen/pdf/roa_1856-58_4_/roa_1856-58_4__01.pdf,https://weburn.kb.se/riks/metadata/37/21799637.html,1856
roa_1856-58_4__02,Om riksdagstrycket,adel,1856,1856,https://weburn.kb.se/riks/ståndsriksdagen/xml/roa_1856-58_4_/roa_1856-58_4__02.xml,https://weburn.kb.se/riks/ståndsriksdagen/pdf/roa_1856-58_4_/roa_1856-58_4__02.pdf,https://weburn.kb.se/riks/metadata/37/21799637.html,1856
roa_1856-58_9__01,Om riksdagstrycket,adel,1856,1856,https://weburn.kb.se/riks/ståndsriksdagen/xml/roa_1856-58_9_/roa_1856-58_9__01.xml,https://weburn.kb.se/riks/ståndsriksdagen/pdf/roa_1856-58_9_/roa_1856-58_9__01.pdf,https://weburn.kb.se/riks/metadata/45/21799645.html,1856
roa_1856-58_9__02,Om riksdagstrycket,adel,1856,1856,https://weburn.kb.se/riks/ståndsriksdagen/xml/roa_1856-58_9_/roa_1856-58_9__02.xml,https://weburn.kb.se/riks/ståndsriksdagen/pdf/roa_1856-58_9_/roa_1856-58_9__02.pdf,https://weburn.kb.se/riks/metadata/45/21799645.html,1856
roa_1856-58_9__03,Om riksdagstrycket,adel,1856,1856,https://weburn.kb.se/riks/ståndsriksdagen/xml/roa_1856-58_9_/roa_1856-58_9__03.xml,https://weburn.kb.se/riks/ståndsriksdagen/pdf/roa_1856-58_9_/roa_1856-58_9__03.pdf,https://weburn.kb.se/riks/metadata/45/21799645.html,1856
roa_1856-58_6__01,Om riksdagstrycket,adel,1856,1856,https://weburn.kb.se/riks/ståndsriksdagen/xml/roa_1856-58_6_/roa_1856-58_6__01.xml,https://weburn.kb.se/riks/ståndsriksdagen/pdf/roa_1856-58_6_/roa_1856-58_6__01.pdf,https://weburn.kb.se/riks/metadata/42/21799642.html,1856
roa_1856-58_6__02,Om riksdagstrycket,adel,1856,1856,https://weburn.kb.se/riks/ståndsriksdagen/xml/roa_1856-58_6_/roa_1856-58_6__02.xml,https://weburn.kb.se/riks/ståndsriksdagen/pdf/roa_1856-58_6_/roa_1856-58_6__02.pdf,https://weburn.kb.se/riks/metadata/42/21799642.html,1856
roa_1856-58_7__01,Om riksdagstrycket,adel,1856,1856,https://weburn.kb.se/riks/ståndsriksdagen/xml/roa_1856-58_7_/roa_1856-58_7__01.xml,https://weburn.kb.se/riks/ståndsriksdagen/pdf/roa_1856-58_7_/roa_1856-58_7__01.pdf,https://weburn.kb.se/riks/metadata/43/21799643.html,1856
roa_1856-58_7__02,Om riksdagstrycket,adel,1856,1856,https://weburn.kb.se/riks/ståndsriksdagen/xml/roa_1856-58_7_/roa_1856-58_7__02.xml,https://weburn.kb.se/riks/ståndsriksdagen/pdf/roa_1856-58_7_/roa_1856-58_7__02.pdf,https://weburn.kb.se/riks/metadata/43/21799643.html,1856
roa_1856-58_10__01,Om riksdagstrycket,adel,1856,1856,https://weburn.kb.se/riks/ståndsriksdagen/xml/roa_1856-58_10_/roa_1856-58_10__01.xml,https://weburn.kb.se/riks/ståndsriksdagen/pdf/roa_1856-58_10_/roa_1856-58_10__01.pdf,https://weburn.kb.se/riks/metadata/27/21799627.html,1856
roa_1856-58_10__02,Om riksdagstrycket,adel,1856,1856,https://weburn.kb.se/riks/ståndsriksdagen/xml/roa_1856-58_10_/roa_1856-58_10__02.xml,https://weburn.kb.se/riks/ståndsriksdagen/pdf/roa_1856-58_10_/roa_1856-58_10__02.pdf,https://weburn.kb.se/riks/metadata/27/21799627.html,1856
roa_1856-58_8__01,Om riksdagstrycket,adel,1856,1856,https://weburn.kb.se/riks/ståndsriksdagen/xml/roa_1856-58_8_/roa_1856-58_8__01.xml,https://weburn.kb.se/riks/ståndsriksdagen/pdf/roa_1856-58_8_/roa_1856-58_8__01.pdf,https://weburn.kb.se/riks/metadata/44/21799644.html,1856
roa_1856-58_8__02,Om riksdagstrycket,adel,1856,1856,https://weburn.kb.se/riks/ståndsriksdagen/xml/roa_1856-58_8_/roa_1856-58_8__02.xml,https://weburn.kb.se/riks/ståndsriksdagen/pdf/roa_1856-58_8_/roa_1856-58_8__02.pdf,https://weburn.kb.se/riks/metadata/44/21799644.html,1856
roa_1856-58_5__01,Om riksdagstrycket,adel,1856,1856,https://weburn.kb.se/riks/ståndsriksdagen/xml/roa_1856-58_5_/roa_1856-58_5__01.xml,https://weburn.kb.se/riks/ståndsriksdagen/pdf/roa_1856-58_5_/roa_1856-58_5__01.pdf,https://weburn.kb.se/riks/metadata/41/21799641.html,1856
roa_1856-58_5__02,Om riksdagstrycket,adel,1856,1856,https://weburn.kb.se/riks/ståndsriksdagen/xml/roa_1856-58_5_/roa_1856-58_5__02.xml,https://weburn.kb.se/riks/ståndsriksdagen/pdf/roa_1856-58_5_/roa_1856-58_5__02.pdf,https://weburn.kb.se/riks/metadata/41/21799641.html,1856
roa_1856-58_5__03,Om riksdagstrycket,adel,1856,1856,https://weburn.kb.se/riks/ståndsriksdagen/xml/roa_1856-58_5_/roa_1856-58_5__03.xml,https://weburn.kb.se/riks/ståndsriksdagen/pdf/roa_1856-58_5_/roa_1856-58_5__03.pdf,https://weburn.kb.se/riks/metadata/41/21799641.html,1856
roa_1859-60_5__01,Om riksdagstrycket,adel,1856,1856,https://weburn.kb.se/riks/ståndsriksdagen/xml/roa_1859-60_5_/roa_1859-60_5__01.xml,https://weburn.kb.se/riks/ståndsriksdagen/pdf/roa_1859-60_5_/roa_1859-60_5__01.pdf,https://weburn.kb.se/riks/metadata/41/21799641.html,1856
roa_1859-60_5__02,Om riksdagstrycket,adel,1856,1856,https://weburn.kb.se/riks/ståndsriksdagen/xml/roa_1859-60_5_/roa_1859-60_5__02.xml,https://weburn.kb.se/riks/ståndsriksdagen/pdf/roa_1859-60_5_/roa_1859-60_5__02.pdf,https://weburn.kb.se/riks/metadata/41/21799641.html,1856
bg_1856-58_2__01,Om riksdagstrycket,borgare,1856,1856,https://weburn.kb.se/riks/ståndsriksdagen/xml/bg_1856-58_2_/bg_1856-58_2__01.xml,https://weburn.kb.se/riks/ståndsriksdagen/pdf/bg_1856-58_2_/bg_1856-58_2__01.pdf,https://weburn.kb.se/riks/metadata/75/21797975.html,1856
bg_1856-58_2__02,Om riksdagstrycket,borgare,1856,1856,https://weburn.kb.se/riks/ståndsriksdagen/xml/bg_1856-58_2_/bg_1856-58_2__02.xml,https://weburn.kb.se/riks/ståndsriksdagen/pdf/bg_1856-58_2_/bg_1856-58_2__02.pdf,https://weburn.kb.se/riks/metadata/75/21797975.html,1856
bg_1856-58_2__03,Om riksdagstrycket,borgare,1856,1856,https://weburn.kb.se/riks/ståndsriksdagen/xml/bg_1856-58_2_/bg_1856-58_2__03.xml,https://weburn.kb.se/riks/ståndsriksdagen/pdf/bg_1856-58_2_/bg_1856-58_2__03.pdf,https://weburn.kb.se/riks/metadata/75/21797975.html,1856
bg_1856-58_5__01,Om riksdagstrycket,borgare,1856,1856,https://weburn.kb.se/riks/ståndsriksdagen/xml/bg_1856-58_5_/bg_1856-58_5__01.xml,https://weburn.kb.se/riks/ståndsriksdagen/pdf/bg_1856-58_5_/bg_1856-58_5__01.pdf,https://weburn.kb.se/riks/metadata/78/21797978.html,1856
bg_1856-58_5__02,Om riksdagstrycket,borgare,1856,1856,https://weburn.kb.se/riks/ståndsriksdagen/xml/bg_1856-58_5_/bg_1856-58_5__02.xml,https://weburn.kb.se/riks/ståndsriksdagen/pdf/bg_1856-58_5_/bg_1856-58_5__02.pdf,https://weburn.kb.se/riks/metadata/78/21797978.html,1856
bg_1856-58_4__01,Om riksdagstrycket,borgare,1856,1856,https://weburn.kb.se/riks/ståndsriksdagen/xml/bg_1856-58_4_/bg_1856-58_4__01.xml,https://weburn.kb.se/riks/ståndsriksdagen/pdf/bg_1856-58_4_/bg_1856-58_4__01.pdf,https://weburn.kb.se/riks/metadata/77/21797977.html,1856
bg_1856-58_4__02,Om riksdagstrycket,borgare,1856,1856,https://weburn.kb.se/riks/ståndsriksdagen/xml/bg_1856-58_4_/bg_1856-58_4__02.xml,https://weburn.kb.se/riks/ståndsriksdagen/pdf/bg_1856-58_4_/bg_1856-58_4__02.pdf,https://weburn.kb.se/riks/metadata/77/21797977.html,1856
bg_1856-58_1__01,Om riksdagstrycket,borgare,1856,1856,https://weburn.kb.se/riks/ståndsriksdagen/xml/bg_1856-58_1_/bg_1856-58_1__01.xml,https://weburn.kb.se/riks/ståndsriksdagen/pdf/bg_1856-58_1_/bg_1856-58_1__01.pdf,https://weburn.kb.se/riks/metadata/74/21797974.html,1856
bg_1856-58_1__02,Om riksdagstrycket,borgare,1856,1856,https://weburn.kb.se/riks/ståndsriksdagen/xml/bg_1856-58_1_/bg_1856-58_1__02.xml,https://weburn.kb.se/riks/ståndsriksdagen/pdf/bg_1856-58_1_/bg_1856-58_1__02.pdf,https://weburn.kb.se/riks/metadata/74/21797974.html,1856
bg_1856-58_6__01,Om riksdagstrycket,borgare,1856,1856,https://weburn.kb.se/riks/ståndsriksdagen/xml/bg_1856-58_6_/bg_1856-58_6__01.xml,https://weburn.kb.se/riks/ståndsriksdagen/pdf/bg_1856-58_6_/bg_1856-58_6__01.pdf,https://weburn.kb.se/riks/metadata/80/21797980.html,1856
bg_1856-58_6__02,Om riksdagstrycket,borgare,1856,1856,https://weburn.kb.se/riks/ståndsriksdagen/xml/bg_1856-58_6_/bg_1856-58_6__02.xml,https://weburn.kb.se/riks/ståndsriksdagen/pdf/bg_1856-58_6_/bg_1856-58_6__02.pdf,https://weburn.kb.se/riks/metadata/80/21797980.html,1856
bg_1856-58_3__01,Om riksdagstrycket,borgare,1856,1856,https://weburn.kb.se/riks/ståndsriksdagen/xml/bg_1856-58_3_/bg_1856-58_3__01.xml,https://weburn.kb.se/riks/ståndsriksdagen/pdf/bg_1856-58_3_/bg_1856-58_3__01.pdf,https://weburn.kb.se/riks/metadata/76/21797976.html,1856
bg_1856-58_3__02,Om riksdagstrycket,borgare,1856,1856,https://weburn.kb.se/riks/ståndsriksdagen/xml/bg_1856-58_3_/bg_1856-58_3__02.xml,https://weburn.kb.se/riks/ståndsriksdagen/pdf/bg_1856-58_3_/bg_1856-58_3__02.pdf,https://weburn.kb.se/riks/metadata/76/21797976.html,1856
bg_1856-58_7__01,Om riksdagstrycket,borgare,1856,1856,https://weburn.kb.se/riks/ståndsriksdagen/xml/bg_1856-58_7_/bg_1856-58_7__01.xml,https://weburn.kb.se/riks/ståndsriksdagen/pdf/bg_1856-58_7_/bg_1856-58_7__01.pdf,https://weburn.kb.se/riks/metadata/81/21797981.html,1856
bg_1856-58_7__02,Om riksdagstrycket,borgare,1856,1856,https://weburn.kb.se/riks/ståndsriksdagen/xml/bg_1856-58_7_/bg_1856-58_7__02.xml,https://weburn.kb.se/riks/ståndsriksdagen/pdf/bg_1856-58_7_/bg_1856-58_7__02.pdf,https://weburn.kb.se/riks/metadata/81/21797981.html,1856
bn_1856-58_reg_2_,Om riksdagstrycket,bonder,1856,1856,https://weburn.kb.se/riks/ståndsriksdagen/xml/bn_1856-58_reg_2_/bn_1856-58_reg_2_.xml,https://weburn.kb.se/riks/ståndsriksdagen/pdf/bn_1856-58_reg_2_/bn_1856-58_reg_2_.pdf,https://weburn.kb.se/riks/metadata/69/21798869.html,1856
bn_1856-58_reg_1__01,Om riksdagstrycket,bonder,1856,1856,https://weburn.kb.se/riks/ståndsriksdagen/xml/bn_1856-58_reg_1_/bn_1856-58_reg_1__01.xml,https://weburn.kb.se/riks/ståndsriksdagen/pdf/bn_1856-58_reg_1_/bn_1856-58_reg_1__01.pdf,https://weburn.kb.se/riks/metadata/68/21798868.html,1856
bn_1856-58_reg_1__02,Om riksdagstrycket,bonder,1856,1856,https://weburn.kb.se/riks/ståndsriksdagen/xml/bn_1856-58_reg_1_/bn_1856-58_reg_1__02.xml,https://weburn.kb.se/riks/ståndsriksdagen/pdf/bn_1856-58_reg_1_/bn_1856-58_reg_1__02.pdf,https://weburn.kb.se/riks/metadata/68/21798868.html,1856
bn_1856-58_reg_1__03,Om riksdagstrycket,bonder,1856,1856,https://weburn.kb.se/riks/ståndsriksdagen/xml/bn_1856-58_reg_1_/bn_1856-58_reg_1__03.xml,https://weburn.kb.se/riks/ståndsriksdagen/pdf/bn_1856-58_reg_1_/bn_1856-58_reg_1__03.pdf,https://weburn.kb.se/riks/metadata/68/21798868.html,1856
roa_1856-58_reg_,Om riksdagstrycket,adel,1856,1856,https://weburn.kb.se/riks/ståndsriksdagen/xml/roa_1856-58_reg_/roa_1856-58_reg_.xml,https://weburn.kb.se/riks/ståndsriksdagen/pdf/roa_1856-58_reg_/roa_1856-58_reg_.pdf,https://weburn.kb.se/riks/metadata/46/21799646.html,1856
pr_1856-58_reg_,Om riksdagstrycket,praster,1856,1856,https://weburn.kb.se/riks/ståndsriksdagen/xml/pr_1856-58_reg_/pr_1856-58_reg_.xml,https://weburn.kb.se/riks/ståndsriksdagen/pdf/pr_1856-58_reg_/pr_1856-58_reg_.pdf,https://weburn.kb.se/riks/metadata/37/21799137.html,1856
bg_1856-58_reg_,Om riksdagstrycket,borgare,1856,1856,https://weburn.kb.se/riks/ståndsriksdagen/xml/bg_1856-58_reg_/bg_1856-58_reg_.xml,https://weburn.kb.se/riks/ståndsriksdagen/pdf/bg_1856-58_reg_/bg_1856-58_reg_.pdf,https://weburn.kb.se/riks/metadata/84/21797984.html,1856
pr_1856-58_suppl_,Om riksdagstrycket,praster,1856,1856,https://weburn.kb.se/riks/ståndsriksdagen/xml/pr_1856-58_suppl_/pr_1856-58_suppl_.xml,https://weburn.kb.se/riks/ståndsriksdagen/pdf/pr_1856-58_suppl_/pr_1856-58_suppl_.pdf,https://weburn.kb.se/riks/metadata/38/21799138.html,1856
roa_1856-58_suppl_,Om riksdagstrycket,adel,1856,1856,https://weburn.kb.se/riks/ståndsriksdagen/xml/roa_1856-58_suppl_/roa_1856-58_suppl_.xml,https://weburn.kb.se/riks/ståndsriksdagen/pdf/roa_1856-58_suppl_/roa_1856-58_suppl_.pdf,https://weburn.kb.se/riks/metadata/47/21799647.html,1856
bih_1859-60_reg_,Om riksdagstrycket,bihang,1859,1859,https://weburn.kb.se/riks/ståndsriksdagen/xml/bih_1859-60_reg_/bih_1859-60_reg_.xml,https://weburn.kb.se/riks/ståndsriksdagen/pdf/bih_1859-60_reg_/bih_1859-60_reg_.pdf,https://weburn.kb.se/riks/metadata/83/21798583.html,1859
bih_1859-60_2-1-1__01,Om riksdagstrycket,bihang,1859,1859,https://weburn.kb.se/riks/ståndsriksdagen/xml/bih_1859-60_2-1-1_/bih_1859-60_2-1-1__01.xml,https://weburn.kb.se/riks/ståndsriksdagen/pdf/bih_1859-60_2-1-1_/bih_1859-60_2-1-1__01.pdf,https://weburn.kb.se/riks/metadata/66/21798566.html,1859
bih_1859-60_2-1-1__02,Om riksdagstrycket,bihang,1859,1859,https://weburn.kb.se/riks/ståndsriksdagen/xml/bih_1859-60_2-1-1_/bih_1859-60_2-1-1__02.xml,https://weburn.kb.se/riks/ståndsriksdagen/pdf/bih_1859-60_2-1-1_/bih_1859-60_2-1-1__02.pdf,https://weburn.kb.se/riks/metadata/66/21798566.html,1859
bih_1859-60_2-1-2__01,Om riksdagstrycket,bihang,1859,1859,https://weburn.kb.se/riks/ståndsriksdagen/xml/bih_1859-60_2-1-2_/bih_1859-60_2-1-2__01.xml,https://weburn.kb.se/riks/ståndsriksdagen/pdf/bih_1859-60_2-1-2_/bih_1859-60_2-1-2__01.pdf,https://weburn.kb.se/riks/metadata/67/21798567.html,1859
bih_1859-60_2-1-2__02,Om riksdagstrycket,bihang,1859,1859,https://weburn.kb.se/riks/ståndsriksdagen/xml/bih_1859-60_2-1-2_/bih_1859-60_2-1-2__02.xml,https://weburn.kb.se/riks/ståndsriksdagen/pdf/bih_1859-60_2-1-2_/bih_1859-60_2-1-2__02.pdf,https://weburn.kb.se/riks/metadata/67/21798567.html,1859
bih_1859-60_2-1-4_,Om riksdagstrycket,bihang,1859,1859,https://weburn.kb.se/riks/ståndsriksdagen/xml/bih_1859-60_2-1-4_/bih_1859-60_2-1-4_.xml,https://weburn.kb.se/riks/ståndsriksdagen/pdf/bih_1859-60_2-1-4_/bih_1859-60_2-1-4_.pdf,https://weburn.kb.se/riks/metadata/69/21798569.html,1859
bih_1859-60_2-1-3__01,Om riksdagstrycket,bihang,1859,1859,https://weburn.kb.se/riks/ståndsriksdagen/xml/bih_1859-60_2-1-3_/bih_1859-60_2-1-3__01.xml,https://weburn.kb.se/riks/ståndsriksdagen/pdf/bih_1859-60_2-1-3_/bih_1859-60_2-1-3__01.pdf,https://weburn.kb.se/riks/metadata/68/21798568.html,1859
bih_1859-60_2-1-3__02,Om riksdagstrycket,bihang,1859,1859,https://weburn.kb.se/riks/ståndsriksdagen/xml/bih_1859-60_2-1-3_/bih_1859-60_2-1-3__02.xml,https://weburn.kb.se/riks/ståndsriksdagen/pdf/bih_1859-60_2-1-3_/bih_1859-60_2-1-3__02.pdf,https://weburn.kb.se/riks/metadata/68/21798568.html,1859
bih_1859-60_bil_1-1-1__01,Om riksdagstrycket,bihang,1859,1859,https://weburn.kb.se/riks/ståndsriksdagen/xml/bih_1859-60_bil_1-1-1_/bih_1859-60_bil_1-1-1__01.xml,https://weburn.kb.se/riks/ståndsriksdagen/pdf/bih_1859-60_bil_1-1-1_/bih_1859-60_bil_1-1-1__01.pdf,https://weburn.kb.se/riks/metadata/82/21798582.html,1859
bih_1859-60_bil_1-1-1__02,Om riksdagstrycket,bihang,1859,1859,https://weburn.kb.se/riks/ståndsriksdagen/xml/bih_1859-60_bil_1-1-1_/bih_1859-60_bil_1-1-1__02.xml,https://weburn.kb.se/riks/ståndsriksdagen/pdf/bih_1859-60_bil_1-1-1_/bih_1859-60_bil_1-1-1__02.pdf,https://weburn.kb.se/riks/metadata/82/21798582.html,1859
bih_1859-60_bil_1-1-1__03,Om riksdagstrycket,bihang,1859,1859,https://weburn.kb.se/riks/ståndsriksdagen/xml/bih_1859-60_bil_1-1-1_/bih_1859-60_bil_1-1-1__03.xml,https://weburn.kb.se/riks/ståndsriksdagen/pdf/bih_1859-60_bil_1-1-1_/bih_1859-60_bil_1-1-1__03.pdf,https://weburn.kb.se/riks/metadata/82/21798582.html,1859
bih_1859-60_bil_1-1-1__04,Om riksdagstrycket,bihang,1859,1859,https://weburn.kb.se/riks/ståndsriksdagen/xml/bih_1859-60_bil_1-1-1_/bih_1859-60_bil_1-1-1__04.xml,https://weburn.kb.se/riks/ståndsriksdagen/pdf/bih_1859-60_bil_1-1-1_/bih_1859-60_bil_1-1-1__04.pdf,https://weburn.kb.se/riks/metadata/82/21798582.html,1859
bih_1859-60_bil_1-1-1__05,Om riksdagstrycket,bihang,1859,1859,https://weburn.kb.se/riks/ståndsriksdagen/xml/bih_1859-60_bil_1-1-1_/bih_1859-60_bil_1-1-1__05.xml,https://weburn.kb.se/riks/ståndsriksdagen/pdf/bih_1859-60_bil_1-1-1_/bih_1859-60_bil_1-1-1__05.pdf,https://weburn.kb.se/riks/metadata/82/21798582.html,1859
bih_1859-60_5-1_2__01,Om riksdagstrycket,bihang,1859,1859,https://weburn.kb.se/riks/ståndsriksdagen/xml/bih_1859-60_5-1_2_/bih_1859-60_5-1_2__01.xml,https://weburn.kb.se/riks/ståndsriksdagen/pdf/bih_1859-60_5-1_2_/bih_1859-60_5-1_2__01.pdf,https://weburn.kb.se/riks/metadata/74/21798574.html,1859
bih_1859-60_5-1_2__02,Om riksdagstrycket,bihang,1859,1859,https://weburn.kb.se/riks/ståndsriksdagen/xml/bih_1859-60_5-1_2_/bih_1859-60_5-1_2__02.xml,https://weburn.kb.se/riks/ståndsriksdagen/pdf/bih_1859-60_5-1_2_/bih_1859-60_5-1_2__02.pdf,https://weburn.kb.se/riks/metadata/74/21798574.html,1859
bih_1859-60_5-1_2__03,Om riksdagstrycket,bihang,1859,1859,https://weburn.kb.se/riks/ståndsriksdagen/xml/bih_1859-60_5-1_2_/bih_1859-60_5-1_2__03.xml,https://weburn.kb.se/riks/ståndsriksdagen/pdf/bih_1859-60_5-1_2_/bih_1859-60_5-1_2__03.pdf,https://weburn.kb.se/riks/metadata/74/21798574.html,1859
bih_1859-60_4-1-2__01,Om riksdagstrycket,bihang,1859,1859,https://weburn.kb.se/riks/ståndsriksdagen/xml/bih_1859-60_4-1-2_/bih_1859-60_4-1-2__01.xml,https://weburn.kb.se/riks/ståndsriksdagen/pdf/bih_1859-60_4-1-2_/bih_1859-60_4-1-2__01.pdf,https://weburn.kb.se/riks/metadata/72/21798572.html,1859
bih_1859-60_4-1-2__02,Om riksdagstrycket,bihang,1859,1859,https://weburn.kb.se/riks/ståndsriksdagen/xml/bih_1859-60_4-1-2_/bih_1859-60_4-1-2__02.xml,https://weburn.kb.se/riks/ståndsriksdagen/pdf/bih_1859-60_4-1-2_/bih_1859-60_4-1-2__02.pdf,https://weburn.kb.se/riks/metadata/72/21798572.html,1859
bih_1859-60_4-1-2__03,Om riksdagstrycket,bihang,1859,1859,https://weburn.kb.se/riks/ståndsriksdagen/xml/bih_1859-60_4-1-2_/bih_1859-60_4-1-2__03.xml,https://weburn.kb.se/riks/ståndsriksdagen/pdf/bih_1859-60_4-1-2_/bih_1859-60_4-1-2__03.pdf,https://weburn.kb.se/riks/metadata/72/21798572.html,1859
bih_1859-60_4-1-1__01,Om riksdagstrycket,bihang,1859,1859,https://weburn.kb.se/riks/ståndsriksdagen/xml/bih_1859-60_4-1-1_/bih_1859-60_4-1-1__01.xml,https://weburn.kb.se/riks/ståndsriksdagen/pdf/bih_1859-60_4-1-1_/bih_1859-60_4-1-1__01.pdf,https://weburn.kb.se/riks/metadata/71/21798571.html,1859
bih_1859-60_4-1-1__02,Om riksdagstrycket,bihang,1859,1859,https://weburn.kb.se/riks/ståndsriksdagen/xml/bih_1859-60_4-1-1_/bih_1859-60_4-1-1__02.xml,https://weburn.kb.se/riks/ståndsriksdagen/pdf/bih_1859-60_4-1-1_/bih_1859-60_4-1-1__02.pdf,https://weburn.kb.se/riks/metadata/71/21798571.html,1859
bih_1859-60_4-1-1__03,Om riksdagstrycket,bihang,1859,1859,https://weburn.kb.se/riks/ståndsriksdagen/xml/bih_1859-60_4-1-1_/bih_1859-60_4-1-1__03.xml,https://weburn.kb.se/riks/ståndsriksdagen/pdf/bih_1859-60_4-1-1_/bih_1859-60_4-1-1__03.pdf,https://weburn.kb.se/riks/metadata/71/21798571.html,1859
bih_1859-60_4-1-3__01,Om riksdagstrycket,bihang,1859,1859,https://weburn.kb.se/riks/ståndsriksdagen/xml/bih_1859-60_4-1-3_/bih_1859-60_4-1-3__01.xml,https://weburn.kb.se/riks/ståndsriksdagen/pdf/bih_1859-60_4-1-3_/bih_1859-60_4-1-3__01.pdf,https://weburn.kb.se/riks/metadata/73/21798573.html,1859
bih_1859-60_4-1-3__02,Om riksdagstrycket,bihang,1859,1859,https://weburn.kb.se/riks/ståndsriksdagen/xml/bih_1859-60_4-1-3_/bih_1859-60_4-1-3__02.xml,https://weburn.kb.se/riks/ståndsriksdagen/pdf/bih_1859-60_4-1-3_/bih_1859-60_4-1-3__02.pdf,https://weburn.kb.se/riks/metadata/73/21798573.html,1859
bih_1859-60_4-1-3__03,Om riksdagstrycket,bihang,1859,1859,https://weburn.kb.se/riks/ståndsriksdagen/xml/bih_1859-60_4-1-3_/bih_1859-60_4-1-3__03.xml,https://weburn.kb.se/riks/ståndsriksdagen/pdf/bih_1859-60_4-1-3_/bih_1859-60_4-1-3__03.pdf,https://weburn.kb.se/riks/metadata/73/21798573.html,1859
bih_1859-60_1-1_2-2__01,Om riksdagstrycket,bihang,1859,1859,https://weburn.kb.se/riks/ståndsriksdagen/xml/bih_1859-60_1-1_2-2_/bih_1859-60_1-1_2-2__01.xml,https://weburn.kb.se/riks/ståndsriksdagen/pdf/bih_1859-60_1-1_2-2_/bih_1859-60_1-1_2-2__01.pdf,https://weburn.kb.se/riks/metadata/64/21798564.html,1859
bih_1859-60_1-1_2-2__02,Om riksdagstrycket,bihang,1859,1859,https://weburn.kb.se/riks/ståndsriksdagen/xml/bih_1859-60_1-1_2-2_/bih_1859-60_1-1_2-2__02.xml,https://weburn.kb.se/riks/ståndsriksdagen/pdf/bih_1859-60_1-1_2-2_/bih_1859-60_1-1_2-2__02.pdf,https://weburn.kb.se/riks/metadata/64/21798564.html,1859
bih_1859-60_1-1-1__01,Om riksdagstrycket,bihang,1859,1859,https://weburn.kb.se/riks/ståndsriksdagen/xml/bih_1859-60_1-1-1_/bih_1859-60_1-1-1__01.xml,https://weburn.kb.se/riks/ståndsriksdagen/pdf/bih_1859-60_1-1-1_/bih_1859-60_1-1-1__01.pdf,https://weburn.kb.se/riks/metadata/65/21798565.html,1859
bih_1859-60_1-1-1__02,Om riksdagstrycket,bihang,1859,1859,https://weburn.kb.se/riks/ståndsriksdagen/xml/bih_1859-60_1-1-1_/bih_1859-60_1-1-1__02.xml,https://weburn.kb.se/riks/ståndsriksdagen/pdf/bih_1859-60_1-1-1_/bih_1859-60_1-1-1__02.pdf,https://weburn.kb.se/riks/metadata/65/21798565.html,1859
bih_1859-60_1-1-1__03,Om riksdagstrycket,bihang,1859,1859,https://weburn.kb.se/riks/ståndsriksdagen/xml/bih_1859-60_1-1-1_/bih_1859-60_1-1-1__03.xml,https://weburn.kb.se/riks/ståndsriksdagen/pdf/bih_1859-60_1-1-1_/bih_1859-60_1-1-1__03.pdf,https://weburn.kb.se/riks/metadata/65/21798565.html,1859
bih_1859-60_9__01,Om riksdagstrycket,bihang,1859,1859,https://weburn.kb.se/riks/ståndsriksdagen/xml/bih_1859-60_9_/bih_1859-60_9__01.xml,https://weburn.kb.se/riks/ståndsriksdagen/pdf/bih_1859-60_9_/bih_1859-60_9__01.pdf,https://weburn.kb.se/riks/metadata/81/21798581.html,1859
bih_1859-60_9__02,Om riksdagstrycket,bihang,1859,1859,https://weburn.kb.se/riks/ståndsriksdagen/xml/bih_1859-60_9_/bih_1859-60_9__02.xml,https://weburn.kb.se/riks/ståndsriksdagen/pdf/bih_1859-60_9_/bih_1859-60_9__02.pdf,https://weburn.kb.se/riks/metadata/81/21798581.html,1859
bih_1859-60_9__03,Om riksdagstrycket,bihang,1859,1859,https://weburn.kb.se/riks/ståndsriksdagen/xml/bih_1859-60_9_/bih_1859-60_9__03.xml,https://weburn.kb.se/riks/ståndsriksdagen/pdf/bih_1859-60_9_/bih_1859-60_9__03.pdf,https://weburn.kb.se/riks/metadata/81/21798581.html,1859
bih_1859-60_6-1_2__01,Om riksdagstrycket,bihang,1859,1859,https://weburn.kb.se/riks/ståndsriksdagen/xml/bih_1859-60_6-1_2_/bih_1859-60_6-1_2__01.xml,https://weburn.kb.se/riks/ståndsriksdagen/pdf/bih_1859-60_6-1_2_/bih_1859-60_6-1_2__01.pdf,https://weburn.kb.se/riks/metadata/76/21798576.html,1859
bih_1859-60_6-1_2__02,Om riksdagstrycket,bihang,1859,1859,https://weburn.kb.se/riks/ståndsriksdagen/xml/bih_1859-60_6-1_2_/bih_1859-60_6-1_2__02.xml,https://weburn.kb.se/riks/ståndsriksdagen/pdf/bih_1859-60_6-1_2_/bih_1859-60_6-1_2__02.pdf,https://weburn.kb.se/riks/metadata/76/21798576.html,1859
bih_1859-60_7-1_2__01,Om riksdagstrycket,bihang,1859,1859,https://weburn.kb.se/riks/ståndsriksdagen/xml/bih_1859-60_7-1_2_/bih_1859-60_7-1_2__01.xml,https://weburn.kb.se/riks/ståndsriksdagen/pdf/bih_1859-60_7-1_2_/bih_1859-60_7-1_2__01.pdf,https://weburn.kb.se/riks/metadata/78/21798578.html,1859
bih_1859-60_7-1_2__02,Om riksdagstrycket,bihang,1859,1859,https://weburn.kb.se/riks/ståndsriksdagen/xml/bih_1859-60_7-1_2_/bih_1859-60_7-1_2__02.xml,https://weburn.kb.se/riks/ståndsriksdagen/pdf/bih_1859-60_7-1_2_/bih_1859-60_7-1_2__02.pdf,https://weburn.kb.se/riks/metadata/78/21798578.html,1859
bih_1859-60_7-1_2__03,Om riksdagstrycket,bihang,1859,1859,https://weburn.kb.se/riks/ståndsriksdagen/xml/bih_1859-60_7-1_2_/bih_1859-60_7-1_2__03.xml,https://weburn.kb.se/riks/ståndsriksdagen/pdf/bih_1859-60_7-1_2_/bih_1859-60_7-1_2__03.pdf,https://weburn.kb.se/riks/metadata/79/21798579.html,1859
bih_1859-60_10-1-1__01,Om riksdagstrycket,bihang,1859,1859,https://weburn.kb.se/riks/ståndsriksdagen/xml/bih_1859-60_10-1-1_/bih_1859-60_10-1-1__01.xml,https://weburn.kb.se/riks/ståndsriksdagen/pdf/bih_1859-60_10-1-1_/bih_1859-60_10-1-1__01.pdf,https://weburn.kb.se/riks/metadata/60/21798560.html,1859
bih_1859-60_10-1-1__02,Om riksdagstrycket,bihang,1859,1859,https://weburn.kb.se/riks/ståndsriksdagen/xml/bih_1859-60_10-1-1_/bih_1859-60_10-1-1__02.xml,https://weburn.kb.se/riks/ståndsriksdagen/pdf/bih_1859-60_10-1-1_/bih_1859-60_10-1-1__02.pdf,https://weburn.kb.se/riks/metadata/60/21798560.html,1859
bih_1859-60_10-1-1a__01,Om riksdagstrycket,bihang,1859,1859,https://weburn.kb.se/riks/ståndsriksdagen/xml/bih_1859-60_10-1-1a_/bih_1859-60_10-1-1a__01.xml,https://weburn.kb.se/riks/ståndsriksdagen/pdf/bih_1859-60_10-1-1a_/bih_1859-60_10-1-1a__01.pdf,https://weburn.kb.se/riks/metadata/62/21798562.html,1859
bih_1859-60_10-1-1a__02,Om riksdagstrycket,bihang,1859,1859,https://weburn.kb.se/riks/ståndsriksdagen/xml/bih_1859-60_10-1-1a_/bih_1859-60_10-1-1a__02.xml,https://weburn.kb.se/riks/ståndsriksdagen/pdf/bih_1859-60_10-1-1a_/bih_1859-60_10-1-1a__02.pdf,https://weburn.kb.se/riks/metadata/62/21798562.html,1859
bih_1859-60_10-1-2_,Om riksdagstrycket,bihang,1859,1859,https://weburn.kb.se/riks/ståndsriksdagen/xml/bih_1859-60_10-1-2_/bih_1859-60_10-1-2_.xml,https://weburn.kb.se/riks/ståndsriksdagen/pdf/bih_1859-60_10-1-2_/bih_1859-60_10-1-2_.pdf,https://weburn.kb.se/riks/metadata/63/21798563.html,1859
bih_1859-60_3__01,Om riksdagstrycket,bihang,1859,1859,https://weburn.kb.se/riks/ståndsriksdagen/xml/bih_1859-60_3_/bih_1859-60_3__01.xml,https://weburn.kb.se/riks/ståndsriksdagen/pdf/bih_1859-60_3_/bih_1859-60_3__01.pdf,https://weburn.kb.se/riks/metadata/70/21798570.html,1859
bih_1859-60_3__02,Om riksdagstrycket,bihang,1859,1859,https://weburn.kb.se/riks/ståndsriksdagen/xml/bih_1859-60_3_/bih_1859-60_3__02.xml,https://weburn.kb.se/riks/ståndsriksdagen/pdf/bih_1859-60_3_/bih_1859-60_3__02.pdf,https://weburn.kb.se/riks/metadata/70/21798570.html,1859
bih_1859-60_8__01,Om riksdagstrycket,bihang,1859,1859,https://weburn.kb.se/riks/ståndsriksdagen/xml/bih_1859-60_8_/bih_1859-60_8__01.xml,https://weburn.kb.se/riks/ståndsriksdagen/pdf/bih_1859-60_8_/bih_1859-60_8__01.pdf,https://weburn.kb.se/riks/metadata/80/21798580.html,1859
bih_1859-60_8__02,Om riksdagstrycket,bihang,1859,1859,https://weburn.kb.se/riks/ståndsriksdagen/xml/bih_1859-60_8_/bih_1859-60_8__02.xml,https://weburn.kb.se/riks/ståndsriksdagen/pdf/bih_1859-60_8_/bih_1859-60_8__02.pdf,https://weburn.kb.se/riks/metadata/80/21798580.html,1859
bih_1859-60_8__03,Om riksdagstrycket,bihang,1859,1859,https://weburn.kb.se/riks/ståndsriksdagen/xml/bih_1859-60_8_/bih_1859-60_8__03.xml,https://weburn.kb.se/riks/ståndsriksdagen/pdf/bih_1859-60_8_/bih_1859-60_8__03.pdf,https://weburn.kb.se/riks/metadata/80/21798580.html,1859
bg_1859-60_bil__01,Om riksdagstrycket,borgare,1859,1859,https://weburn.kb.se/riks/ståndsriksdagen/xml/bg_1859-60_bil_/bg_1859-60_bil__01.xml,https://weburn.kb.se/riks/ståndsriksdagen/pdf/bg_1859-60_bil_/bg_1859-60_bil__01.pdf,https://weburn.kb.se/riks/metadata/00/21798000.html,1859
bg_1859-60_bil__02,Om riksdagstrycket,borgare,1859,1859,https://weburn.kb.se/riks/ståndsriksdagen/xml/bg_1859-60_bil_/bg_1859-60_bil__02.xml,https://weburn.kb.se/riks/ståndsriksdagen/pdf/bg_1859-60_bil_/bg_1859-60_bil__02.pdf,https://weburn.kb.se/riks/metadata/00/21798000.html,1859
bn_1859-60_2__01,Om riksdagstrycket,bonder,1859,1859,https://weburn.kb.se/riks/ståndsriksdagen/xml/bn_1859-60_2_/bn_1859-60_2__01.xml,https://weburn.kb.se/riks/ståndsriksdagen/pdf/bn_1859-60_2_/bn_1859-60_2__01.pdf,https://weburn.kb.se/riks/metadata/72/21798872.html,1859
bn_1859-60_2__02,Om riksdagstrycket,bonder,1859,1859,https://weburn.kb.se/riks/ståndsriksdagen/xml/bn_1859-60_2_/bn_1859-60_2__02.xml,https://weburn.kb.se/riks/ståndsriksdagen/pdf/bn_1859-60_2_/bn_1859-60_2__02.pdf,https://weburn.kb.se/riks/metadata/72/21798872.html,1859
bn_1859-60_1__01,Om riksdagstrycket,bonder,1859,1859,https://weburn.kb.se/riks/ståndsriksdagen/xml/bn_1859-60_1_/bn_1859-60_1__01.xml,https://weburn.kb.se/riks/ståndsriksdagen/pdf/bn_1859-60_1_/bn_1859-60_1__01.pdf,https://weburn.kb.se/riks/metadata/70/21798870.html,1859
bn_1859-60_1__02,Om riksdagstrycket,bonder,1859,1859,https://weburn.kb.se/riks/ståndsriksdagen/xml/bn_1859-60_1_/bn_1859-60_1__02.xml,https://weburn.kb.se/riks/ståndsriksdagen/pdf/bn_1859-60_1_/bn_1859-60_1__02.pdf,https://weburn.kb.se/riks/metadata/70/21798870.html,1859
bn_1859-60_3__01,Om riksdagstrycket,bonder,1859,1859,https://weburn.kb.se/riks/ståndsriksdagen/xml/bn_1859-60_3_/bn_1859-60_3__01.xml,https://weburn.kb.se/riks/ståndsriksdagen/pdf/bn_1859-60_3_/bn_1859-60_3__01.pdf,https://weburn.kb.se/riks/metadata/73/21798873.html,1859
bn_1859-60_3__02,Om riksdagstrycket,bonder,1859,1859,https://weburn.kb.se/riks/ståndsriksdagen/xml/bn_1859-60_3_/bn_1859-60_3__02.xml,https://weburn.kb.se/riks/ståndsriksdagen/pdf/bn_1859-60_3_/bn_1859-60_3__02.pdf,https://weburn.kb.se/riks/metadata/73/21798873.html,1859
bn_1859-60_5__01,Om riksdagstrycket,bonder,1859,1859,https://weburn.kb.se/riks/ståndsriksdagen/xml/bn_1859-60_5_/bn_1859-60_5__01.xml,https://weburn.kb.se/riks/ståndsriksdagen/pdf/bn_1859-60_5_/bn_1859-60_5__01.pdf,https://weburn.kb.se/riks/metadata/71/21798871.html,1859
bn_1859-60_5__02,Om riksdagstrycket,bonder,1859,1859,https://weburn.kb.se/riks/ståndsriksdagen/xml/bn_1859-60_5_/bn_1859-60_5__02.xml,https://weburn.kb.se/riks/ståndsriksdagen/pdf/bn_1859-60_5_/bn_1859-60_5__02.pdf,https://weburn.kb.se/riks/metadata/71/21798871.html,1859
bn_1859-60_4__01,Om riksdagstrycket,bonder,1859,1859,https://weburn.kb.se/riks/ståndsriksdagen/xml/bn_1859-60_4_/bn_1859-60_4__01.xml,https://weburn.kb.se/riks/ståndsriksdagen/pdf/bn_1859-60_4_/bn_1859-60_4__01.pdf,https://weburn.kb.se/riks/metadata/74/21798874.html,1859
bn_1859-60_4__02,Om riksdagstrycket,bonder,1859,1859,https://weburn.kb.se/riks/ståndsriksdagen/xml/bn_1859-60_4_/bn_1859-60_4__02.xml,https://weburn.kb.se/riks/ståndsriksdagen/pdf/bn_1859-60_4_/bn_1859-60_4__02.pdf,https://weburn.kb.se/riks/metadata/74/21798874.html,1859
bn_1859-60_6__01,Om riksdagstrycket,bonder,1859,1859,https://weburn.kb.se/riks/ståndsriksdagen/xml/bn_1859-60_6_/bn_1859-60_6__01.xml,https://weburn.kb.se/riks/ståndsriksdagen/pdf/bn_1859-60_6_/bn_1859-60_6__01.pdf,https://weburn.kb.se/riks/metadata/75/21798875.html,1859
bn_1859-60_6__02,Om riksdagstrycket,bonder,1859,1859,https://weburn.kb.se/riks/ståndsriksdagen/xml/bn_1859-60_6_/bn_1859-60_6__02.xml,https://weburn.kb.se/riks/ståndsriksdagen/pdf/bn_1859-60_6_/bn_1859-60_6__02.pdf,https://weburn.kb.se/riks/metadata/75/21798875.html,1859
bn_1859-60_7__01,Om riksdagstrycket,bonder,1859,1859,https://weburn.kb.se/riks/ståndsriksdagen/xml/bn_1859-60_7_/bn_1859-60_7__01.xml,https://weburn.kb.se/riks/ståndsriksdagen/pdf/bn_1859-60_7_/bn_1859-60_7__01.pdf,https://weburn.kb.se/riks/metadata/76/21798876.html,1859
bn_1859-60_7__02,Om riksdagstrycket,bonder,1859,1859,https://weburn.kb.se/riks/ståndsriksdagen/xml/bn_1859-60_7_/bn_1859-60_7__02.xml,https://weburn.kb.se/riks/ståndsriksdagen/pdf/bn_1859-60_7_/bn_1859-60_7__02.pdf,https://weburn.kb.se/riks/metadata/76/21798876.html,1859
bn_1859-60_8__01,Om riksdagstrycket,bonder,1859,1859,https://weburn.kb.se/riks/ståndsriksdagen/xml/bn_1859-60_8_/bn_1859-60_8__01.xml,https://weburn.kb.se/riks/ståndsriksdagen/pdf/bn_1859-60_8_/bn_1859-60_8__01.pdf,https://weburn.kb.se/riks/metadata/77/21798877.html,1859
bn_1859-60_8__02,Om riksdagstrycket,bonder,1859,1859,https://weburn.kb.se/riks/ståndsriksdagen/xml/bn_1859-60_8_/bn_1859-60_8__02.xml,https://weburn.kb.se/riks/ståndsriksdagen/pdf/bn_1859-60_8_/bn_1859-60_8__02.pdf,https://weburn.kb.se/riks/metadata/77/21798877.html,1859
pr_1859-60_2__01,Om riksdagstrycket,praster,1859,1859,https://weburn.kb.se/riks/ståndsriksdagen/xml/pr_1859-60_2_/pr_1859-60_2__01.xml,https://weburn.kb.se/riks/ståndsriksdagen/pdf/pr_1859-60_2_/pr_1859-60_2__01.pdf,https://weburn.kb.se/riks/metadata/40/21799140.html,1859
pr_1859-60_2__02,Om riksdagstrycket,praster,1859,1859,https://weburn.kb.se/riks/ståndsriksdagen/xml/pr_1859-60_2_/pr_1859-60_2__02.xml,https://weburn.kb.se/riks/ståndsriksdagen/pdf/pr_1859-60_2_/pr_1859-60_2__02.pdf,https://weburn.kb.se/riks/metadata/40/21799140.html,1859
pr_1859-60_5__01,Om riksdagstrycket,praster,1859,1859,https://weburn.kb.se/riks/ståndsriksdagen/xml/pr_1859-60_5_/pr_1859-60_5__01.xml,https://weburn.kb.se/riks/ståndsriksdagen/pdf/pr_1859-60_5_/pr_1859-60_5__01.pdf,https://weburn.kb.se/riks/metadata/43/21799143.html,1859
pr_1859-60_5__02,Om riksdagstrycket,praster,1859,1859,https://weburn.kb.se/riks/ståndsriksdagen/xml/pr_1859-60_5_/pr_1859-60_5__02.xml,https://weburn.kb.se/riks/ståndsriksdagen/pdf/pr_1859-60_5_/pr_1859-60_5__02.pdf,https://weburn.kb.se/riks/metadata/43/21799143.html,1859
pr_1859-60_4__01,Om riksdagstrycket,praster,1859,1859,https://weburn.kb.se/riks/ståndsriksdagen/xml/pr_1859-60_4_/pr_1859-60_4__01.xml,https://weburn.kb.se/riks/ståndsriksdagen/pdf/pr_1859-60_4_/pr_1859-60_4__01.pdf,https://weburn.kb.se/riks/metadata/42/21799142.html,1859
pr_1859-60_4__02,Om riksdagstrycket,praster,1859,1859,https://weburn.kb.se/riks/ståndsriksdagen/xml/pr_1859-60_4_/pr_1859-60_4__02.xml,https://weburn.kb.se/riks/ståndsriksdagen/pdf/pr_1859-60_4_/pr_1859-60_4__02.pdf,https://weburn.kb.se/riks/metadata/42/21799142.html,1859
pr_1859-60_1__01,Om riksdagstrycket,praster,1859,1859,https://weburn.kb.se/riks/ståndsriksdagen/xml/pr_1859-60_1_/pr_1859-60_1__01.xml,https://weburn.kb.se/riks/ståndsriksdagen/pdf/pr_1859-60_1_/pr_1859-60_1__01.pdf,https://weburn.kb.se/riks/metadata/39/21799139.html,1859
pr_1859-60_1__02,Om riksdagstrycket,praster,1859,1859,https://weburn.kb.se/riks/ståndsriksdagen/xml/pr_1859-60_1_/pr_1859-60_1__02.xml,https://weburn.kb.se/riks/ståndsriksdagen/pdf/pr_1859-60_1_/pr_1859-60_1__02.pdf,https://weburn.kb.se/riks/metadata/39/21799139.html,1859
pr_1859-60_6__01,Om riksdagstrycket,praster,1859,1859,https://weburn.kb.se/riks/ståndsriksdagen/xml/pr_1859-60_6_/pr_1859-60_6__01.xml,https://weburn.kb.se/riks/ståndsriksdagen/pdf/pr_1859-60_6_/pr_1859-60_6__01.pdf,https://weburn.kb.se/riks/metadata/44/21799144.html,1859
pr_1859-60_6__02,Om riksdagstrycket,praster,1859,1859,https://weburn.kb.se/riks/ståndsriksdagen/xml/pr_1859-60_6_/pr_1859-60_6__02.xml,https://weburn.kb.se/riks/ståndsriksdagen/pdf/pr_1859-60_6_/pr_1859-60_6__02.pdf,https://weburn.kb.se/riks/metadata/44/21799144.html,1859
pr_1859-60_7__01,Om riksdagstrycket,praster,1859,1859,https://weburn.kb.se/riks/ståndsriksdagen/xml/pr_1859-60_7_/pr_1859-60_7__01.xml,https://weburn.kb.se/riks/ståndsriksdagen/pdf/pr_1859-60_7_/pr_1859-60_7__01.pdf,https://weburn.kb.se/riks/metadata/45/21799145.html,1859
pr_1859-60_7__02,Om riksdagstrycket,praster,1859,1859,https://weburn.kb.se/riks/ståndsriksdagen/xml/pr_1859-60_7_/pr_1859-60_7__02.xml,https://weburn.kb.se/riks/ståndsriksdagen/pdf/pr_1859-60_7_/pr_1859-60_7__02.pdf,https://weburn.kb.se/riks/metadata/45/21799145.html,1859
pr_1859-60_3__01,Om riksdagstrycket,praster,1859,1859,https://weburn.kb.se/riks/ståndsriksdagen/xml/pr_1859-60_3_/pr_1859-60_3__01.xml,https://weburn.kb.se/riks/ståndsriksdagen/pdf/pr_1859-60_3_/pr_1859-60_3__01.pdf,https://weburn.kb.se/riks/metadata/41/21799141.html,1859
pr_1859-60_3__02,Om riksdagstrycket,praster,1859,1859,https://weburn.kb.se/riks/ståndsriksdagen/xml/pr_1859-60_3_/pr_1859-60_3__02.xml,https://weburn.kb.se/riks/ståndsriksdagen/pdf/pr_1859-60_3_/pr_1859-60_3__02.pdf,https://weburn.kb.se/riks/metadata/41/21799141.html,1859
pr_1859-60_8__01,Om riksdagstrycket,praster,1859,1859,https://weburn.kb.se/riks/ståndsriksdagen/xml/pr_1859-60_8_/pr_1859-60_8__01.xml,https://weburn.kb.se/riks/ståndsriksdagen/pdf/pr_1859-60_8_/pr_1859-60_8__01.pdf,https://weburn.kb.se/riks/metadata/46/21799146.html,1859
pr_1859-60_8__02,Om riksdagstrycket,praster,1859,1859,https://weburn.kb.se/riks/ståndsriksdagen/xml/pr_1859-60_8_/pr_1859-60_8__02.xml,https://weburn.kb.se/riks/ståndsriksdagen/pdf/pr_1859-60_8_/pr_1859-60_8__02.pdf,https://weburn.kb.se/riks/metadata/46/21799146.html,1859
pr_1859-60_8__03,Om riksdagstrycket,praster,1859,1859,https://weburn.kb.se/riks/ståndsriksdagen/xml/pr_1859-60_8_/pr_1859-60_8__03.xml,https://weburn.kb.se/riks/ståndsriksdagen/pdf/pr_1859-60_8_/pr_1859-60_8__03.pdf,https://weburn.kb.se/riks/metadata/46/21799146.html,1859
roa_1859-60_1__02,Om riksdagstrycket,adel,1859,1859,https://weburn.kb.se/riks/ståndsriksdagen/xml/roa_1859-60_1_/roa_1859-60_1__02.xml,https://weburn.kb.se/riks/ståndsriksdagen/pdf/roa_1859-60_1_/roa_1859-60_1__02.pdf,https://weburn.kb.se/riks/metadata/49/21799649.html,1859
roa_1859-60_2__01,Om riksdagstrycket,adel,1859,1859,https://weburn.kb.se/riks/ståndsriksdagen/xml/roa_1859-60_2_/roa_1859-60_2__01.xml,https://weburn.kb.se/riks/ståndsriksdagen/pdf/roa_1859-60_2_/roa_1859-60_2__01.pdf,https://weburn.kb.se/riks/metadata/49/21799649.html,1859
roa_1859-60_2__02,Om riksdagstrycket,adel,1859,1859,https://weburn.kb.se/riks/ståndsriksdagen/xml/roa_1859-60_2_/roa_1859-60_2__02.xml,https://weburn.kb.se/riks/ståndsriksdagen/pdf/roa_1859-60_2_/roa_1859-60_2__02.pdf,https://weburn.kb.se/riks/metadata/49/21799649.html,1859
roa_1859-60_11__01,Om riksdagstrycket,adel,1859,1859,https://weburn.kb.se/riks/ståndsriksdagen/xml/roa_1859-60_11_/roa_1859-60_11__01.xml,https://weburn.kb.se/riks/ståndsriksdagen/pdf/roa_1859-60_11_/roa_1859-60_11__01.pdf,https://weburn.kb.se/riks/metadata/51/21799651.html,1859
roa_1859-60_11__02,Om riksdagstrycket,adel,1859,1859,https://weburn.kb.se/riks/ståndsriksdagen/xml/roa_1859-60_11_/roa_1859-60_11__02.xml,https://weburn.kb.se/riks/ståndsriksdagen/pdf/roa_1859-60_11_/roa_1859-60_11__02.pdf,https://weburn.kb.se/riks/metadata/51/21799651.html,1859
roa_1859-60_4__01,Om riksdagstrycket,adel,1859,1859,https://weburn.kb.se/riks/ståndsriksdagen/xml/roa_1859-60_4_/roa_1859-60_4__01.xml,https://weburn.kb.se/riks/ståndsriksdagen/pdf/roa_1859-60_4_/roa_1859-60_4__01.pdf,https://weburn.kb.se/riks/metadata/53/21799653.html,1859
roa_1859-60_4__02,Om riksdagstrycket,adel,1859,1859,https://weburn.kb.se/riks/ståndsriksdagen/xml/roa_1859-60_4_/roa_1859-60_4__02.xml,https://weburn.kb.se/riks/ståndsriksdagen/pdf/roa_1859-60_4_/roa_1859-60_4__02.pdf,https://weburn.kb.se/riks/metadata/53/21799653.html,1859
roa_1859-60_1__01,Om riksdagstrycket,adel,1859,1859,https://weburn.kb.se/riks/ståndsriksdagen/xml/roa_1859-60_1_/roa_1859-60_1__01.xml,https://weburn.kb.se/riks/ståndsriksdagen/pdf/roa_1859-60_1_/roa_1859-60_1__01.pdf,https://weburn.kb.se/riks/metadata/48/21799648.html,1859
roa_1859-60_9__01,Om riksdagstrycket,adel,1859,1859,https://weburn.kb.se/riks/ståndsriksdagen/xml/roa_1859-60_9_/roa_1859-60_9__01.xml,https://weburn.kb.se/riks/ståndsriksdagen/pdf/roa_1859-60_9_/roa_1859-60_9__01.pdf,https://weburn.kb.se/riks/metadata/57/21799657.html,1859
roa_1859-60_9__02,Om riksdagstrycket,adel,1859,1859,https://weburn.kb.se/riks/ståndsriksdagen/xml/roa_1859-60_9_/roa_1859-60_9__02.xml,https://weburn.kb.se/riks/ståndsriksdagen/pdf/roa_1859-60_9_/roa_1859-60_9__02.pdf,https://weburn.kb.se/riks/metadata/57/21799657.html,1859
roa_1859-60_6__01,Om riksdagstrycket,adel,1859,1859,https://weburn.kb.se/riks/ståndsriksdagen/xml/roa_1859-60_6_/roa_1859-60_6__01.xml,https://weburn.kb.se/riks/ståndsriksdagen/pdf/roa_1859-60_6_/roa_1859-60_6__01.pdf,https://weburn.kb.se/riks/metadata/54/21799654.html,1859
roa_1859-60_6__02,Om riksdagstrycket,adel,1859,1859,https://weburn.kb.se/riks/ståndsriksdagen/xml/roa_1859-60_6_/roa_1859-60_6__02.xml,https://weburn.kb.se/riks/ståndsriksdagen/pdf/roa_1859-60_6_/roa_1859-60_6__02.pdf,https://weburn.kb.se/riks/metadata/54/21799654.html,1859
roa_1859-60_7__01,Om riksdagstrycket,adel,1859,1859,https://weburn.kb.se/riks/ståndsriksdagen/xml/roa_1859-60_7_/roa_1859-60_7__01.xml,https://weburn.kb.se/riks/ståndsriksdagen/pdf/roa_1859-60_7_/roa_1859-60_7__01.pdf,https://weburn.kb.se/riks/metadata/55/21799655.html,1859
roa_1859-60_7__02,Om riksdagstrycket,adel,1859,1859,https://weburn.kb.se/riks/ståndsriksdagen/xml/roa_1859-60_7_/roa_1859-60_7__02.xml,https://weburn.kb.se/riks/ståndsriksdagen/pdf/roa_1859-60_7_/roa_1859-60_7__02.pdf,https://weburn.kb.se/riks/metadata/55/21799655.html,1859
roa_1859-60_10_,Om riksdagstrycket,adel,1859,1859,https://weburn.kb.se/riks/ståndsriksdagen/xml/roa_1859-60_10_/roa_1859-60_10_.xml,https://weburn.kb.se/riks/ståndsriksdagen/pdf/roa_1859-60_10_/roa_1859-60_10_.pdf,https://weburn.kb.se/riks/metadata/50/21799650.html,1859
roa_1859-60_3__01,Om riksdagstrycket,adel,1859,1859,https://weburn.kb.se/riks/ståndsriksdagen/xml/roa_1859-60_3_/roa_1859-60_3__01.xml,https://weburn.kb.se/riks/ståndsriksdagen/pdf/roa_1859-60_3_/roa_1859-60_3__01.pdf,https://weburn.kb.se/riks/metadata/52/21799652.html,1859
roa_1859-60_3__02,Om riksdagstrycket,adel,1859,1859,https://weburn.kb.se/riks/ståndsriksdagen/xml/roa_1859-60_3_/roa_1859-60_3__02.xml,https://weburn.kb.se/riks/ståndsriksdagen/pdf/roa_1859-60_3_/roa_1859-60_3__02.pdf,https://weburn.kb.se/riks/metadata/52/21799652.html,1859
roa_1859-60_3__03,Om riksdagstrycket,adel,1859,1859,https://weburn.kb.se/riks/ståndsriksdagen/xml/roa_1859-60_3_/roa_1859-60_3__03.xml,https://weburn.kb.se/riks/ståndsriksdagen/pdf/roa_1859-60_3_/roa_1859-60_3__03.pdf,https://weburn.kb.se/riks/metadata/52/21799652.html,1859
roa_1859-60_8__01,Om riksdagstrycket,adel,1859,1859,https://weburn.kb.se/riks/ståndsriksdagen/xml/roa_1859-60_8_/roa_1859-60_8__01.xml,https://weburn.kb.se/riks/ståndsriksdagen/pdf/roa_1859-60_8_/roa_1859-60_8__01.pdf,https://weburn.kb.se/riks/metadata/56/21799656.html,1859
roa_1859-60_8__02,Om riksdagstrycket,adel,1859,1859,https://weburn.kb.se/riks/ståndsriksdagen/xml/roa_1859-60_8_/roa_1859-60_8__02.xml,https://weburn.kb.se/riks/ståndsriksdagen/pdf/roa_1859-60_8_/roa_1859-60_8__02.pdf,https://weburn.kb.se/riks/metadata/56/21799656.html,1859
bg_1859-60_2_,Om riksdagstrycket,borgare,1859,1859,https://weburn.kb.se/riks/ståndsriksdagen/xml/bg_1859-60_2_/bg_1859-60_2_.xml,https://weburn.kb.se/riks/ståndsriksdagen/pdf/bg_1859-60_2_/bg_1859-60_2_.pdf,https://weburn.kb.se/riks/metadata/86/21797986.html,1859
bg_1859-60_5__01,Om riksdagstrycket,borgare,1859,1859,https://weburn.kb.se/riks/ståndsriksdagen/xml/bg_1859-60_5_/bg_1859-60_5__01.xml,https://weburn.kb.se/riks/ståndsriksdagen/pdf/bg_1859-60_5_/bg_1859-60_5__01.pdf,https://weburn.kb.se/riks/metadata/93/21797993.html,1859
bg_1859-60_5__02,Om riksdagstrycket,borgare,1859,1859,https://weburn.kb.se/riks/ståndsriksdagen/xml/bg_1859-60_5_/bg_1859-60_5__02.xml,https://weburn.kb.se/riks/ståndsriksdagen/pdf/bg_1859-60_5_/bg_1859-60_5__02.pdf,https://weburn.kb.se/riks/metadata/93/21797993.html,1859
bg_1859-60_5__03,Om riksdagstrycket,borgare,1859,1859,https://weburn.kb.se/riks/ståndsriksdagen/xml/bg_1859-60_5_/bg_1859-60_5__03.xml,https://weburn.kb.se/riks/ståndsriksdagen/pdf/bg_1859-60_5_/bg_1859-60_5__03.pdf,https://weburn.kb.se/riks/metadata/93/21797993.html,1859
bg_1859-60_5__04,Om riksdagstrycket,borgare,1859,1859,https://weburn.kb.se/riks/ståndsriksdagen/xml/bg_1859-60_5_/bg_1859-60_5__04.xml,https://weburn.kb.se/riks/ståndsriksdagen/pdf/bg_1859-60_5_/bg_1859-60_5__04.pdf,https://weburn.kb.se/riks/metadata/93/21797993.html,1859
bg_1859-60_4__01,Om riksdagstrycket,borgare,1859,1859,https://weburn.kb.se/riks/ståndsriksdagen/xml/bg_1859-60_4_/bg_1859-60_4__01.xml,https://weburn.kb.se/riks/ståndsriksdagen/pdf/bg_1859-60_4_/bg_1859-60_4__01.pdf,https://weburn.kb.se/riks/metadata/90/21797990.html,1859
bg_1859-60_4__02,Om riksdagstrycket,borgare,1859,1859,https://weburn.kb.se/riks/ståndsriksdagen/xml/bg_1859-60_4_/bg_1859-60_4__02.xml,https://weburn.kb.se/riks/ståndsriksdagen/pdf/bg_1859-60_4_/bg_1859-60_4__02.pdf,https://weburn.kb.se/riks/metadata/90/21797990.html,1859
bg_1859-60_4__03,Om riksdagstrycket,borgare,1859,1859,https://weburn.kb.se/riks/ståndsriksdagen/xml/bg_1859-60_4_/bg_1859-60_4__03.xml,https://weburn.kb.se/riks/ståndsriksdagen/pdf/bg_1859-60_4_/bg_1859-60_4__03.pdf,https://weburn.kb.se/riks/metadata/90/21797990.html,1859
bg_1859-60_4__04,Om riksdagstrycket,borgare,1859,1859,https://weburn.kb.se/riks/ståndsriksdagen/xml/bg_1859-60_4_/bg_1859-60_4__04.xml,https://weburn.kb.se/riks/ståndsriksdagen/pdf/bg_1859-60_4_/bg_1859-60_4__04.pdf,https://weburn.kb.se/riks/metadata/90/21797990.html,1859
bg_1859-60_1__01,Om riksdagstrycket,borgare,1859,1859,https://weburn.kb.se/riks/ståndsriksdagen/xml/bg_1859-60_1_/bg_1859-60_1__01.xml,https://weburn.kb.se/riks/ståndsriksdagen/pdf/bg_1859-60_1_/bg_1859-60_1__01.pdf,https://weburn.kb.se/riks/metadata/85/21797985.html,1859
bg_1859-60_1__02,Om riksdagstrycket,borgare,1859,1859,https://weburn.kb.se/riks/ståndsriksdagen/xml/bg_1859-60_1_/bg_1859-60_1__02.xml,https://weburn.kb.se/riks/ståndsriksdagen/pdf/bg_1859-60_1_/bg_1859-60_1__02.pdf,https://weburn.kb.se/riks/metadata/85/21797985.html,1859
bg_1859-60_6__01,Om riksdagstrycket,borgare,1859,1859,https://weburn.kb.se/riks/ståndsriksdagen/xml/bg_1859-60_6_/bg_1859-60_6__01.xml,https://weburn.kb.se/riks/ståndsriksdagen/pdf/bg_1859-60_6_/bg_1859-60_6__01.pdf,https://weburn.kb.se/riks/metadata/98/21797998.html,1859
bg_1859-60_6__02,Om riksdagstrycket,borgare,1859,1859,https://weburn.kb.se/riks/ståndsriksdagen/xml/bg_1859-60_6_/bg_1859-60_6__02.xml,https://weburn.kb.se/riks/ståndsriksdagen/pdf/bg_1859-60_6_/bg_1859-60_6__02.pdf,https://weburn.kb.se/riks/metadata/98/21797998.html,1859
bg_1859-60_6__03,Om riksdagstrycket,borgare,1859,1859,https://weburn.kb.se/riks/ståndsriksdagen/xml/bg_1859-60_6_/bg_1859-60_6__03.xml,https://weburn.kb.se/riks/ståndsriksdagen/pdf/bg_1859-60_6_/bg_1859-60_6__03.pdf,https://weburn.kb.se/riks/metadata/98/21797998.html,1859
bg_1859-60_6__04,Om riksdagstrycket,borgare,1859,1859,https://weburn.kb.se/riks/ståndsriksdagen/xml/bg_1859-60_6_/bg_1859-60_6__04.xml,https://weburn.kb.se/riks/ståndsriksdagen/pdf/bg_1859-60_6_/bg_1859-60_6__04.pdf,https://weburn.kb.se/riks/metadata/98/21797998.html,1859
bg_1859-60_3__01,Om riksdagstrycket,borgare,1859,1859,https://weburn.kb.se/riks/ståndsriksdagen/xml/bg_1859-60_3_/bg_1859-60_3__01.xml,https://weburn.kb.se/riks/ståndsriksdagen/pdf/bg_1859-60_3_/bg_1859-60_3__01.pdf,https://weburn.kb.se/riks/metadata/87/21797987.html,1859
bg_1859-60_3__02,Om riksdagstrycket,borgare,1859,1859,https://weburn.kb.se/riks/ståndsriksdagen/xml/bg_1859-60_3_/bg_1859-60_3__02.xml,https://weburn.kb.se/riks/ståndsriksdagen/pdf/bg_1859-60_3_/bg_1859-60_3__02.pdf,https://weburn.kb.se/riks/metadata/87/21797987.html,1859
bg_1859-60_3__03,Om riksdagstrycket,borgare,1859,1859,https://weburn.kb.se/riks/ståndsriksdagen/xml/bg_1859-60_3_/bg_1859-60_3__03.xml,https://weburn.kb.se/riks/ståndsriksdagen/pdf/bg_1859-60_3_/bg_1859-60_3__03.pdf,https://weburn.kb.se/riks/metadata/87/21797987.html,1859
bn_1859-60_reg__01,Om riksdagstrycket,bonder,1859,1859,https://weburn.kb.se/riks/ståndsriksdagen/xml/bn_1859-60_reg_/bn_1859-60_reg__01.xml,https://weburn.kb.se/riks/ståndsriksdagen/pdf/bn_1859-60_reg_/bn_1859-60_reg__01.pdf,https://weburn.kb.se/riks/metadata/78/21798878.html,1859
bn_1859-60_reg__02,Om riksdagstrycket,bonder,1859,1859,https://weburn.kb.se/riks/ståndsriksdagen/xml/bn_1859-60_reg_/bn_1859-60_reg__02.xml,https://weburn.kb.se/riks/ståndsriksdagen/pdf/bn_1859-60_reg_/bn_1859-60_reg__02.pdf,https://weburn.kb.se/riks/metadata/78/21798878.html,1859
bn_1859-60_reg__03,Om riksdagstrycket,bonder,1859,1859,https://weburn.kb.se/riks/ståndsriksdagen/xml/bn_1859-60_reg_/bn_1859-60_reg__03.xml,https://weburn.kb.se/riks/ståndsriksdagen/pdf/bn_1859-60_reg_/bn_1859-60_reg__03.pdf,https://weburn.kb.se/riks/metadata/78/21798878.html,1859
roa_1859-60_reg_,Om riksdagstrycket,adel,1859,1859,https://weburn.kb.se/riks/ståndsriksdagen/xml/roa_1859-60_reg_/roa_1859-60_reg_.xml,https://weburn.kb.se/riks/ståndsriksdagen/pdf/roa_1859-60_reg_/roa_1859-60_reg_.pdf,https://weburn.kb.se/riks/metadata/58/21799658.html,1859
pr_1859-60_reg_,Om riksdagstrycket,praster,1859,1859,https://weburn.kb.se/riks/ståndsriksdagen/xml/pr_1859-60_reg_/pr_1859-60_reg_.xml,https://weburn.kb.se/riks/ståndsriksdagen/pdf/pr_1859-60_reg_/pr_1859-60_reg_.pdf,https://weburn.kb.se/riks/metadata/47/21799147.html,1859
bg_1859-60_reg_,Om riksdagstrycket,borgare,1859,1859,https://weburn.kb.se/riks/ståndsriksdagen/xml/bg_1859-60_reg_/bg_1859-60_reg_.xml,https://weburn.kb.se/riks/ståndsriksdagen/pdf/bg_1859-60_reg_/bg_1859-60_reg_.pdf,https://weburn.kb.se/riks/metadata/02/21798002.html,1859
pr_1859-60_suppl_,Om riksdagstrycket,praster,1859,1859,https://weburn.kb.se/riks/ståndsriksdagen/xml/pr_1859-60_suppl_/pr_1859-60_suppl_.xml,https://weburn.kb.se/riks/ståndsriksdagen/pdf/pr_1859-60_suppl_/pr_1859-60_suppl_.pdf,https://weburn.kb.se/riks/metadata/48/21799148.html,1859
roa_1859-60_suppl_1_,Om riksdagstrycket,adel,1859,1859,https://weburn.kb.se/riks/ståndsriksdagen/xml/roa_1859-60_suppl_1_/roa_1859-60_suppl_1_.xml,https://weburn.kb.se/riks/ståndsriksdagen/pdf/roa_1859-60_suppl_1_/roa_1859-60_suppl_1_.pdf,https://weburn.kb.se/riks/metadata/59/21799659.html,1859
roa_1859-60_suppl_2_,Om riksdagstrycket,adel,1859,1859,https://weburn.kb.se/riks/ståndsriksdagen/xml/roa_1859-60_suppl_2_/roa_1859-60_suppl_2_.xml,https://weburn.kb.se/riks/ståndsriksdagen/pdf/roa_1859-60_suppl_2_/roa_1859-60_suppl_2_.pdf,https://weburn.kb.se/riks/metadata/59/21799659.html,1859
bih_1862-1863_reg_,Om riksdagstrycket,bihang,1862,1863,https://weburn.kb.se/riks/ståndsriksdagen/xml/bih_1862-1863_reg_/bih_1862-1863_reg_.xml,https://weburn.kb.se/riks/ståndsriksdagen/pdf/bih_1862-1863_reg_/bih_1862-1863_reg_.pdf,https://weburn.kb.se/riks/metadata/13/21798613.html,1862-1863
bih_1862-1863_1-1_2-2__01,Om riksdagstrycket,bihang,1862,1863,https://weburn.kb.se/riks/ståndsriksdagen/xml/bih_1862-1863_1-1_2-2_/bih_1862-1863_1-1_2-2__01.xml,https://weburn.kb.se/riks/ståndsriksdagen/pdf/bih_1862-1863_1-1_2-2_/bih_1862-1863_1-1_2-2__01.pdf,https://weburn.kb.se/riks/metadata/87/21798587.html,1862-1863
bih_1862-1863_1-1_2-2__02,Om riksdagstrycket,bihang,1862,1863,https://weburn.kb.se/riks/ståndsriksdagen/xml/bih_1862-1863_1-1_2-2_/bih_1862-1863_1-1_2-2__02.xml,https://weburn.kb.se/riks/ståndsriksdagen/pdf/bih_1862-1863_1-1_2-2_/bih_1862-1863_1-1_2-2__02.pdf,https://weburn.kb.se/riks/metadata/87/21798587.html,1862-1863
bih_1862-1863_1-1_2-2__03,Om riksdagstrycket,bihang,1862,1863,https://weburn.kb.se/riks/ståndsriksdagen/xml/bih_1862-1863_1-1_2-2_/bih_1862-1863_1-1_2-2__03.xml,https://weburn.kb.se/riks/ståndsriksdagen/pdf/bih_1862-1863_1-1_2-2_/bih_1862-1863_1-1_2-2__03.pdf,https://weburn.kb.se/riks/metadata/87/21798587.html,1862-1863
bih_1862-1863_1-1_2-2__04,Om riksdagstrycket,bihang,1862,1863,https://weburn.kb.se/riks/ståndsriksdagen/xml/bih_1862-1863_1-1_2-2_/bih_1862-1863_1-1_2-2__04.xml,https://weburn.kb.se/riks/ståndsriksdagen/pdf/bih_1862-1863_1-1_2-2_/bih_1862-1863_1-1_2-2__04.pdf,https://weburn.kb.se/riks/metadata/87/21798587.html,1862-1863
bih_1862-1863_1-1_2-2__05,Om riksdagstrycket,bihang,1862,1863,https://weburn.kb.se/riks/ståndsriksdagen/xml/bih_1862-1863_1-1_2-2_/bih_1862-1863_1-1_2-2__05.xml,https://weburn.kb.se/riks/ståndsriksdagen/pdf/bih_1862-1863_1-1_2-2_/bih_1862-1863_1-1_2-2__05.pdf,https://weburn.kb.se/riks/metadata/87/21798587.html,1862-1863
bih_1862-1863_1-1-1__01,Om riksdagstrycket,bihang,1862,1863,https://weburn.kb.se/riks/ståndsriksdagen/xml/bih_1862-1863_1-1-1_/bih_1862-1863_1-1-1__01.xml,https://weburn.kb.se/riks/ståndsriksdagen/pdf/bih_1862-1863_1-1-1_/bih_1862-1863_1-1-1__01.pdf,https://weburn.kb.se/riks/metadata/89/21798589.html,1862-1863
bih_1862-1863_1-1-1__02,Om riksdagstrycket,bihang,1862,1863,https://weburn.kb.se/riks/ståndsriksdagen/xml/bih_1862-1863_1-1-1_/bih_1862-1863_1-1-1__02.xml,https://weburn.kb.se/riks/ståndsriksdagen/pdf/bih_1862-1863_1-1-1_/bih_1862-1863_1-1-1__02.pdf,https://weburn.kb.se/riks/metadata/89/21798589.html,1862-1863
bih_1862-1863_1-1-1__03,Om riksdagstrycket,bihang,1862,1863,https://weburn.kb.se/riks/ståndsriksdagen/xml/bih_1862-1863_1-1-1_/bih_1862-1863_1-1-1__03.xml,https://weburn.kb.se/riks/ståndsriksdagen/pdf/bih_1862-1863_1-1-1_/bih_1862-1863_1-1-1__03.pdf,https://weburn.kb.se/riks/metadata/89/21798589.html,1862-1863
bih_1862-1863_2-1-2_,Om riksdagstrycket,bihang,1862,1863,https://weburn.kb.se/riks/ståndsriksdagen/xml/bih_1862-1863_2-1-2_/bih_1862-1863_2-1-2_.xml,https://weburn.kb.se/riks/ståndsriksdagen/pdf/bih_1862-1863_2-1-2_/bih_1862-1863_2-1-2_.pdf,https://weburn.kb.se/riks/metadata/94/21798594.html,1862-1863
bih_1862-1863_2-1-2a__01,Om riksdagstrycket,bihang,1862,1863,https://weburn.kb.se/riks/ståndsriksdagen/xml/bih_1862-1863_2-1-2a_/bih_1862-1863_2-1-2a__01.xml,https://weburn.kb.se/riks/ståndsriksdagen/pdf/bih_1862-1863_2-1-2a_/bih_1862-1863_2-1-2a__01.pdf,https://weburn.kb.se/riks/metadata/94/21798594.html,1862-1863
bih_1862-1863_2-1-2a__02,Om riksdagstrycket,bihang,1862,1863,https://weburn.kb.se/riks/ståndsriksdagen/xml/bih_1862-1863_2-1-2a_/bih_1862-1863_2-1-2a__02.xml,https://weburn.kb.se/riks/ståndsriksdagen/pdf/bih_1862-1863_2-1-2a_/bih_1862-1863_2-1-2a__02.pdf,https://weburn.kb.se/riks/metadata/94/21798594.html,1862-1863
bih_1862-1863_2-1-4_,Om riksdagstrycket,bihang,1862,1863,https://weburn.kb.se/riks/ståndsriksdagen/xml/bih_1862-1863_2-1-4_/bih_1862-1863_2-1-4_.xml,https://weburn.kb.se/riks/ståndsriksdagen/pdf/bih_1862-1863_2-1-4_/bih_1862-1863_2-1-4_.pdf,https://weburn.kb.se/riks/metadata/96/21798596.html,1862-1863
bih_1862-1863_2-1-1__01,Om riksdagstrycket,bihang,1862,1863,https://weburn.kb.se/riks/ståndsriksdagen/xml/bih_1862-1863_2-1-1_/bih_1862-1863_2-1-1__01.xml,https://weburn.kb.se/riks/ståndsriksdagen/pdf/bih_1862-1863_2-1-1_/bih_1862-1863_2-1-1__01.pdf,https://weburn.kb.se/riks/metadata/93/21798593.html,1862-1863
bih_1862-1863_2-1-1__02,Om riksdagstrycket,bihang,1862,1863,https://weburn.kb.se/riks/ståndsriksdagen/xml/bih_1862-1863_2-1-1_/bih_1862-1863_2-1-1__02.xml,https://weburn.kb.se/riks/ståndsriksdagen/pdf/bih_1862-1863_2-1-1_/bih_1862-1863_2-1-1__02.pdf,https://weburn.kb.se/riks/metadata/93/21798593.html,1862-1863
bih_1862-1863_2-1-1__03,Om riksdagstrycket,bihang,1862,1863,https://weburn.kb.se/riks/ståndsriksdagen/xml/bih_1862-1863_2-1-1_/bih_1862-1863_2-1-1__03.xml,https://weburn.kb.se/riks/ståndsriksdagen/pdf/bih_1862-1863_2-1-1_/bih_1862-1863_2-1-1__03.pdf,https://weburn.kb.se/riks/metadata/93/21798593.html,1862-1863
bih_1862-1863_2-1-3__01,Om riksdagstrycket,bihang,1862,1863,https://weburn.kb.se/riks/ståndsriksdagen/xml/bih_1862-1863_2-1-3_/bih_1862-1863_2-1-3__01.xml,https://weburn.kb.se/riks/ståndsriksdagen/pdf/bih_1862-1863_2-1-3_/bih_1862-1863_2-1-3__01.pdf,https://weburn.kb.se/riks/metadata/95/21798595.html,1862-1863
bih_1862-1863_2-1-3__02,Om riksdagstrycket,bihang,1862,1863,https://weburn.kb.se/riks/ståndsriksdagen/xml/bih_1862-1863_2-1-3_/bih_1862-1863_2-1-3__02.xml,https://weburn.kb.se/riks/ståndsriksdagen/pdf/bih_1862-1863_2-1-3_/bih_1862-1863_2-1-3__02.pdf,https://weburn.kb.se/riks/metadata/95/21798595.html,1862-1863
bih_1862-1863_2-2__01,Om riksdagstrycket,bihang,1862,1863,https://weburn.kb.se/riks/ståndsriksdagen/xml/bih_1862-1863_2-2_/bih_1862-1863_2-2__01.xml,https://weburn.kb.se/riks/ståndsriksdagen/pdf/bih_1862-1863_2-2_/bih_1862-1863_2-2__01.pdf,https://weburn.kb.se/riks/metadata/98/21798598.html,1862-1863
bih_1862-1863_2-2__02,Om riksdagstrycket,bihang,1862,1863,https://weburn.kb.se/riks/ståndsriksdagen/xml/bih_1862-1863_2-2_/bih_1862-1863_2-2__02.xml,https://weburn.kb.se/riks/ståndsriksdagen/pdf/bih_1862-1863_2-2_/bih_1862-1863_2-2__02.pdf,https://weburn.kb.se/riks/metadata/98/21798598.html,1862-1863
bih_1862-1863_2-2__03,Om riksdagstrycket,bihang,1862,1863,https://weburn.kb.se/riks/ståndsriksdagen/xml/bih_1862-1863_2-2_/bih_1862-1863_2-2__03.xml,https://weburn.kb.se/riks/ståndsriksdagen/pdf/bih_1862-1863_2-2_/bih_1862-1863_2-2__03.pdf,https://weburn.kb.se/riks/metadata/98/21798598.html,1862-1863
bih_1862-1863_2-2__04,Om riksdagstrycket,bihang,1862,1863,https://weburn.kb.se/riks/ståndsriksdagen/xml/bih_1862-1863_2-2_/bih_1862-1863_2-2__04.xml,https://weburn.kb.se/riks/ståndsriksdagen/pdf/bih_1862-1863_2-2_/bih_1862-1863_2-2__04.pdf,https://weburn.kb.se/riks/metadata/98/21798598.html,1862-1863
bih_1862-1863_11-1__01,Om riksdagstrycket,bihang,1862,1863,https://weburn.kb.se/riks/ståndsriksdagen/xml/bih_1862-1863_11-1_/bih_1862-1863_11-1__01.xml,https://weburn.kb.se/riks/ståndsriksdagen/pdf/bih_1862-1863_11-1_/bih_1862-1863_11-1__01.pdf,https://weburn.kb.se/riks/metadata/88/21798588.html,1862-1863
bih_1862-1863_11-1__02,Om riksdagstrycket,bihang,1862,1863,https://weburn.kb.se/riks/ståndsriksdagen/xml/bih_1862-1863_11-1_/bih_1862-1863_11-1__02.xml,https://weburn.kb.se/riks/ståndsriksdagen/pdf/bih_1862-1863_11-1_/bih_1862-1863_11-1__02.pdf,https://weburn.kb.se/riks/metadata/88/21798588.html,1862-1863
bih_1862-1863_11-1__03,Om riksdagstrycket,bihang,1862,1863,https://weburn.kb.se/riks/ståndsriksdagen/xml/bih_1862-1863_11-1_/bih_1862-1863_11-1__03.xml,https://weburn.kb.se/riks/ståndsriksdagen/pdf/bih_1862-1863_11-1_/bih_1862-1863_11-1__03.pdf,https://weburn.kb.se/riks/metadata/88/21798588.html,1862-1863
bih_1862-1863_11-3__01,Om riksdagstrycket,bihang,1862,1863,https://weburn.kb.se/riks/ståndsriksdagen/xml/bih_1862-1863_11-3_/bih_1862-1863_11-3__01.xml,https://weburn.kb.se/riks/ståndsriksdagen/pdf/bih_1862-1863_11-3_/bih_1862-1863_11-3__01.pdf,https://weburn.kb.se/riks/metadata/91/21798591.html,1862-1863
bih_1862-1863_11-3__02,Om riksdagstrycket,bihang,1862,1863,https://weburn.kb.se/riks/ståndsriksdagen/xml/bih_1862-1863_11-3_/bih_1862-1863_11-3__02.xml,https://weburn.kb.se/riks/ståndsriksdagen/pdf/bih_1862-1863_11-3_/bih_1862-1863_11-3__02.pdf,https://weburn.kb.se/riks/metadata/91/21798591.html,1862-1863
bih_1862-1863_11-3__03,Om riksdagstrycket,bihang,1862,1863,https://weburn.kb.se/riks/ståndsriksdagen/xml/bih_1862-1863_11-3_/bih_1862-1863_11-3__03.xml,https://weburn.kb.se/riks/ståndsriksdagen/pdf/bih_1862-1863_11-3_/bih_1862-1863_11-3__03.pdf,https://weburn.kb.se/riks/metadata/91/21798591.html,1862-1863
bih_1862-1863_11-4__01,Om riksdagstrycket,bihang,1862,1863,https://weburn.kb.se/riks/ståndsriksdagen/xml/bih_1862-1863_11-4_/bih_1862-1863_11-4__01.xml,https://weburn.kb.se/riks/ståndsriksdagen/pdf/bih_1862-1863_11-4_/bih_1862-1863_11-4__01.pdf,https://weburn.kb.se/riks/metadata/92/21798592.html,1862-1863
bih_1862-1863_11-4__02,Om riksdagstrycket,bihang,1862,1863,https://weburn.kb.se/riks/ståndsriksdagen/xml/bih_1862-1863_11-4_/bih_1862-1863_11-4__02.xml,https://weburn.kb.se/riks/ståndsriksdagen/pdf/bih_1862-1863_11-4_/bih_1862-1863_11-4__02.pdf,https://weburn.kb.se/riks/metadata/92/21798592.html,1862-1863
bih_1862-1863_11-4__03,Om riksdagstrycket,bihang,1862,1863,https://weburn.kb.se/riks/ståndsriksdagen/xml/bih_1862-1863_11-4_/bih_1862-1863_11-4__03.xml,https://weburn.kb.se/riks/ståndsriksdagen/pdf/bih_1862-1863_11-4_/bih_1862-1863_11-4__03.pdf,https://weburn.kb.se/riks/metadata/92/21798592.html,1862-1863
bih_1862-1863_11-4__04,Om riksdagstrycket,bihang,1862,1863,https://weburn.kb.se/riks/ståndsriksdagen/xml/bih_1862-1863_11-4_/bih_1862-1863_11-4__04.xml,https://weburn.kb.se/riks/ståndsriksdagen/pdf/bih_1862-1863_11-4_/bih_1862-1863_11-4__04.pdf,https://weburn.kb.se/riks/metadata/92/21798592.html,1862-1863
bih_1862-1863_11-2_,Om riksdagstrycket,bihang,1862,1863,https://weburn.kb.se/riks/ståndsriksdagen/xml/bih_1862-1863_11-2_/bih_1862-1863_11-2_.xml,https://weburn.kb.se/riks/ståndsriksdagen/pdf/bih_1862-1863_11-2_/bih_1862-1863_11-2_.pdf,https://weburn.kb.se/riks/metadata/90/21798590.html,1862-1863
bih_1862-1863_5-1__01,Om riksdagstrycket,bihang,1862,1863,https://weburn.kb.se/riks/ståndsriksdagen/xml/bih_1862-1863_5-1_/bih_1862-1863_5-1__01.xml,https://weburn.kb.se/riks/ståndsriksdagen/pdf/bih_1862-1863_5-1_/bih_1862-1863_5-1__01.pdf,https://weburn.kb.se/riks/metadata/04/21798604.html,1862-1863
bih_1862-1863_5-1__02,Om riksdagstrycket,bihang,1862,1863,https://weburn.kb.se/riks/ståndsriksdagen/xml/bih_1862-1863_5-1_/bih_1862-1863_5-1__02.xml,https://weburn.kb.se/riks/ståndsriksdagen/pdf/bih_1862-1863_5-1_/bih_1862-1863_5-1__02.pdf,https://weburn.kb.se/riks/metadata/04/21798604.html,1862-1863
bih_1862-1863_4-1-2__01,Om riksdagstrycket,bihang,1862,1863,https://weburn.kb.se/riks/ståndsriksdagen/xml/bih_1862-1863_4-1-2_/bih_1862-1863_4-1-2__01.xml,https://weburn.kb.se/riks/ståndsriksdagen/pdf/bih_1862-1863_4-1-2_/bih_1862-1863_4-1-2__01.pdf,https://weburn.kb.se/riks/metadata/02/21798602.html,1862-1863
bih_1862-1863_4-1-2__02,Om riksdagstrycket,bihang,1862,1863,https://weburn.kb.se/riks/ståndsriksdagen/xml/bih_1862-1863_4-1-2_/bih_1862-1863_4-1-2__02.xml,https://weburn.kb.se/riks/ståndsriksdagen/pdf/bih_1862-1863_4-1-2_/bih_1862-1863_4-1-2__02.pdf,https://weburn.kb.se/riks/metadata/02/21798602.html,1862-1863
bih_1862-1863_4-1_2-4__01,Om riksdagstrycket,bihang,1862,1863,https://weburn.kb.se/riks/ståndsriksdagen/xml/bih_1862-1863_4-1_2-4_/bih_1862-1863_4-1_2-4__01.xml,https://weburn.kb.se/riks/ståndsriksdagen/pdf/bih_1862-1863_4-1_2-4_/bih_1862-1863_4-1_2-4__01.pdf,https://weburn.kb.se/riks/metadata/00/21798600.html,1862-1863
bih_1862-1863_4-1_2-4__02,Om riksdagstrycket,bihang,1862,1863,https://weburn.kb.se/riks/ståndsriksdagen/xml/bih_1862-1863_4-1_2-4_/bih_1862-1863_4-1_2-4__02.xml,https://weburn.kb.se/riks/ståndsriksdagen/pdf/bih_1862-1863_4-1_2-4_/bih_1862-1863_4-1_2-4__02.pdf,https://weburn.kb.se/riks/metadata/00/21798600.html,1862-1863
bih_1862-1863_4-1_2-4__03,Om riksdagstrycket,bihang,1862,1863,https://weburn.kb.se/riks/ståndsriksdagen/xml/bih_1862-1863_4-1_2-4_/bih_1862-1863_4-1_2-4__03.xml,https://weburn.kb.se/riks/ståndsriksdagen/pdf/bih_1862-1863_4-1_2-4_/bih_1862-1863_4-1_2-4__03.pdf,https://weburn.kb.se/riks/metadata/00/21798600.html,1862-1863
bih_1862-1863_4-1-1__01,Om riksdagstrycket,bihang,1862,1863,https://weburn.kb.se/riks/ståndsriksdagen/xml/bih_1862-1863_4-1-1_/bih_1862-1863_4-1-1__01.xml,https://weburn.kb.se/riks/ståndsriksdagen/pdf/bih_1862-1863_4-1-1_/bih_1862-1863_4-1-1__01.pdf,https://weburn.kb.se/riks/metadata/01/21798601.html,1862-1863
bih_1862-1863_4-1-1__02,Om riksdagstrycket,bihang,1862,1863,https://weburn.kb.se/riks/ståndsriksdagen/xml/bih_1862-1863_4-1-1_/bih_1862-1863_4-1-1__02.xml,https://weburn.kb.se/riks/ståndsriksdagen/pdf/bih_1862-1863_4-1-1_/bih_1862-1863_4-1-1__02.pdf,https://weburn.kb.se/riks/metadata/01/21798601.html,1862-1863
bih_1862-1863_4-1-3__01,Om riksdagstrycket,bihang,1862,1863,https://weburn.kb.se/riks/ståndsriksdagen/xml/bih_1862-1863_4-1-3_/bih_1862-1863_4-1-3__01.xml,https://weburn.kb.se/riks/ståndsriksdagen/pdf/bih_1862-1863_4-1-3_/bih_1862-1863_4-1-3__01.pdf,https://weburn.kb.se/riks/metadata/03/21798603.html,1862-1863
bih_1862-1863_4-1-3__02,Om riksdagstrycket,bihang,1862,1863,https://weburn.kb.se/riks/ståndsriksdagen/xml/bih_1862-1863_4-1-3_/bih_1862-1863_4-1-3__02.xml,https://weburn.kb.se/riks/ståndsriksdagen/pdf/bih_1862-1863_4-1-3_/bih_1862-1863_4-1-3__02.pdf,https://weburn.kb.se/riks/metadata/03/21798603.html,1862-1863
bih_1862-1863_9__01,Om riksdagstrycket,bihang,1862,1863,https://weburn.kb.se/riks/ståndsriksdagen/xml/bih_1862-1863_9_/bih_1862-1863_9__01.xml,https://weburn.kb.se/riks/ståndsriksdagen/pdf/bih_1862-1863_9_/bih_1862-1863_9__01.pdf,https://weburn.kb.se/riks/metadata/12/21798612.html,1862-1863
bih_1862-1863_9__02,Om riksdagstrycket,bihang,1862,1863,https://weburn.kb.se/riks/ståndsriksdagen/xml/bih_1862-1863_9_/bih_1862-1863_9__02.xml,https://weburn.kb.se/riks/ståndsriksdagen/pdf/bih_1862-1863_9_/bih_1862-1863_9__02.pdf,https://weburn.kb.se/riks/metadata/12/21798612.html,1862-1863
bih_1862-1863_9__03,Om riksdagstrycket,bihang,1862,1863,https://weburn.kb.se/riks/ståndsriksdagen/xml/bih_1862-1863_9_/bih_1862-1863_9__03.xml,https://weburn.kb.se/riks/ståndsriksdagen/pdf/bih_1862-1863_9_/bih_1862-1863_9__03.pdf,https://weburn.kb.se/riks/metadata/12/21798612.html,1862-1863
bih_1862-1863_6-1_2__01,Om riksdagstrycket,bihang,1862,1863,https://weburn.kb.se/riks/ståndsriksdagen/xml/bih_1862-1863_6-1_2_/bih_1862-1863_6-1_2__01.xml,https://weburn.kb.se/riks/ståndsriksdagen/pdf/bih_1862-1863_6-1_2_/bih_1862-1863_6-1_2__01.pdf,https://weburn.kb.se/riks/metadata/06/21798606.html,1862-1863
bih_1862-1863_6-1_2__02,Om riksdagstrycket,bihang,1862,1863,https://weburn.kb.se/riks/ståndsriksdagen/xml/bih_1862-1863_6-1_2_/bih_1862-1863_6-1_2__02.xml,https://weburn.kb.se/riks/ståndsriksdagen/pdf/bih_1862-1863_6-1_2_/bih_1862-1863_6-1_2__02.pdf,https://weburn.kb.se/riks/metadata/06/21798606.html,1862-1863
bih_1862-1863_7-1__01,Om riksdagstrycket,bihang,1862,1863,https://weburn.kb.se/riks/ståndsriksdagen/xml/bih_1862-1863_7-1_/bih_1862-1863_7-1__01.xml,https://weburn.kb.se/riks/ståndsriksdagen/pdf/bih_1862-1863_7-1_/bih_1862-1863_7-1__01.pdf,https://weburn.kb.se/riks/metadata/08/21798608.html,1862-1863
bih_1862-1863_7-1__02,Om riksdagstrycket,bihang,1862,1863,https://weburn.kb.se/riks/ståndsriksdagen/xml/bih_1862-1863_7-1_/bih_1862-1863_7-1__02.xml,https://weburn.kb.se/riks/ståndsriksdagen/pdf/bih_1862-1863_7-1_/bih_1862-1863_7-1__02.pdf,https://weburn.kb.se/riks/metadata/08/21798608.html,1862-1863
bih_1862-1863_7-1__03,Om riksdagstrycket,bihang,1862,1863,https://weburn.kb.se/riks/ståndsriksdagen/xml/bih_1862-1863_7-1_/bih_1862-1863_7-1__03.xml,https://weburn.kb.se/riks/ståndsriksdagen/pdf/bih_1862-1863_7-1_/bih_1862-1863_7-1__03.pdf,https://weburn.kb.se/riks/metadata/09/21798609.html,1862-1863
bih_1862-1863_10-1-2__01,Om riksdagstrycket,bihang,1862,1863,https://weburn.kb.se/riks/ståndsriksdagen/xml/bih_1862-1863_10-1-2_/bih_1862-1863_10-1-2__01.xml,https://weburn.kb.se/riks/ståndsriksdagen/pdf/bih_1862-1863_10-1-2_/bih_1862-1863_10-1-2__01.pdf,https://weburn.kb.se/riks/metadata/86/21798586.html,1862-1863
bih_1862-1863_10-1-2__02,Om riksdagstrycket,bihang,1862,1863,https://weburn.kb.se/riks/ståndsriksdagen/xml/bih_1862-1863_10-1-2_/bih_1862-1863_10-1-2__02.xml,https://weburn.kb.se/riks/ståndsriksdagen/pdf/bih_1862-1863_10-1-2_/bih_1862-1863_10-1-2__02.pdf,https://weburn.kb.se/riks/metadata/86/21798586.html,1862-1863
bih_1862-1863_10-1-2__03,Om riksdagstrycket,bihang,1862,1863,https://weburn.kb.se/riks/ståndsriksdagen/xml/bih_1862-1863_10-1-2_/bih_1862-1863_10-1-2__03.xml,https://weburn.kb.se/riks/ståndsriksdagen/pdf/bih_1862-1863_10-1-2_/bih_1862-1863_10-1-2__03.pdf,https://weburn.kb.se/riks/metadata/86/21798586.html,1862-1863
bih_1862-1863_10-1-1__01,Om riksdagstrycket,bihang,1862,1863,https://weburn.kb.se/riks/ståndsriksdagen/xml/bih_1862-1863_10-1-1_/bih_1862-1863_10-1-1__01.xml,https://weburn.kb.se/riks/ståndsriksdagen/pdf/bih_1862-1863_10-1-1_/bih_1862-1863_10-1-1__01.pdf,https://weburn.kb.se/riks/metadata/85/21798585.html,1862-1863
bih_1862-1863_10-1-1__02,Om riksdagstrycket,bihang,1862,1863,https://weburn.kb.se/riks/ståndsriksdagen/xml/bih_1862-1863_10-1-1_/bih_1862-1863_10-1-1__02.xml,https://weburn.kb.se/riks/ståndsriksdagen/pdf/bih_1862-1863_10-1-1_/bih_1862-1863_10-1-1__02.pdf,https://weburn.kb.se/riks/metadata/85/21798585.html,1862-1863
bih_1862-1863_10-1-1__03,Om riksdagstrycket,bihang,1862,1863,https://weburn.kb.se/riks/ståndsriksdagen/xml/bih_1862-1863_10-1-1_/bih_1862-1863_10-1-1__03.xml,https://weburn.kb.se/riks/ståndsriksdagen/pdf/bih_1862-1863_10-1-1_/bih_1862-1863_10-1-1__03.pdf,https://weburn.kb.se/riks/metadata/85/21798585.html,1862-1863
bih_1862-1863_3_,Om riksdagstrycket,bihang,1862,1863,https://weburn.kb.se/riks/ståndsriksdagen/xml/bih_1862-1863_3_/bih_1862-1863_3_.xml,https://weburn.kb.se/riks/ståndsriksdagen/pdf/bih_1862-1863_3_/bih_1862-1863_3_.pdf,https://weburn.kb.se/riks/metadata/99/21798599.html,1862-1863
bih_1862-1863_8__01,Om riksdagstrycket,bihang,1862,1863,https://weburn.kb.se/riks/ståndsriksdagen/xml/bih_1862-1863_8_/bih_1862-1863_8__01.xml,https://weburn.kb.se/riks/ståndsriksdagen/pdf/bih_1862-1863_8_/bih_1862-1863_8__01.pdf,https://weburn.kb.se/riks/metadata/11/21798611.html,1862-1863
bih_1862-1863_8__02,Om riksdagstrycket,bihang,1862,1863,https://weburn.kb.se/riks/ståndsriksdagen/xml/bih_1862-1863_8_/bih_1862-1863_8__02.xml,https://weburn.kb.se/riks/ståndsriksdagen/pdf/bih_1862-1863_8_/bih_1862-1863_8__02.pdf,https://weburn.kb.se/riks/metadata/11/21798611.html,1862-1863
bn_1862-1863_2_,Om riksdagstrycket,bonder,1862,1863,https://weburn.kb.se/riks/ståndsriksdagen/xml/bn_1862-1863_2_/bn_1862-1863_2_.xml,https://weburn.kb.se/riks/ståndsriksdagen/pdf/bn_1862-1863_2_/bn_1862-1863_2_.pdf,https://weburn.kb.se/riks/metadata/80/21798880.html,1862-1863
bn_1862-1863_5_,Om riksdagstrycket,bonder,1862,1863,https://weburn.kb.se/riks/ståndsriksdagen/xml/bn_1862-1863_5_/bn_1862-1863_5_.xml,https://weburn.kb.se/riks/ståndsriksdagen/pdf/bn_1862-1863_5_/bn_1862-1863_5_.pdf,https://weburn.kb.se/riks/metadata/84/21798884.html,1862-1863
bn_1862-1863_4_,Om riksdagstrycket,bonder,1862,1863,https://weburn.kb.se/riks/ståndsriksdagen/xml/bn_1862-1863_4_/bn_1862-1863_4_.xml,https://weburn.kb.se/riks/ståndsriksdagen/pdf/bn_1862-1863_4_/bn_1862-1863_4_.pdf,https://weburn.kb.se/riks/metadata/82/21798882.html,1862-1863
bn_1862-1863_1_,Om riksdagstrycket,bonder,1862,1863,https://weburn.kb.se/riks/ståndsriksdagen/xml/bn_1862-1863_1_/bn_1862-1863_1_.xml,https://weburn.kb.se/riks/ståndsriksdagen/pdf/bn_1862-1863_1_/bn_1862-1863_1_.pdf,https://weburn.kb.se/riks/metadata/79/21798879.html,1862-1863
bn_1862-1863_9_,Om riksdagstrycket,bonder,1862,1863,https://weburn.kb.se/riks/ståndsriksdagen/xml/bn_1862-1863_9_/bn_1862-1863_9_.xml,https://weburn.kb.se/riks/ståndsriksdagen/pdf/bn_1862-1863_9_/bn_1862-1863_9_.pdf,https://weburn.kb.se/riks/metadata/88/21798888.html,1862-1863
bn_1862-1863_6_,Om riksdagstrycket,bonder,1862,1863,https://weburn.kb.se/riks/ståndsriksdagen/xml/bn_1862-1863_6_/bn_1862-1863_6_.xml,https://weburn.kb.se/riks/ståndsriksdagen/pdf/bn_1862-1863_6_/bn_1862-1863_6_.pdf,https://weburn.kb.se/riks/metadata/85/21798885.html,1862-1863
bn_1862-1863_7_,Om riksdagstrycket,bonder,1862,1863,https://weburn.kb.se/riks/ståndsriksdagen/xml/bn_1862-1863_7_/bn_1862-1863_7_.xml,https://weburn.kb.se/riks/ståndsriksdagen/pdf/bn_1862-1863_7_/bn_1862-1863_7_.pdf,https://weburn.kb.se/riks/metadata/86/21798886.html,1862-1863
bn_1862-1863_3_,Om riksdagstrycket,bonder,1862,1863,https://weburn.kb.se/riks/ståndsriksdagen/xml/bn_1862-1863_3_/bn_1862-1863_3_.xml,https://weburn.kb.se/riks/ståndsriksdagen/pdf/bn_1862-1863_3_/bn_1862-1863_3_.pdf,https://weburn.kb.se/riks/metadata/81/21798881.html,1862-1863
bn_1862-1863_8_,Om riksdagstrycket,bonder,1862,1863,https://weburn.kb.se/riks/ståndsriksdagen/xml/bn_1862-1863_8_/bn_1862-1863_8_.xml,https://weburn.kb.se/riks/ståndsriksdagen/pdf/bn_1862-1863_8_/bn_1862-1863_8_.pdf,https://weburn.kb.se/riks/metadata/87/21798887.html,1862-1863
pr_1862-1863_2__01,Om riksdagstrycket,praster,1862,1863,https://weburn.kb.se/riks/ståndsriksdagen/xml/pr_1862-1863_2_/pr_1862-1863_2__01.xml,https://weburn.kb.se/riks/ståndsriksdagen/pdf/pr_1862-1863_2_/pr_1862-1863_2__01.pdf,https://weburn.kb.se/riks/metadata/50/21799150.html,1862-1863
pr_1862-1863_2__02,Om riksdagstrycket,praster,1862,1863,https://weburn.kb.se/riks/ståndsriksdagen/xml/pr_1862-1863_2_/pr_1862-1863_2__02.xml,https://weburn.kb.se/riks/ståndsriksdagen/pdf/pr_1862-1863_2_/pr_1862-1863_2__02.pdf,https://weburn.kb.se/riks/metadata/50/21799150.html,1862-1863
pr_1862-1863_5__01,Om riksdagstrycket,praster,1862,1863,https://weburn.kb.se/riks/ståndsriksdagen/xml/pr_1862-1863_5_/pr_1862-1863_5__01.xml,https://weburn.kb.se/riks/ståndsriksdagen/pdf/pr_1862-1863_5_/pr_1862-1863_5__01.pdf,https://weburn.kb.se/riks/metadata/53/21799153.html,1862-1863
pr_1862-1863_5__02,Om riksdagstrycket,praster,1862,1863,https://weburn.kb.se/riks/ståndsriksdagen/xml/pr_1862-1863_5_/pr_1862-1863_5__02.xml,https://weburn.kb.se/riks/ståndsriksdagen/pdf/pr_1862-1863_5_/pr_1862-1863_5__02.pdf,https://weburn.kb.se/riks/metadata/53/21799153.html,1862-1863
pr_1862-1863_5__03,Om riksdagstrycket,praster,1862,1863,https://weburn.kb.se/riks/ståndsriksdagen/xml/pr_1862-1863_5_/pr_1862-1863_5__03.xml,https://weburn.kb.se/riks/ståndsriksdagen/pdf/pr_1862-1863_5_/pr_1862-1863_5__03.pdf,https://weburn.kb.se/riks/metadata/53/21799153.html,1862-1863
pr_1862-1863_4__01,Om riksdagstrycket,praster,1862,1863,https://weburn.kb.se/riks/ståndsriksdagen/xml/pr_1862-1863_4_/pr_1862-1863_4__01.xml,https://weburn.kb.se/riks/ståndsriksdagen/pdf/pr_1862-1863_4_/pr_1862-1863_4__01.pdf,https://weburn.kb.se/riks/metadata/52/21799152.html,1862-1863
pr_1862-1863_4__02,Om riksdagstrycket,praster,1862,1863,https://weburn.kb.se/riks/ståndsriksdagen/xml/pr_1862-1863_4_/pr_1862-1863_4__02.xml,https://weburn.kb.se/riks/ståndsriksdagen/pdf/pr_1862-1863_4_/pr_1862-1863_4__02.pdf,https://weburn.kb.se/riks/metadata/52/21799152.html,1862-1863
pr_1862-1863_1__01,Om riksdagstrycket,praster,1862,1863,https://weburn.kb.se/riks/ståndsriksdagen/xml/pr_1862-1863_1_/pr_1862-1863_1__01.xml,https://weburn.kb.se/riks/ståndsriksdagen/pdf/pr_1862-1863_1_/pr_1862-1863_1__01.pdf,https://weburn.kb.se/riks/metadata/49/21799149.html,1862-1863
pr_1862-1863_1__02,Om riksdagstrycket,praster,1862,1863,https://weburn.kb.se/riks/ståndsriksdagen/xml/pr_1862-1863_1_/pr_1862-1863_1__02.xml,https://weburn.kb.se/riks/ståndsriksdagen/pdf/pr_1862-1863_1_/pr_1862-1863_1__02.pdf,https://weburn.kb.se/riks/metadata/49/21799149.html,1862-1863
pr_1862-1863_6__01,Om riksdagstrycket,praster,1862,1863,https://weburn.kb.se/riks/ståndsriksdagen/xml/pr_1862-1863_6_/pr_1862-1863_6__01.xml,https://weburn.kb.se/riks/ståndsriksdagen/pdf/pr_1862-1863_6_/pr_1862-1863_6__01.pdf,https://weburn.kb.se/riks/metadata/54/21799154.html,1862-1863
pr_1862-1863_6__02,Om riksdagstrycket,praster,1862,1863,https://weburn.kb.se/riks/ståndsriksdagen/xml/pr_1862-1863_6_/pr_1862-1863_6__02.xml,https://weburn.kb.se/riks/ståndsriksdagen/pdf/pr_1862-1863_6_/pr_1862-1863_6__02.pdf,https://weburn.kb.se/riks/metadata/54/21799154.html,1862-1863
pr_1862-1863_6__03,Om riksdagstrycket,praster,1862,1863,https://weburn.kb.se/riks/ståndsriksdagen/xml/pr_1862-1863_6_/pr_1862-1863_6__03.xml,https://weburn.kb.se/riks/ståndsriksdagen/pdf/pr_1862-1863_6_/pr_1862-1863_6__03.pdf,https://weburn.kb.se/riks/metadata/54/21799154.html,1862-1863
pr_1862-1863_3__01,Om riksdagstrycket,praster,1862,1863,https://weburn.kb.se/riks/ståndsriksdagen/xml/pr_1862-1863_3_/pr_1862-1863_3__01.xml,https://weburn.kb.se/riks/ståndsriksdagen/pdf/pr_1862-1863_3_/pr_1862-1863_3__01.pdf,https://weburn.kb.se/riks/metadata/51/21799151.html,1862-1863
pr_1862-1863_3__02,Om riksdagstrycket,praster,1862,1863,https://weburn.kb.se/riks/ståndsriksdagen/xml/pr_1862-1863_3_/pr_1862-1863_3__02.xml,https://weburn.kb.se/riks/ståndsriksdagen/pdf/pr_1862-1863_3_/pr_1862-1863_3__02.pdf,https://weburn.kb.se/riks/metadata/51/21799151.html,1862-1863
roa_1862-1863_2__01,Om riksdagstrycket,adel,1862,1863,https://weburn.kb.se/riks/ståndsriksdagen/xml/roa_1862-1863_2_/roa_1862-1863_2__01.xml,https://weburn.kb.se/riks/ståndsriksdagen/pdf/roa_1862-1863_2_/roa_1862-1863_2__01.pdf,https://weburn.kb.se/riks/metadata/61/21799661.html,1862-1863
roa_1862-1863_2__02,Om riksdagstrycket,adel,1862,1863,https://weburn.kb.se/riks/ståndsriksdagen/xml/roa_1862-1863_2_/roa_1862-1863_2__02.xml,https://weburn.kb.se/riks/ståndsriksdagen/pdf/roa_1862-1863_2_/roa_1862-1863_2__02.pdf,https://weburn.kb.se/riks/metadata/61/21799661.html,1862-1863
roa_1862-1863_5__01,Om riksdagstrycket,adel,1862,1863,https://weburn.kb.se/riks/ståndsriksdagen/xml/roa_1862-1863_5_/roa_1862-1863_5__01.xml,https://weburn.kb.se/riks/ståndsriksdagen/pdf/roa_1862-1863_5_/roa_1862-1863_5__01.pdf,https://weburn.kb.se/riks/metadata/64/21799664.html,1862-1863
roa_1862-1863_5__02,Om riksdagstrycket,adel,1862,1863,https://weburn.kb.se/riks/ståndsriksdagen/xml/roa_1862-1863_5_/roa_1862-1863_5__02.xml,https://weburn.kb.se/riks/ståndsriksdagen/pdf/roa_1862-1863_5_/roa_1862-1863_5__02.pdf,https://weburn.kb.se/riks/metadata/64/21799664.html,1862-1863
roa_1862-1863_4__01,Om riksdagstrycket,adel,1862,1863,https://weburn.kb.se/riks/ståndsriksdagen/xml/roa_1862-1863_4_/roa_1862-1863_4__01.xml,https://weburn.kb.se/riks/ståndsriksdagen/pdf/roa_1862-1863_4_/roa_1862-1863_4__01.pdf,https://weburn.kb.se/riks/metadata/63/21799663.html,1862-1863
roa_1862-1863_4__02,Om riksdagstrycket,adel,1862,1863,https://weburn.kb.se/riks/ståndsriksdagen/xml/roa_1862-1863_4_/roa_1862-1863_4__02.xml,https://weburn.kb.se/riks/ståndsriksdagen/pdf/roa_1862-1863_4_/roa_1862-1863_4__02.pdf,https://weburn.kb.se/riks/metadata/63/21799663.html,1862-1863
roa_1862-1863_4__03,Om riksdagstrycket,adel,1862,1863,https://weburn.kb.se/riks/ståndsriksdagen/xml/roa_1862-1863_4_/roa_1862-1863_4__03.xml,https://weburn.kb.se/riks/ståndsriksdagen/pdf/roa_1862-1863_4_/roa_1862-1863_4__03.pdf,https://weburn.kb.se/riks/metadata/63/21799663.html,1862-1863
roa_1862-1863_1__01,Om riksdagstrycket,adel,1862,1863,https://weburn.kb.se/riks/ståndsriksdagen/xml/roa_1862-1863_1_/roa_1862-1863_1__01.xml,https://weburn.kb.se/riks/ståndsriksdagen/pdf/roa_1862-1863_1_/roa_1862-1863_1__01.pdf,https://weburn.kb.se/riks/metadata/60/21799660.html,1862-1863
roa_1862-1863_1__02,Om riksdagstrycket,adel,1862,1863,https://weburn.kb.se/riks/ståndsriksdagen/xml/roa_1862-1863_1_/roa_1862-1863_1__02.xml,https://weburn.kb.se/riks/ståndsriksdagen/pdf/roa_1862-1863_1_/roa_1862-1863_1__02.pdf,https://weburn.kb.se/riks/metadata/60/21799660.html,1862-1863
roa_1862-1863_reg_,Om riksdagstrycket,adel,1862,1863,https://weburn.kb.se/riks/ståndsriksdagen/xml/roa_1862-1863_reg_/roa_1862-1863_reg_.xml,https://weburn.kb.se/riks/ståndsriksdagen/pdf/roa_1862-1863_reg_/roa_1862-1863_reg_.pdf,https://weburn.kb.se/riks/metadata/67/21799667.html,1862-1863
roa_1862-1863_6__01,Om riksdagstrycket,adel,1862,1863,https://weburn.kb.se/riks/ståndsriksdagen/xml/roa_1862-1863_6_/roa_1862-1863_6__01.xml,https://weburn.kb.se/riks/ståndsriksdagen/pdf/roa_1862-1863_6_/roa_1862-1863_6__01.pdf,https://weburn.kb.se/riks/metadata/65/21799665.html,1862-1863
roa_1862-1863_6__02,Om riksdagstrycket,adel,1862,1863,https://weburn.kb.se/riks/ståndsriksdagen/xml/roa_1862-1863_6_/roa_1862-1863_6__02.xml,https://weburn.kb.se/riks/ståndsriksdagen/pdf/roa_1862-1863_6_/roa_1862-1863_6__02.pdf,https://weburn.kb.se/riks/metadata/65/21799665.html,1862-1863
roa_1862-1863_7__01,Om riksdagstrycket,adel,1862,1863,https://weburn.kb.se/riks/ståndsriksdagen/xml/roa_1862-1863_7_/roa_1862-1863_7__01.xml,https://weburn.kb.se/riks/ståndsriksdagen/pdf/roa_1862-1863_7_/roa_1862-1863_7__01.pdf,https://weburn.kb.se/riks/metadata/66/21799666.html,1862-1863
roa_1862-1863_7__02,Om riksdagstrycket,adel,1862,1863,https://weburn.kb.se/riks/ståndsriksdagen/xml/roa_1862-1863_7_/roa_1862-1863_7__02.xml,https://weburn.kb.se/riks/ståndsriksdagen/pdf/roa_1862-1863_7_/roa_1862-1863_7__02.pdf,https://weburn.kb.se/riks/metadata/66/21799666.html,1862-1863
roa_1862-1863_3__01,Om riksdagstrycket,adel,1862,1863,https://weburn.kb.se/riks/ståndsriksdagen/xml/roa_1862-1863_3_/roa_1862-1863_3__01.xml,https://weburn.kb.se/riks/ståndsriksdagen/pdf/roa_1862-1863_3_/roa_1862-1863_3__01.pdf,https://weburn.kb.se/riks/metadata/62/21799662.html,1862-1863
roa_1862-1863_3__02,Om riksdagstrycket,adel,1862,1863,https://weburn.kb.se/riks/ståndsriksdagen/xml/roa_1862-1863_3_/roa_1862-1863_3__02.xml,https://weburn.kb.se/riks/ståndsriksdagen/pdf/roa_1862-1863_3_/roa_1862-1863_3__02.pdf,https://weburn.kb.se/riks/metadata/62/21799662.html,1862-1863
bg_1862-1863_2__01,Om riksdagstrycket,borgare,1862,1863,https://weburn.kb.se/riks/ståndsriksdagen/xml/bg_1862-1863_2_/bg_1862-1863_2__01.xml,https://weburn.kb.se/riks/ståndsriksdagen/pdf/bg_1862-1863_2_/bg_1862-1863_2__01.pdf,https://weburn.kb.se/riks/metadata/09/21798009.html,1862-1863
bg_1862-1863_2__02,Om riksdagstrycket,borgare,1862,1863,https://weburn.kb.se/riks/ståndsriksdagen/xml/bg_1862-1863_2_/bg_1862-1863_2__02.xml,https://weburn.kb.se/riks/ståndsriksdagen/pdf/bg_1862-1863_2_/bg_1862-1863_2__02.pdf,https://weburn.kb.se/riks/metadata/09/21798009.html,1862-1863
bg_1862-1863_2__03,Om riksdagstrycket,borgare,1862,1863,https://weburn.kb.se/riks/ståndsriksdagen/xml/bg_1862-1863_2_/bg_1862-1863_2__03.xml,https://weburn.kb.se/riks/ståndsriksdagen/pdf/bg_1862-1863_2_/bg_1862-1863_2__03.pdf,https://weburn.kb.se/riks/metadata/09/21798009.html,1862-1863
bg_1862-1863_5__01,Om riksdagstrycket,borgare,1862,1863,https://weburn.kb.se/riks/ståndsriksdagen/xml/bg_1862-1863_5_/bg_1862-1863_5__01.xml,https://weburn.kb.se/riks/ståndsriksdagen/pdf/bg_1862-1863_5_/bg_1862-1863_5__01.pdf,https://weburn.kb.se/riks/metadata/20/21798020.html,1862-1863
bg_1862-1863_5__02,Om riksdagstrycket,borgare,1862,1863,https://weburn.kb.se/riks/ståndsriksdagen/xml/bg_1862-1863_5_/bg_1862-1863_5__02.xml,https://weburn.kb.se/riks/ståndsriksdagen/pdf/bg_1862-1863_5_/bg_1862-1863_5__02.pdf,https://weburn.kb.se/riks/metadata/20/21798020.html,1862-1863
bg_1862-1863_5__03,Om riksdagstrycket,borgare,1862,1863,https://weburn.kb.se/riks/ståndsriksdagen/xml/bg_1862-1863_5_/bg_1862-1863_5__03.xml,https://weburn.kb.se/riks/ståndsriksdagen/pdf/bg_1862-1863_5_/bg_1862-1863_5__03.pdf,https://weburn.kb.se/riks/metadata/20/21798020.html,1862-1863
bg_1862-1863_4__01,Om riksdagstrycket,borgare,1862,1863,https://weburn.kb.se/riks/ståndsriksdagen/xml/bg_1862-1863_4_/bg_1862-1863_4__01.xml,https://weburn.kb.se/riks/ståndsriksdagen/pdf/bg_1862-1863_4_/bg_1862-1863_4__01.pdf,https://weburn.kb.se/riks/metadata/16/21798016.html,1862-1863
bg_1862-1863_4__02,Om riksdagstrycket,borgare,1862,1863,https://weburn.kb.se/riks/ståndsriksdagen/xml/bg_1862-1863_4_/bg_1862-1863_4__02.xml,https://weburn.kb.se/riks/ståndsriksdagen/pdf/bg_1862-1863_4_/bg_1862-1863_4__02.pdf,https://weburn.kb.se/riks/metadata/16/21798016.html,1862-1863
bg_1862-1863_4__03,Om riksdagstrycket,borgare,1862,1863,https://weburn.kb.se/riks/ståndsriksdagen/xml/bg_1862-1863_4_/bg_1862-1863_4__03.xml,https://weburn.kb.se/riks/ståndsriksdagen/pdf/bg_1862-1863_4_/bg_1862-1863_4__03.pdf,https://weburn.kb.se/riks/metadata/16/21798016.html,1862-1863
bg_1862-1863_4__04,Om riksdagstrycket,borgare,1862,1863,https://weburn.kb.se/riks/ståndsriksdagen/xml/bg_1862-1863_4_/bg_1862-1863_4__04.xml,https://weburn.kb.se/riks/ståndsriksdagen/pdf/bg_1862-1863_4_/bg_1862-1863_4__04.pdf,https://weburn.kb.se/riks/metadata/16/21798016.html,1862-1863
bg_1862-1863_1__01,Om riksdagstrycket,borgare,1862,1863,https://weburn.kb.se/riks/ståndsriksdagen/xml/bg_1862-1863_1_/bg_1862-1863_1__01.xml,https://weburn.kb.se/riks/ståndsriksdagen/pdf/bg_1862-1863_1_/bg_1862-1863_1__01.pdf,https://weburn.kb.se/riks/metadata/06/21798006.html,1862-1863
bg_1862-1863_1__02,Om riksdagstrycket,borgare,1862,1863,https://weburn.kb.se/riks/ståndsriksdagen/xml/bg_1862-1863_1_/bg_1862-1863_1__02.xml,https://weburn.kb.se/riks/ståndsriksdagen/pdf/bg_1862-1863_1_/bg_1862-1863_1__02.pdf,https://weburn.kb.se/riks/metadata/06/21798006.html,1862-1863
bg_1862-1863_1__03,Om riksdagstrycket,borgare,1862,1863,https://weburn.kb.se/riks/ståndsriksdagen/xml/bg_1862-1863_1_/bg_1862-1863_1__03.xml,https://weburn.kb.se/riks/ståndsriksdagen/pdf/bg_1862-1863_1_/bg_1862-1863_1__03.pdf,https://weburn.kb.se/riks/metadata/06/21798006.html,1862-1863
bg_1862-1863_6__01,Om riksdagstrycket,borgare,1862,1863,https://weburn.kb.se/riks/ståndsriksdagen/xml/bg_1862-1863_6_/bg_1862-1863_6__01.xml,https://weburn.kb.se/riks/ståndsriksdagen/pdf/bg_1862-1863_6_/bg_1862-1863_6__01.pdf,https://weburn.kb.se/riks/metadata/24/21798024.html,1862-1863
bg_1862-1863_6__02,Om riksdagstrycket,borgare,1862,1863,https://weburn.kb.se/riks/ståndsriksdagen/xml/bg_1862-1863_6_/bg_1862-1863_6__02.xml,https://weburn.kb.se/riks/ståndsriksdagen/pdf/bg_1862-1863_6_/bg_1862-1863_6__02.pdf,https://weburn.kb.se/riks/metadata/24/21798024.html,1862-1863
bg_1862-1863_6__03,Om riksdagstrycket,borgare,1862,1863,https://weburn.kb.se/riks/ståndsriksdagen/xml/bg_1862-1863_6_/bg_1862-1863_6__03.xml,https://weburn.kb.se/riks/ståndsriksdagen/pdf/bg_1862-1863_6_/bg_1862-1863_6__03.pdf,https://weburn.kb.se/riks/metadata/24/21798024.html,1862-1863
bg_1862-1863_6__04,Om riksdagstrycket,borgare,1862,1863,https://weburn.kb.se/riks/ståndsriksdagen/xml/bg_1862-1863_6_/bg_1862-1863_6__04.xml,https://weburn.kb.se/riks/ståndsriksdagen/pdf/bg_1862-1863_6_/bg_1862-1863_6__04.pdf,https://weburn.kb.se/riks/metadata/24/21798024.html,1862-1863
bg_1862-1863_3__01,Om riksdagstrycket,borgare,1862,1863,https://weburn.kb.se/riks/ståndsriksdagen/xml/bg_1862-1863_3_/bg_1862-1863_3__01.xml,https://weburn.kb.se/riks/ståndsriksdagen/pdf/bg_1862-1863_3_/bg_1862-1863_3__01.pdf,https://weburn.kb.se/riks/metadata/12/21798012.html,1862-1863
bg_1862-1863_3__02,Om riksdagstrycket,borgare,1862,1863,https://weburn.kb.se/riks/ståndsriksdagen/xml/bg_1862-1863_3_/bg_1862-1863_3__02.xml,https://weburn.kb.se/riks/ståndsriksdagen/pdf/bg_1862-1863_3_/bg_1862-1863_3__02.pdf,https://weburn.kb.se/riks/metadata/12/21798012.html,1862-1863
bg_1862-1863_3__03,Om riksdagstrycket,borgare,1862,1863,https://weburn.kb.se/riks/ståndsriksdagen/xml/bg_1862-1863_3_/bg_1862-1863_3__03.xml,https://weburn.kb.se/riks/ståndsriksdagen/pdf/bg_1862-1863_3_/bg_1862-1863_3__03.pdf,https://weburn.kb.se/riks/metadata/12/21798012.html,1862-1863
bn_1862-1863_reg_,Om riksdagstrycket,bonder,1862,1863,https://weburn.kb.se/riks/ståndsriksdagen/xml/bn_1862-1863_reg_/bn_1862-1863_reg_.xml,https://weburn.kb.se/riks/ståndsriksdagen/pdf/bn_1862-1863_reg_/bn_1862-1863_reg_.pdf,https://weburn.kb.se/riks/metadata/89/21798889.html,1862-1863
pr_1862-1863_reg_,Om riksdagstrycket,praster,1862,1863,https://weburn.kb.se/riks/ståndsriksdagen/xml/pr_1862-1863_reg_/pr_1862-1863_reg_.xml,https://weburn.kb.se/riks/ståndsriksdagen/pdf/pr_1862-1863_reg_/pr_1862-1863_reg_.pdf,https://weburn.kb.se/riks/metadata/55/21799155.html,1862-1863
bg_1862-1863_reg_,Om riksdagstrycket,borgare,1862,1863,https://weburn.kb.se/riks/ståndsriksdagen/xml/bg_1862-1863_reg_/bg_1862-1863_reg_.xml,https://weburn.kb.se/riks/ståndsriksdagen/pdf/bg_1862-1863_reg_/bg_1862-1863_reg_.pdf,https://weburn.kb.se/riks/metadata/27/21798027.html,1862-1863
pr_1862-1863_suppl_,Om riksdagstrycket,praster,1862,1863,https://weburn.kb.se/riks/ståndsriksdagen/xml/pr_1862-1863_suppl_/pr_1862-1863_suppl_.xml,https://weburn.kb.se/riks/ståndsriksdagen/pdf/pr_1862-1863_suppl_/pr_1862-1863_suppl_.pdf,https://weburn.kb.se/riks/metadata/56/21799156.html,1862-1863
bih_1865-66_reg_,Om riksdagstrycket,bihang,1865,1865,https://weburn.kb.se/riks/ståndsriksdagen/xml/bih_1865-66_reg_/bih_1865-66_reg_.xml,https://weburn.kb.se/riks/ståndsriksdagen/pdf/bih_1865-66_reg_/bih_1865-66_reg_.pdf,https://weburn.kb.se/riks/metadata/03/21798703.html,1865
bih_1865-66_2-1-2__01,Om riksdagstrycket,bihang,1865,1865,https://weburn.kb.se/riks/ståndsriksdagen/xml/bih_1865-66_2-1-2_/bih_1865-66_2-1-2__01.xml,https://weburn.kb.se/riks/ståndsriksdagen/pdf/bih_1865-66_2-1-2_/bih_1865-66_2-1-2__01.pdf,https://weburn.kb.se/riks/metadata/23/21798623.html,1865
bih_1865-66_2-1-2__02,Om riksdagstrycket,bihang,1865,1865,https://weburn.kb.se/riks/ståndsriksdagen/xml/bih_1865-66_2-1-2_/bih_1865-66_2-1-2__02.xml,https://weburn.kb.se/riks/ståndsriksdagen/pdf/bih_1865-66_2-1-2_/bih_1865-66_2-1-2__02.pdf,https://weburn.kb.se/riks/metadata/23/21798623.html,1865
bih_1865-66_2-1-2__03,Om riksdagstrycket,bihang,1865,1865,https://weburn.kb.se/riks/ståndsriksdagen/xml/bih_1865-66_2-1-2_/bih_1865-66_2-1-2__03.xml,https://weburn.kb.se/riks/ståndsriksdagen/pdf/bih_1865-66_2-1-2_/bih_1865-66_2-1-2__03.pdf,https://weburn.kb.se/riks/metadata/23/21798623.html,1865
bih_1865-66_2-1-1__01,Om riksdagstrycket,bihang,1865,1865,https://weburn.kb.se/riks/ståndsriksdagen/xml/bih_1865-66_2-1-1_/bih_1865-66_2-1-1__01.xml,https://weburn.kb.se/riks/ståndsriksdagen/pdf/bih_1865-66_2-1-1_/bih_1865-66_2-1-1__01.pdf,https://weburn.kb.se/riks/metadata/22/21798622.html,1865
bih_1865-66_2-1-1__02,Om riksdagstrycket,bihang,1865,1865,https://weburn.kb.se/riks/ståndsriksdagen/xml/bih_1865-66_2-1-1_/bih_1865-66_2-1-1__02.xml,https://weburn.kb.se/riks/ståndsriksdagen/pdf/bih_1865-66_2-1-1_/bih_1865-66_2-1-1__02.pdf,https://weburn.kb.se/riks/metadata/22/21798622.html,1865
bih_1865-66_2-1-3__01,Om riksdagstrycket,bihang,1865,1865,https://weburn.kb.se/riks/ståndsriksdagen/xml/bih_1865-66_2-1-3_/bih_1865-66_2-1-3__01.xml,https://weburn.kb.se/riks/ståndsriksdagen/pdf/bih_1865-66_2-1-3_/bih_1865-66_2-1-3__01.pdf,https://weburn.kb.se/riks/metadata/24/21798624.html,1865
bih_1865-66_2-1-3__02,Om riksdagstrycket,bihang,1865,1865,https://weburn.kb.se/riks/ståndsriksdagen/xml/bih_1865-66_2-1-3_/bih_1865-66_2-1-3__02.xml,https://weburn.kb.se/riks/ståndsriksdagen/pdf/bih_1865-66_2-1-3_/bih_1865-66_2-1-3__02.pdf,https://weburn.kb.se/riks/metadata/24/21798624.html,1865
bih_1865-66_2-1-4_,Om riksdagstrycket,bihang,1865,1865,https://weburn.kb.se/riks/ståndsriksdagen/xml/bih_1865-66_2-1-4_/bih_1865-66_2-1-4_.xml,https://weburn.kb.se/riks/ståndsriksdagen/pdf/bih_1865-66_2-1-4_/bih_1865-66_2-1-4_.pdf,https://weburn.kb.se/riks/metadata/25/21798625.html,1865
bih_1865-66_bil_1-1__01,Om riksdagstrycket,bihang,1865,1865,https://weburn.kb.se/riks/ståndsriksdagen/xml/bih_1865-66_bil_1-1_/bih_1865-66_bil_1-1__01.xml,https://weburn.kb.se/riks/ståndsriksdagen/pdf/bih_1865-66_bil_1-1_/bih_1865-66_bil_1-1__01.pdf,https://weburn.kb.se/riks/metadata/01/21798701.html,1865
bih_1865-66_bil_1-1__02,Om riksdagstrycket,bihang,1865,1865,https://weburn.kb.se/riks/ståndsriksdagen/xml/bih_1865-66_bil_1-1_/bih_1865-66_bil_1-1__02.xml,https://weburn.kb.se/riks/ståndsriksdagen/pdf/bih_1865-66_bil_1-1_/bih_1865-66_bil_1-1__02.pdf,https://weburn.kb.se/riks/metadata/01/21798701.html,1865
bih_1865-66_bil_1-1__03,Om riksdagstrycket,bihang,1865,1865,https://weburn.kb.se/riks/ståndsriksdagen/xml/bih_1865-66_bil_1-1_/bih_1865-66_bil_1-1__03.xml,https://weburn.kb.se/riks/ståndsriksdagen/pdf/bih_1865-66_bil_1-1_/bih_1865-66_bil_1-1__03.pdf,https://weburn.kb.se/riks/metadata/01/21798701.html,1865
bih_1865-66_11-1-3_,Om riksdagstrycket,bihang,1865,1865,https://weburn.kb.se/riks/ståndsriksdagen/xml/bih_1865-66_11-1-3_/bih_1865-66_11-1-3_.xml,https://weburn.kb.se/riks/ståndsriksdagen/pdf/bih_1865-66_11-1-3_/bih_1865-66_11-1-3_.pdf,https://weburn.kb.se/riks/metadata/18/21798618.html,1865
bih_1865-66_11-2_,Om riksdagstrycket,bihang,1865,1865,https://weburn.kb.se/riks/ståndsriksdagen/xml/bih_1865-66_11-2_/bih_1865-66_11-2_.xml,https://weburn.kb.se/riks/ståndsriksdagen/pdf/bih_1865-66_11-2_/bih_1865-66_11-2_.pdf,https://weburn.kb.se/riks/metadata/19/21798619.html,1865
bih_1865-66_11-3__01,Om riksdagstrycket,bihang,1865,1865,https://weburn.kb.se/riks/ståndsriksdagen/xml/bih_1865-66_11-3_/bih_1865-66_11-3__01.xml,https://weburn.kb.se/riks/ståndsriksdagen/pdf/bih_1865-66_11-3_/bih_1865-66_11-3__01.pdf,https://weburn.kb.se/riks/metadata/20/21798620.html,1865
bih_1865-66_11-3__02,Om riksdagstrycket,bihang,1865,1865,https://weburn.kb.se/riks/ståndsriksdagen/xml/bih_1865-66_11-3_/bih_1865-66_11-3__02.xml,https://weburn.kb.se/riks/ståndsriksdagen/pdf/bih_1865-66_11-3_/bih_1865-66_11-3__02.pdf,https://weburn.kb.se/riks/metadata/20/21798620.html,1865
bih_1865-66_11-4__01,Om riksdagstrycket,bihang,1865,1865,https://weburn.kb.se/riks/ståndsriksdagen/xml/bih_1865-66_11-4_/bih_1865-66_11-4__01.xml,https://weburn.kb.se/riks/ståndsriksdagen/pdf/bih_1865-66_11-4_/bih_1865-66_11-4__01.pdf,https://weburn.kb.se/riks/metadata/21/21798621.html,1865
bih_1865-66_11-4__02,Om riksdagstrycket,bihang,1865,1865,https://weburn.kb.se/riks/ståndsriksdagen/xml/bih_1865-66_11-4_/bih_1865-66_11-4__02.xml,https://weburn.kb.se/riks/ståndsriksdagen/pdf/bih_1865-66_11-4_/bih_1865-66_11-4__02.pdf,https://weburn.kb.se/riks/metadata/21/21798621.html,1865
bih_1865-66_5-1_2-5__01,Om riksdagstrycket,bihang,1865,1865,https://weburn.kb.se/riks/ståndsriksdagen/xml/bih_1865-66_5-1_2-5_/bih_1865-66_5-1_2-5__01.xml,https://weburn.kb.se/riks/ståndsriksdagen/pdf/bih_1865-66_5-1_2-5_/bih_1865-66_5-1_2-5__01.pdf,https://weburn.kb.se/riks/metadata/31/21798631.html,1865
bih_1865-66_5-1_2-5__02,Om riksdagstrycket,bihang,1865,1865,https://weburn.kb.se/riks/ståndsriksdagen/xml/bih_1865-66_5-1_2-5_/bih_1865-66_5-1_2-5__02.xml,https://weburn.kb.se/riks/ståndsriksdagen/pdf/bih_1865-66_5-1_2-5_/bih_1865-66_5-1_2-5__02.pdf,https://weburn.kb.se/riks/metadata/32/21798632.html,1865
bih_1865-66_4-1_2-2__01,Om riksdagstrycket,bihang,1865,1865,https://weburn.kb.se/riks/ståndsriksdagen/xml/bih_1865-66_4-1_2-2_/bih_1865-66_4-1_2-2__01.xml,https://weburn.kb.se/riks/ståndsriksdagen/pdf/bih_1865-66_4-1_2-2_/bih_1865-66_4-1_2-2__01.pdf,https://weburn.kb.se/riks/metadata/27/21798627.html,1865
bih_1865-66_4-1_2-2__02,Om riksdagstrycket,bihang,1865,1865,https://weburn.kb.se/riks/ståndsriksdagen/xml/bih_1865-66_4-1_2-2_/bih_1865-66_4-1_2-2__02.xml,https://weburn.kb.se/riks/ståndsriksdagen/pdf/bih_1865-66_4-1_2-2_/bih_1865-66_4-1_2-2__02.pdf,https://weburn.kb.se/riks/metadata/27/21798627.html,1865
bih_1865-66_4-1_2-2__03,Om riksdagstrycket,bihang,1865,1865,https://weburn.kb.se/riks/ståndsriksdagen/xml/bih_1865-66_4-1_2-2_/bih_1865-66_4-1_2-2__03.xml,https://weburn.kb.se/riks/ståndsriksdagen/pdf/bih_1865-66_4-1_2-2_/bih_1865-66_4-1_2-2__03.pdf,https://weburn.kb.se/riks/metadata/27/21798627.html,1865
bih_1865-66_4-1-1__01,Om riksdagstrycket,bihang,1865,1865,https://weburn.kb.se/riks/ståndsriksdagen/xml/bih_1865-66_4-1-1_/bih_1865-66_4-1-1__01.xml,https://weburn.kb.se/riks/ståndsriksdagen/pdf/bih_1865-66_4-1-1_/bih_1865-66_4-1-1__01.pdf,https://weburn.kb.se/riks/metadata/30/21798630.html,1865
bih_1865-66_4-1-1__02,Om riksdagstrycket,bihang,1865,1865,https://weburn.kb.se/riks/ståndsriksdagen/xml/bih_1865-66_4-1-1_/bih_1865-66_4-1-1__02.xml,https://weburn.kb.se/riks/ståndsriksdagen/pdf/bih_1865-66_4-1-1_/bih_1865-66_4-1-1__02.pdf,https://weburn.kb.se/riks/metadata/30/21798630.html,1865
bih_1865-66_1-1_2-2__01,Om riksdagstrycket,bihang,1865,1865,https://weburn.kb.se/riks/ståndsriksdagen/xml/bih_1865-66_1-1_2-2_/bih_1865-66_1-1_2-2__01.xml,https://weburn.kb.se/riks/ståndsriksdagen/pdf/bih_1865-66_1-1_2-2_/bih_1865-66_1-1_2-2__01.pdf,https://weburn.kb.se/riks/metadata/16/21798616.html,1865
bih_1865-66_1-1_2-2__02,Om riksdagstrycket,bihang,1865,1865,https://weburn.kb.se/riks/ståndsriksdagen/xml/bih_1865-66_1-1_2-2_/bih_1865-66_1-1_2-2__02.xml,https://weburn.kb.se/riks/ståndsriksdagen/pdf/bih_1865-66_1-1_2-2_/bih_1865-66_1-1_2-2__02.pdf,https://weburn.kb.se/riks/metadata/16/21798616.html,1865
bih_1865-66_1-1-1__01,Om riksdagstrycket,bihang,1865,1865,https://weburn.kb.se/riks/ståndsriksdagen/xml/bih_1865-66_1-1-1_/bih_1865-66_1-1-1__01.xml,https://weburn.kb.se/riks/ståndsriksdagen/pdf/bih_1865-66_1-1-1_/bih_1865-66_1-1-1__01.pdf,https://weburn.kb.se/riks/metadata/17/21798617.html,1865
bih_1865-66_1-1-1__02,Om riksdagstrycket,bihang,1865,1865,https://weburn.kb.se/riks/ståndsriksdagen/xml/bih_1865-66_1-1-1_/bih_1865-66_1-1-1__02.xml,https://weburn.kb.se/riks/ståndsriksdagen/pdf/bih_1865-66_1-1-1_/bih_1865-66_1-1-1__02.pdf,https://weburn.kb.se/riks/metadata/17/21798617.html,1865
bih_1865-66_1-1-1__03,Om riksdagstrycket,bihang,1865,1865,https://weburn.kb.se/riks/ståndsriksdagen/xml/bih_1865-66_1-1-1_/bih_1865-66_1-1-1__03.xml,https://weburn.kb.se/riks/ståndsriksdagen/pdf/bih_1865-66_1-1-1_/bih_1865-66_1-1-1__03.pdf,https://weburn.kb.se/riks/metadata/17/21798617.html,1865
bih_1865-66_9__01,Om riksdagstrycket,bihang,1865,1865,https://weburn.kb.se/riks/ståndsriksdagen/xml/bih_1865-66_9_/bih_1865-66_9__01.xml,https://weburn.kb.se/riks/ståndsriksdagen/pdf/bih_1865-66_9_/bih_1865-66_9__01.pdf,https://weburn.kb.se/riks/metadata/97/21798697.html,1865
bih_1865-66_9__02,Om riksdagstrycket,bihang,1865,1865,https://weburn.kb.se/riks/ståndsriksdagen/xml/bih_1865-66_9_/bih_1865-66_9__02.xml,https://weburn.kb.se/riks/ståndsriksdagen/pdf/bih_1865-66_9_/bih_1865-66_9__02.pdf,https://weburn.kb.se/riks/metadata/97/21798697.html,1865
bih_1865-66_6-1_2-5_,Om riksdagstrycket,bihang,1865,1865,https://weburn.kb.se/riks/ståndsriksdagen/xml/bih_1865-66_6-1_2-5_/bih_1865-66_6-1_2-5_.xml,https://weburn.kb.se/riks/ståndsriksdagen/pdf/bih_1865-66_6-1_2-5_/bih_1865-66_6-1_2-5_.pdf,https://weburn.kb.se/riks/metadata/33/21798633.html,1865
bih_1865-66_7-1_2-5__01,Om riksdagstrycket,bihang,1865,1865,https://weburn.kb.se/riks/ståndsriksdagen/xml/bih_1865-66_7-1_2-5_/bih_1865-66_7-1_2-5__01.xml,https://weburn.kb.se/riks/ståndsriksdagen/pdf/bih_1865-66_7-1_2-5_/bih_1865-66_7-1_2-5__01.pdf,https://weburn.kb.se/riks/metadata/35/21798635.html,1865
bih_1865-66_7-1_2-5__02,Om riksdagstrycket,bihang,1865,1865,https://weburn.kb.se/riks/ståndsriksdagen/xml/bih_1865-66_7-1_2-5_/bih_1865-66_7-1_2-5__02.xml,https://weburn.kb.se/riks/ståndsriksdagen/pdf/bih_1865-66_7-1_2-5_/bih_1865-66_7-1_2-5__02.pdf,https://weburn.kb.se/riks/metadata/92/21798692.html,1865
bih_1865-66_10-1_2__01,Om riksdagstrycket,bihang,1865,1865,https://weburn.kb.se/riks/ståndsriksdagen/xml/bih_1865-66_10-1_2_/bih_1865-66_10-1_2__01.xml,https://weburn.kb.se/riks/ståndsriksdagen/pdf/bih_1865-66_10-1_2_/bih_1865-66_10-1_2__01.pdf,https://weburn.kb.se/riks/metadata/14/21798614.html,1865
bih_1865-66_10-1_2__02,Om riksdagstrycket,bihang,1865,1865,https://weburn.kb.se/riks/ståndsriksdagen/xml/bih_1865-66_10-1_2_/bih_1865-66_10-1_2__02.xml,https://weburn.kb.se/riks/ståndsriksdagen/pdf/bih_1865-66_10-1_2_/bih_1865-66_10-1_2__02.pdf,https://weburn.kb.se/riks/metadata/14/21798614.html,1865
bih_1865-66_10-1_2__03,Om riksdagstrycket,bihang,1865,1865,https://weburn.kb.se/riks/ståndsriksdagen/xml/bih_1865-66_10-1_2_/bih_1865-66_10-1_2__03.xml,https://weburn.kb.se/riks/ståndsriksdagen/pdf/bih_1865-66_10-1_2_/bih_1865-66_10-1_2__03.pdf,https://weburn.kb.se/riks/metadata/14/21798614.html,1865
bih_1865-66_3_,Om riksdagstrycket,bihang,1865,1865,https://weburn.kb.se/riks/ståndsriksdagen/xml/bih_1865-66_3_/bih_1865-66_3_.xml,https://weburn.kb.se/riks/ståndsriksdagen/pdf/bih_1865-66_3_/bih_1865-66_3_.pdf,https://weburn.kb.se/riks/metadata/26/21798626.html,1865
bih_1865-66_8_,Om riksdagstrycket,bihang,1865,1865,https://weburn.kb.se/riks/ståndsriksdagen/xml/bih_1865-66_8_/bih_1865-66_8_.xml,https://weburn.kb.se/riks/ståndsriksdagen/pdf/bih_1865-66_8_/bih_1865-66_8_.pdf,https://weburn.kb.se/riks/metadata/95/21798695.html,1865
bn_1865-66_2__01,Om riksdagstrycket,bonder,1865,1865,https://weburn.kb.se/riks/ståndsriksdagen/xml/bn_1865-66_2_/bn_1865-66_2__01.xml,https://weburn.kb.se/riks/ståndsriksdagen/pdf/bn_1865-66_2_/bn_1865-66_2__01.pdf,https://weburn.kb.se/riks/metadata/91/21798891.html,1865
bn_1865-66_2__02,Om riksdagstrycket,bonder,1865,1865,https://weburn.kb.se/riks/ståndsriksdagen/xml/bn_1865-66_2_/bn_1865-66_2__02.xml,https://weburn.kb.se/riks/ståndsriksdagen/pdf/bn_1865-66_2_/bn_1865-66_2__02.pdf,https://weburn.kb.se/riks/metadata/91/21798891.html,1865
bn_1865-66_5_6__01,Om riksdagstrycket,bonder,1865,1865,https://weburn.kb.se/riks/ståndsriksdagen/xml/bn_1865-66_5_6_/bn_1865-66_5_6__01.xml,https://weburn.kb.se/riks/ståndsriksdagen/pdf/bn_1865-66_5_6_/bn_1865-66_5_6__01.pdf,https://weburn.kb.se/riks/metadata/94/21798894.html,1865
bn_1865-66_3_4__01,Om riksdagstrycket,bonder,1865,1865,https://weburn.kb.se/riks/ståndsriksdagen/xml/bn_1865-66_3_4_/bn_1865-66_3_4__01.xml,https://weburn.kb.se/riks/ståndsriksdagen/pdf/bn_1865-66_3_4_/bn_1865-66_3_4__01.pdf,https://weburn.kb.se/riks/metadata/93/21798893.html,1865
bn_1865-66_3_4__02,Om riksdagstrycket,bonder,1865,1865,https://weburn.kb.se/riks/ståndsriksdagen/xml/bn_1865-66_3_4_/bn_1865-66_3_4__02.xml,https://weburn.kb.se/riks/ståndsriksdagen/pdf/bn_1865-66_3_4_/bn_1865-66_3_4__02.pdf,https://weburn.kb.se/riks/metadata/93/21798893.html,1865
bn_1865-66_1__01,Om riksdagstrycket,bonder,1865,1865,https://weburn.kb.se/riks/ståndsriksdagen/xml/bn_1865-66_1_/bn_1865-66_1__01.xml,https://weburn.kb.se/riks/ståndsriksdagen/pdf/bn_1865-66_1_/bn_1865-66_1__01.pdf,https://weburn.kb.se/riks/metadata/90/21798890.html,1865
bn_1865-66_1__02,Om riksdagstrycket,bonder,1865,1865,https://weburn.kb.se/riks/ståndsriksdagen/xml/bn_1865-66_1_/bn_1865-66_1__02.xml,https://weburn.kb.se/riks/ståndsriksdagen/pdf/bn_1865-66_1_/bn_1865-66_1__02.pdf,https://weburn.kb.se/riks/metadata/90/21798890.html,1865
bn_1865-66_5_6__02,Om riksdagstrycket,bonder,1865,1865,https://weburn.kb.se/riks/ståndsriksdagen/xml/bn_1865-66_5_6_/bn_1865-66_5_6__02.xml,https://weburn.kb.se/riks/ståndsriksdagen/pdf/bn_1865-66_5_6_/bn_1865-66_5_6__02.pdf,https://weburn.kb.se/riks/metadata/95/21798895.html,1865
bn_1865-66_6__01,Om riksdagstrycket,bonder,1865,1865,https://weburn.kb.se/riks/ståndsriksdagen/xml/bn_1865-66_6_/bn_1865-66_6__01.xml,https://weburn.kb.se/riks/ståndsriksdagen/pdf/bn_1865-66_6_/bn_1865-66_6__01.pdf,https://weburn.kb.se/riks/metadata/95/21798895.html,1865
bn_1865-66_6__02,Om riksdagstrycket,bonder,1865,1865,https://weburn.kb.se/riks/ståndsriksdagen/xml/bn_1865-66_6_/bn_1865-66_6__02.xml,https://weburn.kb.se/riks/ståndsriksdagen/pdf/bn_1865-66_6_/bn_1865-66_6__02.pdf,https://weburn.kb.se/riks/metadata/95/21798895.html,1865
pr_1865-66_2__01,Om riksdagstrycket,praster,1865,1865,https://weburn.kb.se/riks/ståndsriksdagen/xml/pr_1865-66_2_/pr_1865-66_2__01.xml,https://weburn.kb.se/riks/ståndsriksdagen/pdf/pr_1865-66_2_/pr_1865-66_2__01.pdf,https://weburn.kb.se/riks/metadata/58/21799158.html,1865
pr_1865-66_2__02,Om riksdagstrycket,praster,1865,1865,https://weburn.kb.se/riks/ståndsriksdagen/xml/pr_1865-66_2_/pr_1865-66_2__02.xml,https://weburn.kb.se/riks/ståndsriksdagen/pdf/pr_1865-66_2_/pr_1865-66_2__02.pdf,https://weburn.kb.se/riks/metadata/58/21799158.html,1865
pr_1865-66_5__01,Om riksdagstrycket,praster,1865,1865,https://weburn.kb.se/riks/ståndsriksdagen/xml/pr_1865-66_5_/pr_1865-66_5__01.xml,https://weburn.kb.se/riks/ståndsriksdagen/pdf/pr_1865-66_5_/pr_1865-66_5__01.pdf,https://weburn.kb.se/riks/metadata/61/21799161.html,1865
pr_1865-66_5__02,Om riksdagstrycket,praster,1865,1865,https://weburn.kb.se/riks/ståndsriksdagen/xml/pr_1865-66_5_/pr_1865-66_5__02.xml,https://weburn.kb.se/riks/ståndsriksdagen/pdf/pr_1865-66_5_/pr_1865-66_5__02.pdf,https://weburn.kb.se/riks/metadata/61/21799161.html,1865
pr_1865-66_4__01,Om riksdagstrycket,praster,1865,1865,https://weburn.kb.se/riks/ståndsriksdagen/xml/pr_1865-66_4_/pr_1865-66_4__01.xml,https://weburn.kb.se/riks/ståndsriksdagen/pdf/pr_1865-66_4_/pr_1865-66_4__01.pdf,https://weburn.kb.se/riks/metadata/60/21799160.html,1865
pr_1865-66_4__02,Om riksdagstrycket,praster,1865,1865,https://weburn.kb.se/riks/ståndsriksdagen/xml/pr_1865-66_4_/pr_1865-66_4__02.xml,https://weburn.kb.se/riks/ståndsriksdagen/pdf/pr_1865-66_4_/pr_1865-66_4__02.pdf,https://weburn.kb.se/riks/metadata/60/21799160.html,1865
pr_1865-66_1__01,Om riksdagstrycket,praster,1865,1865,https://weburn.kb.se/riks/ståndsriksdagen/xml/pr_1865-66_1_/pr_1865-66_1__01.xml,https://weburn.kb.se/riks/ståndsriksdagen/pdf/pr_1865-66_1_/pr_1865-66_1__01.pdf,https://weburn.kb.se/riks/metadata/57/21799157.html,1865
pr_1865-66_1__02,Om riksdagstrycket,praster,1865,1865,https://weburn.kb.se/riks/ståndsriksdagen/xml/pr_1865-66_1_/pr_1865-66_1__02.xml,https://weburn.kb.se/riks/ståndsriksdagen/pdf/pr_1865-66_1_/pr_1865-66_1__02.pdf,https://weburn.kb.se/riks/metadata/57/21799157.html,1865
pr_1865-66_3__01,Om riksdagstrycket,praster,1865,1865,https://weburn.kb.se/riks/ståndsriksdagen/xml/pr_1865-66_3_/pr_1865-66_3__01.xml,https://weburn.kb.se/riks/ståndsriksdagen/pdf/pr_1865-66_3_/pr_1865-66_3__01.pdf,https://weburn.kb.se/riks/metadata/59/21799159.html,1865
pr_1865-66_3__02,Om riksdagstrycket,praster,1865,1865,https://weburn.kb.se/riks/ståndsriksdagen/xml/pr_1865-66_3_/pr_1865-66_3__02.xml,https://weburn.kb.se/riks/ståndsriksdagen/pdf/pr_1865-66_3_/pr_1865-66_3__02.pdf,https://weburn.kb.se/riks/metadata/59/21799159.html,1865
bg_1865-66_2__01,Om riksdagstrycket,borgare,1865,1865,https://weburn.kb.se/riks/ståndsriksdagen/xml/bg_1865-66_2_/bg_1865-66_2__01.xml,https://weburn.kb.se/riks/ståndsriksdagen/pdf/bg_1865-66_2_/bg_1865-66_2__01.pdf,https://weburn.kb.se/riks/metadata/35/21798035.html,1865
bg_1865-66_2__02,Om riksdagstrycket,borgare,1865,1865,https://weburn.kb.se/riks/ståndsriksdagen/xml/bg_1865-66_2_/bg_1865-66_2__02.xml,https://weburn.kb.se/riks/ståndsriksdagen/pdf/bg_1865-66_2_/bg_1865-66_2__02.pdf,https://weburn.kb.se/riks/metadata/35/21798035.html,1865
bg_1865-66_2__03,Om riksdagstrycket,borgare,1865,1865,https://weburn.kb.se/riks/ståndsriksdagen/xml/bg_1865-66_2_/bg_1865-66_2__03.xml,https://weburn.kb.se/riks/ståndsriksdagen/pdf/bg_1865-66_2_/bg_1865-66_2__03.pdf,https://weburn.kb.se/riks/metadata/35/21798035.html,1865
bg_1865-66_3__01,Om riksdagstrycket,borgare,1865,1865,https://weburn.kb.se/riks/ståndsriksdagen/xml/bg_1865-66_3_/bg_1865-66_3__01.xml,https://weburn.kb.se/riks/ståndsriksdagen/pdf/bg_1865-66_3_/bg_1865-66_3__01.pdf,https://weburn.kb.se/riks/metadata/38/21798038.html,1865
bg_1865-66_3__02,Om riksdagstrycket,borgare,1865,1865,https://weburn.kb.se/riks/ståndsriksdagen/xml/bg_1865-66_3_/bg_1865-66_3__02.xml,https://weburn.kb.se/riks/ståndsriksdagen/pdf/bg_1865-66_3_/bg_1865-66_3__02.pdf,https://weburn.kb.se/riks/metadata/38/21798038.html,1865
bg_1865-66_3__03,Om riksdagstrycket,borgare,1865,1865,https://weburn.kb.se/riks/ståndsriksdagen/xml/bg_1865-66_3_/bg_1865-66_3__03.xml,https://weburn.kb.se/riks/ståndsriksdagen/pdf/bg_1865-66_3_/bg_1865-66_3__03.pdf,https://weburn.kb.se/riks/metadata/38/21798038.html,1865
bg_1865-66_3__04,Om riksdagstrycket,borgare,1865,1865,https://weburn.kb.se/riks/ståndsriksdagen/xml/bg_1865-66_3_/bg_1865-66_3__04.xml,https://weburn.kb.se/riks/ståndsriksdagen/pdf/bg_1865-66_3_/bg_1865-66_3__04.pdf,https://weburn.kb.se/riks/metadata/38/21798038.html,1865
roa_1865-66_2__01,Om riksdagstrycket,adel,1865,1865,https://weburn.kb.se/riks/ståndsriksdagen/xml/roa_1865-66_2_/roa_1865-66_2__01.xml,https://weburn.kb.se/riks/ståndsriksdagen/pdf/roa_1865-66_2_/roa_1865-66_2__01.pdf,https://weburn.kb.se/riks/metadata/69/21799669.html,1865
roa_1865-66_2__02,Om riksdagstrycket,adel,1865,1865,https://weburn.kb.se/riks/ståndsriksdagen/xml/roa_1865-66_2_/roa_1865-66_2__02.xml,https://weburn.kb.se/riks/ståndsriksdagen/pdf/roa_1865-66_2_/roa_1865-66_2__02.pdf,https://weburn.kb.se/riks/metadata/69/21799669.html,1865
roa_1865-66_2__03,Om riksdagstrycket,adel,1865,1865,https://weburn.kb.se/riks/ståndsriksdagen/xml/roa_1865-66_2_/roa_1865-66_2__03.xml,https://weburn.kb.se/riks/ståndsriksdagen/pdf/roa_1865-66_2_/roa_1865-66_2__03.pdf,https://weburn.kb.se/riks/metadata/69/21799669.html,1865
roa_1865-66_5__01,Om riksdagstrycket,adel,1865,1865,https://weburn.kb.se/riks/ståndsriksdagen/xml/roa_1865-66_5_/roa_1865-66_5__01.xml,https://weburn.kb.se/riks/ståndsriksdagen/pdf/roa_1865-66_5_/roa_1865-66_5__01.pdf,https://weburn.kb.se/riks/metadata/72/21799672.html,1865
roa_1865-66_5__02,Om riksdagstrycket,adel,1865,1865,https://weburn.kb.se/riks/ståndsriksdagen/xml/roa_1865-66_5_/roa_1865-66_5__02.xml,https://weburn.kb.se/riks/ståndsriksdagen/pdf/roa_1865-66_5_/roa_1865-66_5__02.pdf,https://weburn.kb.se/riks/metadata/72/21799672.html,1865
roa_1865-66_5__03,Om riksdagstrycket,adel,1865,1865,https://weburn.kb.se/riks/ståndsriksdagen/xml/roa_1865-66_5_/roa_1865-66_5__03.xml,https://weburn.kb.se/riks/ståndsriksdagen/pdf/roa_1865-66_5_/roa_1865-66_5__03.pdf,https://weburn.kb.se/riks/metadata/72/21799672.html,1865
roa_1865-66_4__01,Om riksdagstrycket,adel,1865,1865,https://weburn.kb.se/riks/ståndsriksdagen/xml/roa_1865-66_4_/roa_1865-66_4__01.xml,https://weburn.kb.se/riks/ståndsriksdagen/pdf/roa_1865-66_4_/roa_1865-66_4__01.pdf,https://weburn.kb.se/riks/metadata/71/21799671.html,1865
roa_1865-66_4__02,Om riksdagstrycket,adel,1865,1865,https://weburn.kb.se/riks/ståndsriksdagen/xml/roa_1865-66_4_/roa_1865-66_4__02.xml,https://weburn.kb.se/riks/ståndsriksdagen/pdf/roa_1865-66_4_/roa_1865-66_4__02.pdf,https://weburn.kb.se/riks/metadata/71/21799671.html,1865
roa_1865-66_4__03,Om riksdagstrycket,adel,1865,1865,https://weburn.kb.se/riks/ståndsriksdagen/xml/roa_1865-66_4_/roa_1865-66_4__03.xml,https://weburn.kb.se/riks/ståndsriksdagen/pdf/roa_1865-66_4_/roa_1865-66_4__03.pdf,https://weburn.kb.se/riks/metadata/71/21799671.html,1865
roa_1865-66_1__01,Om riksdagstrycket,adel,1865,1865,https://weburn.kb.se/riks/ståndsriksdagen/xml/roa_1865-66_1_/roa_1865-66_1__01.xml,https://weburn.kb.se/riks/ståndsriksdagen/pdf/roa_1865-66_1_/roa_1865-66_1__01.pdf,https://weburn.kb.se/riks/metadata/68/21799668.html,1865
roa_1865-66_1__02,Om riksdagstrycket,adel,1865,1865,https://weburn.kb.se/riks/ståndsriksdagen/xml/roa_1865-66_1_/roa_1865-66_1__02.xml,https://weburn.kb.se/riks/ståndsriksdagen/pdf/roa_1865-66_1_/roa_1865-66_1__02.pdf,https://weburn.kb.se/riks/metadata/68/21799668.html,1865
roa_1865-66_3__01,Om riksdagstrycket,adel,1865,1865,https://weburn.kb.se/riks/ståndsriksdagen/xml/roa_1865-66_3_/roa_1865-66_3__01.xml,https://weburn.kb.se/riks/ståndsriksdagen/pdf/roa_1865-66_3_/roa_1865-66_3__01.pdf,https://weburn.kb.se/riks/metadata/70/21799670.html,1865
roa_1865-66_3__02,Om riksdagstrycket,adel,1865,1865,https://weburn.kb.se/riks/ståndsriksdagen/xml/roa_1865-66_3_/roa_1865-66_3__02.xml,https://weburn.kb.se/riks/ståndsriksdagen/pdf/roa_1865-66_3_/roa_1865-66_3__02.pdf,https://weburn.kb.se/riks/metadata/70/21799670.html,1865
bg_1865-66_1__01,Om riksdagstrycket,borgare,1865,1865,https://weburn.kb.se/riks/ståndsriksdagen/xml/bg_1865-66_1_/bg_1865-66_1__01.xml,https://weburn.kb.se/riks/ståndsriksdagen/pdf/bg_1865-66_1_/bg_1865-66_1__01.pdf,https://weburn.kb.se/riks/metadata/32/21798032.html,1865
bg_1865-66_1__02,Om riksdagstrycket,borgare,1865,1865,https://weburn.kb.se/riks/ståndsriksdagen/xml/bg_1865-66_1_/bg_1865-66_1__02.xml,https://weburn.kb.se/riks/ståndsriksdagen/pdf/bg_1865-66_1_/bg_1865-66_1__02.pdf,https://weburn.kb.se/riks/metadata/32/21798032.html,1865
bn_1865-66_reg__01,Om riksdagstrycket,bonder,1865,1865,https://weburn.kb.se/riks/ståndsriksdagen/xml/bn_1865-66_reg_/bn_1865-66_reg__01.xml,https://weburn.kb.se/riks/ståndsriksdagen/pdf/bn_1865-66_reg_/bn_1865-66_reg__01.pdf,https://weburn.kb.se/riks/metadata/96/21798896.html,1865
bn_1865-66_reg__02,Om riksdagstrycket,bonder,1865,1865,https://weburn.kb.se/riks/ståndsriksdagen/xml/bn_1865-66_reg_/bn_1865-66_reg__02.xml,https://weburn.kb.se/riks/ståndsriksdagen/pdf/bn_1865-66_reg_/bn_1865-66_reg__02.pdf,https://weburn.kb.se/riks/metadata/96/21798896.html,1865
roa_1865-66_reg_,Om riksdagstrycket,adel,1865,1865,https://weburn.kb.se/riks/ståndsriksdagen/xml/roa_1865-66_reg_/roa_1865-66_reg_.xml,https://weburn.kb.se/riks/ståndsriksdagen/pdf/roa_1865-66_reg_/roa_1865-66_reg_.pdf,https://weburn.kb.se/riks/metadata/73/21799673.html,1865
pr_1865-66_reg_,Om riksdagstrycket,praster,1865,1865,https://weburn.kb.se/riks/ståndsriksdagen/xml/pr_1865-66_reg_/pr_1865-66_reg_.xml,https://weburn.kb.se/riks/ståndsriksdagen/pdf/pr_1865-66_reg_/pr_1865-66_reg_.pdf,https://weburn.kb.se/riks/metadata/62/21799162.html,1865
bg_1865-66_reg_,Om riksdagstrycket,borgare,1865,1865,https://weburn.kb.se/riks/ståndsriksdagen/xml/bg_1865-66_reg_/bg_1865-66_reg_.xml,https://weburn.kb.se/riks/ståndsriksdagen/pdf/bg_1865-66_reg_/bg_1865-66_reg_.pdf,https://weburn.kb.se/riks/metadata/40/21798040.html,1865
roa_1865-66_suppl_,Om riksdagstrycket,adel,1865,1865,https://weburn.kb.se/riks/ståndsriksdagen/xml/roa_1865-66_suppl_/roa_1865-66_suppl_.xml,https://weburn.kb.se/riks/ståndsriksdagen/pdf/roa_1865-66_suppl_/roa_1865-66_suppl_.pdf,https://weburn.kb.se/riks/metadata/74/21799674.html,1865
